T,Alt,Veloc,Filt_Alt,FVeloc,LDA,LowV,Apogee,N-O,Drogue,Main
0,4,80.00,0.80,16.00,0,0,0,0,0,0
50,36,640.00,7.84,140.80,0,0,0,0,0,0
100,8,-560.00,7.87,0.64,0,0,0,0,0,0
150,60,1040.00,18.30,208.51,0,0,0,0,0,0
200,36,-480.00,21.84,70.81,0,0,0,0,0,0
250,62,520.00,29.87,160.65,0,0,0,0,0,0
300,116,1080.00,47.10,344.52,0,0,0,0,0,0
350,112,-80.00,60.08,259.61,0,0,0,0,0,0
400,74,-760.00,62.86,55.69,0,0,0,0,0,0
450,118,880.00,73.89,220.55,0,0,0,0,0,0
500,132,280.00,85.51,232.44,0,0,0,0,0,0
550,104,-560.00,89.21,73.95,0,0,0,0,0,0
600,144,800.00,100.17,219.16,0,0,0,0,0,0
650,128,-320.00,105.73,111.33,0,0,0,0,0,0
700,214,1720.00,127.39,433.06,0,0,0,0,0,0
750,216,40.00,145.11,354.45,0,0,0,0,0,0
800,168,-960.00,149.69,91.56,0,0,0,0,0,0
850,212,880.00,162.15,249.25,0,0,0,0,0,0
900,180,-640.00,165.72,71.40,0,0,0,0,0,0
950,274,1880.00,187.38,433.12,0,0,0,0,0,0
1000,284,200.00,206.70,386.50,284,0,0,0,0,0
1050,292,160.00,223.76,341.20,0,0,0,0,0,0
1100,266,-520.00,232.21,168.96,0,0,0,0,0,0
1150,332,1320.00,252.17,399.17,0,0,0,0,0,0
1200,338,120.00,269.33,343.33,0,0,0,0,0,0
1250,376,760.00,290.67,426.67,0,0,0,0,0,0
1300,414,760.00,315.33,493.33,0,0,0,0,0,0
1350,400,-280.00,332.27,338.67,0,0,0,0,0,0
1400,434,680.00,352.61,406.93,0,0,0,0,0,0
1450,482,960.00,378.49,517.55,0,0,0,0,0,0
1500,504,440.00,403.59,502.04,0,0,0,0,0,0
1550,552,960.00,433.27,593.63,0,0,0,0,0,0
1600,534,-360.00,453.42,402.90,0,0,0,0,0,0
1650,580,920.00,478.74,506.32,0,0,0,0,0,0
1700,614,680.00,505.79,541.06,0,0,0,0,0,0
1750,586,-560.00,521.83,320.85,0,0,0,0,0,0
1800,644,1160.00,546.26,488.68,0,0,0,0,0,0
1850,636,-160.00,564.21,358.94,0,0,0,0,0,0
1900,662,520.00,583.77,391.15,0,0,0,0,0,0
1950,766,2080.00,620.22,728.92,0,0,0,0,0,0
2000,796,600.00,655.37,703.14,0,0,0,0,0,0
2050,808,240.00,685.90,610.51,0,0,0,0,0,0
2100,852,880.00,719.12,664.41,0,0,0,0,0,0
2150,912,1200.00,757.69,771.53,0,0,0,0,0,0
2200,966,1080.00,799.36,833.22,0,0,0,0,0,0
2250,936,-600.00,826.68,546.58,0,0,0,0,0,0
2300,994,1160.00,860.15,669.26,0,0,0,0,0,0
2350,1014,400.00,890.92,615.41,0,0,0,0,0,0
2400,1112,1960.00,935.13,884.33,0,0,0,0,0,0
2450,1172,1200.00,982.51,947.46,0,0,0,0,0,0
2500,1210,760.00,1028.01,909.97,0,0,0,0,0,0
2550,1220,200.00,1066.40,767.98,0,0,0,0,0,0
2600,1160,-1200.00,1085.12,374.38,0,0,0,0,0,0
2650,1202,840.00,1108.50,467.50,0,0,0,0,0,0
2700,1278,1520.00,1142.40,678.00,0,0,0,0,0,0
2750,1338,1200.00,1181.52,782.40,0,0,0,0,0,0
2800,1390,1040.00,1223.22,833.92,0,0,0,0,0,0
2850,1446,1120.00,1267.77,891.14,0,0,0,0,0,0
2900,1554,2160.00,1325.02,1144.91,0,0,0,0,0,0
2950,1578,480.00,1375.61,1011.93,0,0,0,0,0,0
3000,1648,1400.00,1430.09,1089.54,0,0,0,0,0,0
3050,1704,1120.00,1484.87,1095.63,0,0,0,0,0,0
3100,1764,1200.00,1540.70,1116.51,0,0,0,0,0,0
3150,1836,1440.00,1599.76,1181.21,0,0,0,0,0,0
3200,1872,720.00,1654.21,1088.96,0,0,0,0,0,0
3250,1946,1480.00,1712.57,1167.17,0,0,0,0,0,0
3300,2004,1160.00,1770.85,1165.74,0,0,0,0,0,0
3350,2050,920.00,1826.68,1116.59,0,0,0,0,0,0
3400,2116,1320.00,1884.55,1157.27,0,0,0,0,0,0
3450,2210,1880.00,1949.64,1301.82,0,0,0,0,0,0
3500,2236,520.00,2006.91,1145.45,0,0,0,0,0,0
3550,2296,1200.00,2064.73,1156.36,0,0,0,0,0,0
3600,2272,-480.00,2106.18,829.09,0,0,0,0,0,0
3650,2412,2800.00,2167.35,1223.27,0,0,0,0,0,0
3700,2456,880.00,2225.08,1154.62,0,0,0,0,0,0
3750,2558,2040.00,2291.66,1331.69,0,0,0,0,0,0
3800,2642,1680.00,2361.73,1401.36,0,0,0,0,0,0
3850,2692,1000.00,2427.78,1321.08,0,0,0,0,0,0
3900,2636,-1120.00,2469.43,832.87,0,0,0,0,0,0
3950,2708,1440.00,2517.14,954.29,0,0,0,0,0,0
4000,2716,160.00,2556.91,795.43,0,0,0,0,0,0
4050,2802,1720.00,2605.93,980.35,0,0,0,0,0,0
4100,2826,480.00,2649.94,880.28,0,0,0,0,0,0
4150,2868,840.00,2693.56,872.22,0,0,0,0,0,0
4200,2946,1560.00,2744.04,1009.78,0,0,0,0,0,0
4250,2986,800.00,2792.44,967.82,0,0,0,0,0,0
4300,3060,1480.00,2845.95,1070.26,0,0,0,0,0,0
4350,3086,520.00,2893.96,960.21,0,0,0,0,0,0
4400,3146,1200.00,2944.37,1008.16,0,0,0,0,0,0
4450,3190,880.00,2993.49,982.53,0,0,0,0,0,0
4500,3194,80.00,3033.59,802.03,0,0,0,0,0,0
4550,3272,1560.00,3081.28,953.62,0,0,0,0,0,0
4600,3272,0.00,3119.42,762.90,0,0,0,0,0,0
4650,3340,1360.00,3163.54,882.32,0,0,0,0,0,0
4700,3494,3080.00,3229.63,1321.86,0,0,0,0,0,0
4750,3484,-200.00,3280.50,1017.48,0,0,0,0,0,0
4800,3528,880.00,3330.00,989.99,0,0,0,0,0,0
4850,3608,1600.00,3385.60,1111.99,0,0,0,0,0,0
4900,3628,400.00,3434.08,969.59,0,0,0,0,0,0
4950,3682,1080.00,3483.67,991.67,0,0,0,0,0,0
5000,3748,1320.00,3536.53,1057.34,0,0,0,0,0,0
5050,3764,320.00,3582.03,909.87,0,0,0,0,0,0
5100,3882,2360.00,3642.02,1199.90,0,0,0,0,0,0
5150,3946,1280.00,3702.82,1215.92,0,0,0,0,0,0
5200,3926,-400.00,3747.45,892.73,0,0,0,0,0,0
5250,3974,960.00,3792.76,906.19,0,0,0,0,0,0
5300,4032,1160.00,3840.61,956.95,0,0,0,0,0,0
5350,4064,640.00,3885.29,893.56,0,0,0,0,0,0
5400,4108,880.00,3929.83,890.85,0,0,0,0,0,0
5450,4138,600.00,3971.46,832.68,0,0,0,0,0,0
5500,4190,1040.00,4015.17,874.14,0,0,0,0,0,0
5550,4198,160.00,4051.74,731.31,0,0,0,0,0,0
5600,4274,1520.00,4096.19,889.05,0,0,0,0,0,0
5650,3996,-5560.00,4076.15,-400.76,0,0,0,0,0,0
5700,4096,2000.00,4080.12,79.39,0,0,0,0,0,0
5750,4210,2280.00,4106.10,519.52,0,0,0,0,0,0
5800,4282,1440.00,4141.28,703.61,0,0,0,0,0,0
5850,4378,1920.00,4188.62,946.88,0,0,0,0,0,0
5900,4474,1920.00,4245.70,1141.51,0,0,0,0,0,0
5950,4502,560.00,4296.96,1025.21,0,0,0,0,0,0
6000,4566,1280.00,4350.77,1076.17,0,0,0,0,0,0
6050,4612,920.00,4403.01,1044.93,0,0,0,0,0,0
6100,4674,1240.00,4457.21,1083.95,0,0,0,0,0,0
6150,4676,40.00,4500.97,875.16,0,0,0,0,0,0
6200,4756,1600.00,4551.97,1020.13,0,0,0,0,0,0
6250,4770,280.00,4595.58,872.10,0,0,0,0,0,0
6300,4832,1240.00,4642.86,945.68,0,0,0,0,0,0
6350,4908,1520.00,4695.89,1060.55,0,0,0,0,0,0
6400,4914,120.00,4739.51,872.43,0,0,0,0,0,0
6450,4982,1360.00,4788.01,969.95,0,0,0,0,0,0
6500,5080,1960.00,4846.41,1167.96,0,0,0,0,0,0
6550,5100,400.00,4897.13,1014.37,0,0,0,0,0,0
6600,5076,-480.00,4932.90,715.50,0,0,0,0,0,0
6650,5178,2040.00,4981.92,980.39,0,0,0,0,0,0
6700,5224,920.00,5030.34,968.32,0,0,0,0,0,0
6750,5308,1680.00,5085.87,1110.65,0,0,0,0,0,0
6800,5290,-360.00,5126.70,816.52,0,0,0,0,0,0
6850,5390,2000.00,5179.36,1053.21,0,0,0,0,0,0
6900,5310,-1600.00,5205.49,522.58,0,0,0,0,0,0
6950,5350,800.00,5234.39,578.06,0,0,0,0,0,0
7000,5416,1320.00,5270.71,726.45,0,0,0,0,0,0
7050,5478,1240.00,5312.17,829.16,0,0,0,0,0,0
7100,5450,-560.00,5339.73,551.33,0,0,0,0,0,0
7150,5476,520.00,5366.99,545.06,0,0,0,0,0,0
7200,5500,480.00,5393.59,532.05,0,0,0,0,0,0
7250,5554,1080.00,5425.67,641.64,0,0,0,0,0,0
7300,5592,760.00,5458.94,665.31,0,0,0,0,0,0
7350,5652,1200.00,5497.55,772.25,0,0,0,0,0,0
7400,5654,40.00,5528.84,625.80,0,0,0,0,0,0
7450,5780,2520.00,5579.07,1004.64,0,0,0,0,0,0
7500,5806,520.00,5624.46,907.71,0,0,0,0,0,0
7550,5730,-1520.00,5645.57,422.17,0,0,0,0,0,0
7600,5854,2480.00,5687.25,833.73,0,0,0,0,0,0
7650,5906,1040.00,5731.00,874.99,0,0,0,0,0,0
7700,5896,-200.00,5764.00,659.99,0,0,0,0,0,0
7750,5934,760.00,5798.00,679.99,0,0,0,0,0,0
7800,6014,1600.00,5841.20,863.99,0,0,0,0,0,0
7850,5960,-1080.00,5864.96,475.20,0,0,0,0,0,0
7900,6092,2640.00,5910.37,908.15,0,0,0,0,0,0
7950,6114,440.00,5951.09,814.52,0,0,0,0,0,0
8000,6144,600.00,5989.68,771.62,0,0,0,0,0,0
8050,6136,-160.00,6018.94,585.29,0,0,0,0,0,0
8100,6220,1680.00,6059.15,804.24,0,0,0,0,0,0
8150,6260,800.00,6099.32,803.39,0,0,0,0,0,0
8200,6258,-40.00,6131.06,634.72,0,0,0,0,0,0
8250,6316,1160.00,6168.05,739.77,0,0,0,0,0,0
8300,6398,1640.00,6214.04,919.81,0,0,0,0,0,0
8350,6436,760.00,6258.43,887.85,0,0,0,0,0,0
8400,6488,1040.00,6304.34,918.28,0,0,0,0,0,0
8450,6428,-1200.00,6329.07,494.63,0,0,0,0,0,0
8500,6508,1600.00,6364.86,715.70,0,0,0,0,0,0
8550,6516,160.00,6395.09,604.56,0,0,0,0,0,0
8600,6532,320.00,6422.47,547.65,0,0,0,0,0,0
8650,6610,1560.00,6459.98,750.12,0,0,0,0,0,0
8700,6662,1040.00,6500.38,808.10,0,0,0,0,0,0
8750,6714,1040.00,6543.10,854.47,0,0,0,0,0,0
8800,6710,-80.00,6576.48,667.58,0,0,0,0,0,0
8850,6714,80.00,6603.99,550.07,0,0,0,0,0,0
8900,6770,1120.00,6637.19,664.05,0,0,0,0,0,0
8950,6800,600.00,6669.75,651.24,0,0,0,0,0,0
9000,6900,2000.00,6715.80,921.00,0,0,0,0,0,0
9050,6874,-520.00,6747.44,632.79,0,0,0,0,0,0
9100,6890,320.00,6775.95,570.23,0,0,0,0,0,0
9150,6798,-1840.00,6780.36,88.19,0,0,0,0,0,0
9200,6900,2040.00,6804.29,478.55,0,0,0,0,0,0
9250,6844,-1120.00,6812.23,158.84,0,0,0,0,0,0
9300,6996,3040.00,6848.99,735.07,0,0,0,0,0,0
9350,6950,-920.00,6869.19,404.06,0,0,0,0,0,0
9400,6948,-40.00,6884.95,315.24,0,0,0,0,0,0
9450,6994,920.00,6906.76,436.20,0,0,0,0,0,0
9500,7004,200.00,6926.21,388.96,0,0,0,0,0,0
9550,7066,1240.00,6954.17,559.17,0,0,0,0,0,0
9600,7054,-240.00,6974.13,399.34,0,0,0,0,0,0
9650,7066,240.00,6992.51,367.46,0,0,0,0,0,0
9700,7116,1000.00,7017.21,493.97,0,0,0,0,0,0
9750,7126,200.00,7038.96,435.18,0,0,0,0,0,0
9800,7168,840.00,7064.77,516.14,0,0,0,0,0,0
9850,7230,1240.00,7097.82,660.92,0,0,0,0,0,0
9900,7212,-360.00,7120.65,456.73,0,0,0,0,0,0
9950,7224,240.00,7141.32,413.39,0,0,0,0,0,0
10000,7226,40.00,7158.26,338.71,0,0,0,0,0,0
10050,7328,2040.00,7192.21,678.96,0,0,0,0,0,0
10100,7272,-1120.00,7208.17,319.17,0,0,0,0,0,0
10150,7352,1600.00,7236.93,575.34,0,0,0,0,0,0
10200,7362,200.00,7261.95,500.27,0,0,0,0,0,0
10250,7414,1040.00,7292.36,608.21,0,0,0,0,0,0
10300,7420,120.00,7317.89,510.58,0,0,0,0,0,0
10350,7480,1200.00,7350.31,648.46,0,0,0,0,0,0
10400,7514,680.00,7383.05,654.77,0,0,0,0,0,0
10450,7528,280.00,7412.04,579.81,0,0,0,0,0,0
10500,7574,920.00,7444.43,647.85,0,0,0,0,0,0
10550,7558,-320.00,7467.14,454.28,0,0,0,0,0,0
10600,7588,600.00,7491.32,483.43,0,0,0,0,0,0
10650,7616,560.00,7516.25,498.74,0,0,0,0,0,0
10700,7588,-560.00,7530.60,286.99,0,0,0,0,0,0
10750,7650,1240.00,7554.48,477.59,0,0,0,0,0,0
10800,7664,280.00,7576.39,438.08,0,0,0,0,0,0
10850,7726,1240.00,7606.31,598.46,0,0,0,0,0,0
10900,7798,1440.00,7644.65,766.77,0,0,0,0,0,0
10950,7754,-880.00,7666.52,437.41,0,0,0,0,0,0
11000,7744,-200.00,7682.01,309.93,0,0,0,0,0,0
11050,7828,1680.00,7711.21,583.95,0,0,0,0,0,0
11100,7836,160.00,7736.17,499.16,0,0,0,0,0,0
11150,7888,1040.00,7766.54,607.32,0,0,0,0,0,0
11200,7872,-320.00,7787.63,421.86,0,0,0,0,0,0
11250,7858,-280.00,7801.70,281.48,0,0,0,0,0,0
11300,7922,1280.00,7825.76,481.19,0,0,0,0,0,0
11350,7940,360.00,7848.61,456.95,0,0,0,0,0,0
11400,7950,200.00,7868.89,405.57,0,0,0,0,0,0
11450,8006,1120.00,7896.31,548.45,0,0,0,0,0,0
11500,8080,1480.00,7933.05,734.76,0,0,0,0,0,0
11550,8096,320.00,7965.64,651.81,0,0,0,0,0,0
11600,8126,600.00,7997.71,641.45,0,0,0,0,0,0
11650,8138,240.00,8025.77,561.16,0,0,0,0,0,0
11700,8134,-80.00,8047.41,432.93,0,0,0,0,0,0
11750,8240,2120.00,8085.93,770.34,0,0,0,0,0,0
11800,8232,-160.00,8115.15,584.27,0,0,0,0,0,0
11850,8276,880.00,8147.32,643.42,0,0,0,0,0,0
11900,8210,-1320.00,8159.85,250.73,0,0,0,0,0,0
11950,8266,1120.00,8181.08,424.59,0,0,0,0,0,0
12000,8332,1320.00,8211.27,603.66,0,0,0,0,0,0
12050,8240,-1840.00,8217.01,114.94,0,0,0,0,0,0
12100,8360,2400.00,8245.61,571.95,0,0,0,0,0,0
12150,8226,-2680.00,8241.69,-78.44,0,0,0,0,0,0
12200,8306,1600.00,8254.55,257.25,0,0,0,0,0,0
12250,8292,-280.00,8262.04,149.80,0,0,0,0,0,0
12300,8274,-360.00,8264.43,47.83,0,0,0,0,0,0
12350,8328,1080.00,8277.15,254.28,0,0,0,0,0,0
12400,8342,280.00,8290.12,259.41,0,0,0,0,0,0
12450,8374,640.00,8306.89,335.53,0,0,0,0,0,0
12500,8384,200.00,8322.31,308.42,0,0,0,0,0,0
12550,8430,920.00,8343.85,430.74,0,0,0,0,0,0
12600,8466,720.00,8368.28,488.59,0,0,0,0,0,0
12650,8460,-120.00,8386.62,366.88,0,0,0,0,0,0
12700,8474,280.00,8404.10,349.49,0,0,0,0,0,0
12750,8472,-40.00,8417.68,271.60,0,0,0,0,0,0
12800,8466,-120.00,8427.34,193.28,0,0,0,0,0,0
12850,8532,1320.00,8448.28,418.63,0,0,0,0,0,0
12900,8552,400.00,8469.02,414.90,0,0,0,0,0,0
12950,8578,520.00,8490.82,435.92,0,0,0,0,0,0
13000,8566,-240.00,8505.85,300.74,0,0,0,0,0,0
13050,8564,-40.00,8517.48,232.58,0,0,0,0,0,0
13100,8592,560.00,8532.39,298.07,0,0,0,0,0,0
13150,8610,360.00,8547.91,310.45,0,0,0,0,0,0
13200,8614,80.00,8561.13,264.38,0,0,0,0,0,0
13250,8652,760.00,8579.30,363.50,0,0,0,0,0,0
13300,8700,960.00,8603.44,482.79,0,0,0,0,0,0
13350,8616,-1680.00,8605.95,50.23,0,0,0,0,0,0
13400,8726,2200.00,8629.96,480.20,0,0,0,0,0,0
13450,8680,-920.00,8639.97,200.16,0,0,0,0,0,0
13500,8750,1400.00,8661.98,440.12,0,0,0,0,0,0
13550,8732,-360.00,8675.98,280.10,0,0,0,0,0,0
13600,8750,360.00,8690.79,296.07,0,0,0,0,0,0
13650,8762,240.00,8705.03,284.86,0,0,0,0,0,0
13700,8784,440.00,8720.82,315.88,0,0,0,0,0,0
13750,8800,320.00,8736.66,316.72,0,0,0,0,0,0
13800,8822,440.00,8753.73,341.37,0,0,0,0,0,0
13850,8838,320.00,8770.58,337.09,0,0,0,0,0,0
13900,8816,-440.00,8779.66,181.68,0,0,0,0,0,0
13950,8860,880.00,8795.73,321.35,0,0,0,0,0,0
14000,8920,1200.00,8820.59,497.07,0,0,0,0,0,0
14050,8840,-1600.00,8824.47,77.66,0,0,0,0,0,0
14100,8886,920.00,8836.78,246.13,0,0,0,0,0,0
14150,8946,1200.00,8858.62,436.89,0,0,0,0,0,0
14200,8944,-40.00,8875.70,341.52,0,0,0,0,0,0
14250,8968,480.00,8894.16,369.22,0,0,0,0,0,0
14300,8954,-280.00,8906.13,239.38,0,0,0,0,0,0
14350,8984,600.00,8921.70,311.50,0,0,0,0,0,0
14400,8966,-360.00,8930.56,177.19,0,0,0,0,0,0
14450,9006,800.00,8945.65,301.76,0,0,0,0,0,0
14500,9026,400.00,8961.72,321.41,0,0,0,0,0,0
14550,9014,-240.00,8972.17,209.12,0,0,0,0,0,0
14600,9064,1000.00,8990.54,367.30,0,0,0,0,0,0
14650,9076,240.00,9007.63,341.84,0,0,0,0,0,0
14700,9062,-280.00,9018.51,217.48,0,0,0,0,0,0
14750,9100,760.00,9034.80,325.98,0,0,0,0,0,0
14800,9064,-720.00,9040.64,116.78,0,0,0,0,0,0
14850,9082,360.00,9048.91,165.43,0,0,0,0,0,0
14900,9102,400.00,9059.53,212.34,0,0,0,0,0,0
14950,9124,440.00,9072.43,257.87,0,0,0,0,0,0
15000,9160,720.00,9089.94,350.29,0,0,0,0,0,0
15050,9190,600.00,9109.95,400.23,0,0,0,0,0,0
15100,9196,120.00,9127.16,344.20,0,0,0,0,0,0
15150,9194,-40.00,9140.53,267.34,0,0,0,0,0,0
15200,9194,0.00,9151.22,213.89,0,0,0,0,0,0
15250,9222,560.00,9165.38,283.11,0,0,0,0,0,0
15300,9252,600.00,9182.70,346.48,0,0,0,0,0,0
15350,9292,800.00,9204.56,437.19,0,0,0,0,0,0
15400,9288,-80.00,9221.25,333.75,0,0,0,0,0,0
15450,9352,1280.00,9247.40,523.01,0,0,0,0,0,0
15500,9322,-600.00,9262.32,298.40,0,0,0,0,0,0
15550,9304,-360.00,9270.66,166.72,0,0,0,0,0,0
15600,9354,1000.00,9287.33,333.38,0,0,0,0,0,0
15650,9384,600.00,9306.66,386.70,0,0,0,0,0,0
15700,9392,160.00,9323.73,341.37,0,0,0,0,0,0
15750,9400,160.00,9338.98,305.08,0,0,0,0,0,0
15800,9386,-280.00,9348.39,188.07,0,0,0,0,0,0
15850,9454,1360.00,9369.51,422.46,0,0,0,0,0,0
15900,9382,-1440.00,9372.01,49.96,0,0,0,0,0,0
15950,9470,1760.00,9391.61,391.97,0,0,0,0,0,0
16000,9386,-1680.00,9390.48,-22.42,0,0,0,0,0,0
16050,9428,840.00,9397.99,150.06,0,0,0,0,0,0
16100,9494,1320.00,9417.19,384.04,0,0,0,0,0,0
16150,9528,680.00,9439.35,443.24,0,0,0,0,0,0
16200,9486,-840.00,9448.68,186.60,0,0,0,0,0,0
16250,9482,-80.00,9455.35,133.28,0,0,0,0,0,0
16300,9472,-200.00,9458.68,66.62,0,0,0,0,0,0
16350,9544,1440.00,9475.74,341.29,0,0,0,0,0,0
16400,9544,0.00,9489.39,273.03,0,0,0,0,0,0
16450,9638,1880.00,9519.11,594.43,0,0,0,0,0,0
16500,9562,-1520.00,9527.69,171.54,0,0,0,0,0,0
16550,9502,-1200.00,9522.55,-102.77,0,0,0,0,0,0
16600,9500,-40.00,9518.04,-90.21,0,0,0,0,0,0
16650,9486,-280.00,9511.63,-128.16,0,0,0,0,0,0
16700,9490,80.00,9507.31,-86.54,0,0,0,0,0,0
16750,9508,360.00,9507.45,2.77,0,0,0,0,0,0
16800,9476,-640.00,9501.16,-125.78,0,0,0,0,0,0
16850,9538,1240.00,9508.53,147.38,0,0,0,0,0,0
16900,9510,-560.00,9508.82,5.90,0,0,0,0,0,0
16950,9532,440.00,9513.46,92.71,0,0,0,0,0,0
17000,9568,720.00,9524.37,218.18,0,0,0,0,0,0
17050,9576,160.00,9534.69,206.54,0,0,0,0,0,0
17100,9610,680.00,9549.75,301.23,0,0,0,0,0,0
17150,9642,640.00,9568.20,368.98,0,0,0,0,0,0
17200,9626,-320.00,9579.76,231.19,0,0,0,0,0,0
17250,9586,-800.00,9581.01,24.94,0,0,0,0,0,0
17300,9678,1840.00,9600.41,387.97,0,0,0,0,0,0
17350,9618,-1200.00,9603.93,70.37,0,0,0,0,0,0
17400,9686,1360.00,9620.34,328.30,0,0,0,0,0,0
17450,9628,-1160.00,9621.87,30.62,0,0,0,0,0,0
17500,9670,840.00,9631.50,192.50,0,0,0,0,0,0
17550,9608,-1240.00,9626.80,-93.98,0,0,0,0,0,0
17600,9666,1160.00,9634.64,156.80,0,0,0,0,0,0
17650,9634,-640.00,9634.51,-2.56,0,0,0,0,0,0
17700,9690,1120.00,9645.61,221.95,0,0,0,0,0,0
17750,9684,-120.00,9653.29,153.57,0,0,0,0,0,0
17800,9718,680.00,9666.23,258.85,0,0,0,0,0,0
17850,9744,520.00,9681.78,311.07,0,0,0,0,0,0
17900,9678,-1320.00,9681.03,-15.14,0,0,0,0,0,0
17950,9748,1400.00,9694.42,267.89,0,0,0,0,0,0
18000,9704,-880.00,9696.34,38.32,0,0,0,0,0,0
18050,9780,1520.00,9713.07,334.65,0,0,0,0,0,0
18100,9782,40.00,9726.86,275.72,0,0,0,0,0,0
18150,9748,-680.00,9731.08,84.57,0,0,0,0,0,0
18200,9712,-720.00,9727.27,-76.33,0,0,0,0,0,0
18250,9796,1680.00,9741.01,274.92,0,0,0,0,0,0
18300,9782,-280.00,9749.21,163.95,0,0,0,0,0,0
18350,9784,40.00,9756.17,139.16,0,0,0,0,0,0
18400,9786,40.00,9762.13,119.32,0,0,0,0,0,0
18450,9784,-40.00,9766.51,87.46,0,0,0,0,0,0
18500,9778,-120.00,9768.81,45.98,0,0,0,0,0,0
18550,9762,-320.00,9767.45,-27.23,0,0,0,0,0,0
18600,9834,1440.00,9780.76,266.21,0,0,0,0,0,0
18650,9860,520.00,9796.60,316.97,0,0,0,0,0,0
18700,9786,-1480.00,9794.48,-42.42,0,0,0,0,0,0
18750,9808,440.00,9797.19,54.06,0,0,0,0,0,0
18800,9820,240.00,9801.75,91.25,0,0,0,0,0,0
18850,9852,640.00,9811.80,201.00,0,0,0,0,0,0
18900,9872,400.00,9823.84,240.80,0,0,0,0,0,0
18950,9812,-1200.00,9821.47,-47.36,0,0,0,0,0,0
19000,9868,1120.00,9830.78,186.11,0,0,0,0,0,0
19050,9826,-840.00,9829.82,-19.10,0,0,0,0,0,0
19100,9850,480.00,9833.86,80.72,0,0,0,0,0,0
19150,9912,1240.00,9849.49,312.58,0,0,0,0,0,0
19200,9886,-520.00,9856.79,146.05,0,0,0,0,0,0
19250,9854,-640.00,9856.23,-11.15,0,0,0,0,0,0
19300,9884,600.00,9861.79,111.07,0,0,0,0,0,0
19350,9890,120.00,9867.43,112.85,0,0,0,0,0,0
19400,9876,-280.00,9869.14,34.30,0,0,0,0,0,0
19450,9910,680.00,9877.31,163.44,0,0,0,0,0,0
19500,9854,-1120.00,9872.65,-93.26,0,0,0,0,0,0
19550,9918,1280.00,9881.72,181.39,0,0,0,0,0,0
19600,9894,-480.00,9884.18,49.12,0,0,0,0,0,0
19650,9892,-40.00,9885.74,31.29,0,0,0,0,0,0
19700,9892,0.00,9886.99,25.04,0,0,0,0,0,0
19750,9918,520.00,9893.19,124.02,0,0,0,0,0,0
19800,9942,480.00,9902.95,195.21,0,0,0,0,0,0
19850,9904,-760.00,9903.16,4.18,0,0,0,0,0,0
19900,9918,280.00,9906.13,59.34,0,0,0,0,0,0
19950,9922,80.00,9909.30,63.48,0,0,0,0,0,0
20000,9918,-80.00,9911.04,34.79,0,0,0,0,0,0
20050,9926,160.00,9914.04,59.82,0,0,0,0,0,0
20100,9938,240.00,9918.83,95.86,0,0,0,0,0,0
20150,9992,1080.00,9933.46,292.70,0,0,0,0,0,0
20200,9938,-1080.00,9934.37,18.14,0,0,0,0,0,0
20250,9902,-720.00,9927.90,-129.47,0,0,0,0,0,0
20300,9992,1800.00,9940.72,256.41,0,0,0,0,0,0
20350,9978,-280.00,9948.17,149.14,0,0,0,0,0,0
20400,9918,-1200.00,9942.14,-120.70,0,0,0,0,0,0
20450,9998,1600.00,9953.31,223.44,0,0,0,0,0,0
20500,9936,-1240.00,9949.85,-69.24,0,0,0,0,0,0
20550,9938,40.00,9947.48,-47.40,0,0,0,0,0,0
20600,9938,0.00,9945.58,-37.91,0,0,0,0,0,0
20650,9996,1160.00,9955.67,201.66,0,0,0,0,0,0
20700,9916,-1600.00,9947.73,-158.67,0,0,0,0,0,0
20750,9992,1520.00,9956.59,177.07,0,0,0,0,0,0
20800,9946,-920.00,9954.47,-42.34,0,0,0,0,0,0
20850,9946,0.00,9952.78,-33.87,0,0,0,0,0,0
20900,9982,720.00,9958.62,116.89,0,0,0,0,0,0
20950,9878,-2080.00,9942.50,-322.48,0,0,0,0,0,0
21000,10014,2720.00,9956.80,286.02,0,0,0,0,0,0
21050,10004,-200.00,9966.24,188.81,0,0,0,0,0,0
21100,10090,1720.00,9990.99,495.06,0,0,0,0,0,0
21150,9960,-2600.00,9984.79,-123.96,0,0,0,0,0,0
21200,10040,1600.00,9995.83,220.84,0,0,0,0,0,0
21250,9986,-1080.00,9993.87,-39.34,0,0,0,0,0,0
21300,10002,320.00,9995.49,32.54,0,0,0,0,0,0
21350,9990,-240.00,9994.40,-21.97,0,0,0,0,0,0
21400,9954,-720.00,9986.32,-161.58,0,0,0,0,0,0
21450,10026,1440.00,9994.25,158.73,0,0,0,0,0,0
21500,9958,-1360.00,9987.00,-145.02,0,0,0,0,0,0
21550,9952,-120.00,9980.00,-140.00,0,0,0,0,0,0
21600,10000,960.00,9984.00,80.00,0,0,0,0,0,0
21650,9984,-320.00,9984.00,0.00,0,0,0,0,0,0
21700,10004,400.00,9988.00,80.00,0,0,0,0,0,0
21750,9998,-120.00,9990.00,40.00,0,0,0,0,0,0
21800,9964,-680.00,9984.80,-104.00,0,0,0,0,0,0
21850,9962,-40.00,9980.24,-91.21,0,0,0,0,0,0
21900,9960,-40.00,9976.19,-80.96,0,0,0,0,0,0
21950,9956,-80.00,9972.15,-80.78,0,0,0,0,0,0
22000,10008,1040.00,9979.32,143.38,0,0,0,0,0,0
22050,9984,-480.00,9980.26,18.71,0,0,0,0,0,0
22100,10010,520.00,9986.21,118.96,0,0,0,0,0,0
22150,9978,-640.00,9984.57,-32.83,0,0,0,0,0,0
22200,9932,-920.00,9974.05,-210.25,0,0,0,0,0,0
22250,9958,520.00,9970.84,-64.22,0,0,0,0,0,0
22300,9970,240.00,9970.67,-3.36,0,0,0,0,0,0
22350,9974,80.00,9971.34,13.30,0,0,0,0,0,0
22400,10024,1000.00,9981.87,210.64,0,0,0,0,0,0
22450,10042,360.00,9993.90,240.51,0,0,0,0,0,0
22500,9954,-1760.00,9985.92,-159.59,0,0,0,0,0,0
22550,9964,200.00,9981.53,-87.68,0,0,0,0,0,0
22600,9974,200.00,9980.03,-30.14,0,0,0,0,0,0
22650,9982,160.00,9980.42,7.89,0,0,0,0,0,0
22700,10010,560.00,9986.34,118.32,0,0,0,0,0,0
22750,9980,-600.00,9985.07,-25.35,0,0,0,0,0,0
22800,9986,120.00,9985.26,3.73,0,0,0,0,0,0
22850,10084,1960.00,10005.00,394.98,0,0,0,0,0,0
22900,10004,-1600.00,10004.80,-4.02,0,0,0,0,0,0
22950,10024,400.00,10008.64,76.78,0,0,0,0,0,0
23000,10052,560.00,10017.31,173.44,0,0,0,0,0,0
23050,10074,440.00,10028.65,226.74,0,0,0,0,0,0
23100,10068,-120.00,10036.52,157.40,0,0,0,0,0,0
23150,10094,520.00,10048.02,229.92,0,0,10094,0,0,0
23200,10026,-1360.00,10043.61,-88.07,0,0,0,0,0,0
23250,9994,-640.00,10033.69,-198.46,0,0,0,0,0,0
23300,9952,-840.00,10017.35,-326.76,0,0,0,0,0,0
23350,9982,600.00,10010.28,-141.41,0,0,0,0,0,0
23400,10048,1320.00,10017.83,150.86,0,0,0,0,0,0
23450,10004,-880.00,10015.06,-55.31,0,0,0,0,0,0
23500,10052,960.00,10022.45,147.75,0,0,0,0,0,0
23550,10012,-800.00,10020.36,-41.80,0,0,0,0,0,0
23600,10078,1320.00,10031.89,230.57,0,0,0,0,0,0
23650,10022,-1120.00,10029.91,-39.55,0,0,0,0,0,0
23700,9944,-1560.00,10012.73,-343.63,0,0,0,0,0,0
23750,10022,1560.00,10014.58,37.09,0,0,0,0,0,0
23800,10022,0.00,10016.07,29.67,0,0,0,0,0,0
23850,10016,-120.00,10016.05,-0.25,0,0,0,0,0,0
23900,9962,-1080.00,10005.24,-216.21,0,0,0,0,0,0
23950,10016,1080.00,10007.39,43.03,0,0,0,0,0,0
24000,10010,-120.00,10007.91,10.43,0,0,0,0,0,0
24050,9978,-640.00,10001.93,-119.67,0,0,0,0,0,0
24100,9942,-720.00,9989.95,-239.73,0,0,0,0,0,0
24150,9954,240.00,9982.76,-143.79,0,0,0,0,0,0
24200,9930,-480.00,9972.20,-211.02,0,0,0,0,0,0
24250,9916,-280.00,9960.96,-224.82,0,0,0,0,0,0
24300,10002,1720.00,9969.17,164.14,0,0,0,0,0,0
24350,9984,-360.00,9972.14,59.32,0,0,0,0,0,0
24400,10002,360.00,9978.11,119.45,0,0,0,0,0,0
24450,9960,-840.00,9974.49,-72.44,0,0,0,0,0,0
24500,9958,-40.00,9971.19,-65.96,0,0,0,0,0,0
24550,9956,-40.00,9968.15,-60.76,0,0,0,0,0,0
24600,9982,520.00,9970.92,55.39,0,0,0,0,0,0
24650,9954,-560.00,9967.54,-67.68,0,0,0,0,0,0
24700,9932,-440.00,9960.43,-142.15,0,0,0,0,0,0
24750,9954,440.00,9959.14,-25.72,0,0,0,0,0,0
24800,9920,-680.00,9951.31,-156.58,0,0,0,0,0,0
24850,9916,-80.00,9944.25,-141.25,0,0,0,0,0,0
24900,9902,-280.00,9935.80,-169.00,0,0,0,0,0,0
24950,9932,600.00,9935.04,-15.21,0,0,0,0,0,0
25000,9938,120.00,9935.63,11.84,0,0,0,0,0,0
25050,9904,-680.00,9929.31,-126.52,0,0,0,0,0,0
25100,9906,40.00,9924.65,-93.22,0,0,0,0,0,0
25150,9904,-40.00,9920.52,-82.58,0,0,0,0,0,0
25200,9938,680.00,9924.01,69.94,0,0,0,0,0,0
25250,9876,-1240.00,9914.41,-192.05,0,0,0,0,0,0
25300,9912,720.00,9913.93,-9.65,0,0,0,0,0,0
25350,9900,-240.00,9911.14,-55.72,0,0,0,0,0,0
25400,9860,-800.00,9900.91,-204.57,0,0,0,0,0,0
25450,9868,160.00,9894.33,-131.66,0,0,0,0,0,0
25500,9830,-760.00,9881.46,-257.32,0,0,0,0,0,0
25550,9850,400.00,9875.17,-125.86,0,0,0,0,0,0
25600,9870,400.00,9874.14,-20.68,0,0,0,0,0,0
25650,9842,-560.00,9867.71,-128.55,0,0,0,0,0,0
25700,9812,-600.00,9856.57,-222.83,0,0,0,0,0,0
25750,9882,1400.00,9861.65,101.72,0,0,0,0,0,0
25800,9784,-1960.00,9846.12,-310.63,0,0,0,0,0,0
25850,9858,1480.00,9848.50,47.50,0,0,0,0,0,0
25900,9808,-1000.00,9840.40,-161.99,0,0,0,0,0,0
25950,9924,2320.00,9857.12,334.41,0,0,0,0,0,0
26000,9856,-1360.00,9856.90,-4.47,0,0,0,0,0,0
26050,9838,-360.00,9853.12,-75.59,0,0,0,0,0,0
26100,9930,1840.00,9868.49,307.54,0,0,0,0,0,0
26150,9794,-2720.00,9853.59,-297.97,0,0,0,0,0,0
26200,9790,-80.00,9840.88,-254.38,0,0,0,0,0,0
26250,9818,560.00,9836.30,-91.50,0,0,0,0,0,0
26300,9866,960.00,9842.24,118.79,0,0,0,0,0,0
26350,9754,-2240.00,9824.59,-352.97,0,0,0,0,0,0
26400,9838,1680.00,9827.27,53.63,0,0,0,0,0,0
26450,9776,-1240.00,9817.02,-205.10,0,0,0,0,0,0
26500,9734,-840.00,9800.41,-332.07,0,0,0,0,0,0
26550,9790,1120.00,9798.33,-41.66,0,0,0,0,0,0
26600,9760,-600.00,9790.67,-153.32,0,0,0,0,0,0
26650,9768,160.00,9786.13,-90.66,0,0,0,0,0,0
26700,9778,200.00,9784.51,-32.54,0,0,0,0,0,0
26750,9770,-160.00,9781.60,-58.03,0,0,0,0,0,0
26800,9772,40.00,9779.68,-38.42,0,0,0,0,0,0
26850,9744,-560.00,9772.55,-142.73,0,0,0,0,0,0
26900,9738,-120.00,9765.64,-138.18,0,0,0,0,0,0
26950,9710,-560.00,9754.51,-222.56,0,0,0,0,0,0
27000,9750,800.00,9753.61,-18.05,0,0,0,0,0,0
27050,9770,400.00,9756.89,65.57,0,0,0,0,0,0
27100,9770,0.00,9759.51,52.46,0,0,0,0,0,0
27150,9858,1760.00,9779.21,393.96,0,0,0,0,0,0
27200,9858,0.00,9794.97,315.18,0,0,0,0,0,0
27250,9782,-1520.00,9792.37,-51.86,0,0,0,0,0,0
27300,9652,-2600.00,9764.30,-561.48,0,0,0,0,0,0
27350,9654,40.00,9742.24,-441.19,0,0,0,0,0,0
27400,9160,-9880.00,9625.79,-2328.96,0,0,0,0,0,0
27450,9736,11520.00,9647.83,440.84,0,0,0,0,0,0
27500,9728,-160.00,9663.87,320.66,0,0,0,0,0,0
27550,9720,-160.00,9675.09,224.53,0,0,0,0,0,0
27600,9694,-520.00,9678.87,75.62,0,0,0,0,0,0
27650,9752,1160.00,9693.50,292.50,0,0,0,0,0,0
27700,9700,-1040.00,9694.80,26.00,0,0,0,0,0,0
27750,9748,960.00,9705.44,212.81,0,0,0,0,0,0
27800,9718,-600.00,9707.95,50.23,0,0,0,0,0,0
27850,9712,-120.00,9708.76,16.19,0,0,0,0,0,0
27900,9650,-1240.00,9697.01,-235.04,0,0,0,0,0,0
27950,9680,600.00,9693.61,-68.03,0,0,0,0,0,0
28000,9708,560.00,9696.49,57.58,0,0,0,0,0,0
28050,9638,-1400.00,9684.79,-233.95,0,0,0,0,0,0
28100,9684,920.00,9684.63,-3.16,0,0,0,0,0,0
28150,9672,-240.00,9682.10,-50.53,0,0,0,0,0,0
28200,9654,-360.00,9676.48,-112.42,0,0,0,0,0,0
28250,9654,0.00,9671.99,-89.94,0,0,0,0,0,0
28300,9590,-1280.00,9655.59,-327.95,0,0,0,0,0,0
28350,9672,1640.00,9658.87,65.64,0,0,0,0,0,0
28400,9616,-1120.00,9650.30,-171.48,0,0,0,0,0,0
28450,9648,640.00,9649.84,-9.18,0,0,0,0,0,0
28500,9638,-200.00,9647.47,-47.34,0,0,0,0,0,0
28550,9610,-560.00,9639.98,-149.88,0,0,0,0,0,0
28600,9602,-160.00,9632.38,-151.91,0,0,0,0,0,0
28650,9608,120.00,9627.50,-97.52,0,0,0,0,0,0
28700,9586,-440.00,9619.20,-166.02,0,0,0,0,0,0
28750,9596,200.00,9614.56,-92.81,0,0,0,0,0,0
28800,9618,440.00,9615.25,13.75,0,0,0,0,0,0
28850,9574,-880.00,9607.00,-165.00,0,0,0,0,0,0
28900,9564,-200.00,9598.40,-172.01,0,0,0,0,0,0
28950,9582,360.00,9595.12,-65.61,0,0,0,0,0,0
29000,9580,-40.00,9592.10,-60.49,0,0,0,0,0,0
29050,9642,1240.00,9602.08,199.61,0,0,0,0,0,0
29100,9612,-600.00,9604.06,39.69,0,0,0,0,0,0
29150,9640,560.00,9611.25,143.75,0,0,0,0,0,0
29200,9600,-800.00,9609.00,-45.00,0,0,0,0,0,0
29250,9602,40.00,9607.60,-27.99,0,0,0,0,0,0
29300,9606,80.00,9607.28,-6.39,0,0,0,0,0,0
29350,9536,-1400.00,9593.02,-285.12,0,0,0,0,0,0
29400,9468,-1360.00,9568.02,-500.10,0,0,0,0,0,0
29450,9516,960.00,9557.62,-208.07,0,0,0,0,0,0
29500,9512,-80.00,9548.49,-182.46,0,0,0,0,0,0
29550,9554,840.00,9549.59,22.03,0,0,0,0,0,0
29600,9522,-640.00,9544.08,-110.37,0,0,0,0,0,0
29650,9546,480.00,9544.46,7.70,0,0,0,0,0,0
29700,9508,-760.00,9537.17,-145.84,0,0,0,0,0,0
29750,9516,160.00,9532.93,-84.67,0,0,0,0,0,0
29800,9546,600.00,9535.55,52.27,0,0,0,0,0,0
29850,9586,800.00,9545.64,201.82,0,0,0,0,0,0
29900,9558,-560.00,9548.11,49.45,0,0,0,0,0,0
29950,9520,-760.00,9542.49,-112.44,0,0,0,0,0,0
30000,9508,-240.00,9535.59,-137.95,0,0,0,0,0,0
30050,9522,280.00,9532.87,-54.38,0,0,0,0,0,0
30100,9490,-640.00,9524.30,-171.48,0,0,0,0,0,0
30150,9490,0.00,9517.44,-137.19,0,0,0,0,0,0
30200,9484,-120.00,9510.75,-133.75,0,0,0,0,0,0
30250,9476,-160.00,9503.80,-139.00,0,0,0,0,0,0
30300,9456,-400.00,9494.24,-191.21,0,0,0,0,0,0
30350,9496,800.00,9494.59,7.03,0,0,0,0,0,0
30400,9494,-40.00,9494.47,-2.36,0,0,0,0,0,0
30450,9474,-400.00,9490.38,-81.89,0,0,0,0,0,0
30500,9496,440.00,9491.50,22.48,0,0,0,0,0,0
30550,9480,-320.00,9489.20,-46.02,0,0,0,0,0,0
30600,9454,-520.00,9482.16,-140.82,0,0,0,0,0,0
30650,9402,-1040.00,9466.13,-320.64,0,0,0,0,0,0
30700,9380,-440.00,9448.90,-344.51,0,0,0,0,0,0
30750,9412,640.00,9441.52,-147.62,0,0,0,0,0,0
30800,9424,240.00,9438.02,-70.10,0,0,0,0,0,0
30850,9430,120.00,9436.41,-32.07,0,0,0,0,0,0
30900,9362,-1360.00,9421.53,-297.66,0,0,0,0,0,0
30950,9370,160.00,9411.23,-206.13,0,0,0,0,0,0
31000,9336,-680.00,9396.18,-300.90,0,0,0,0,0,0
31050,9420,1680.00,9400.94,95.27,0,0,0,0,0,0
31100,9348,-1440.00,9390.36,-211.78,0,0,0,0,0,0
31150,9388,800.00,9389.88,-9.41,0,0,0,0,0,0
31200,9384,-80.00,9388.71,-23.54,0,0,0,0,0,0
31250,9322,-1240.00,9375.37,-266.84,0,0,0,0,0,0
31300,9358,720.00,9371.89,-69.47,0,0,0,0,0,0
31350,9322,-720.00,9361.91,-199.57,0,0,0,0,0,0
31400,9348,520.00,9359.13,-55.66,0,0,0,0,0,0
31450,9370,440.00,9361.30,43.48,0,0,0,0,0,0
31500,9330,-800.00,9355.04,-125.21,0,0,0,0,0,0
31550,9312,-360.00,9346.44,-172.17,0,0,0,0,0,0
31600,9342,600.00,9345.55,-17.73,0,0,0,0,0,0
31650,9382,800.00,9352.84,145.80,0,0,0,0,0,0
31700,9428,920.00,9367.87,300.64,0,0,0,0,0,0
31750,9336,-1840.00,9361.50,-127.48,0,0,0,0,0,0
31800,9382,920.00,9365.60,82.01,0,0,0,0,0,0
31850,9276,-2120.00,9347.68,-358.40,0,0,0,0,0,0
31900,9264,-240.00,9330.94,-334.71,0,0,0,0,0,0
31950,9228,-720.00,9310.35,-411.78,0,0,0,0,0,0
32000,9186,-840.00,9285.48,-497.42,0,0,0,0,0,0
32050,9140,-920.00,9256.39,-581.93,0,0,0,0,0,0
32100,9132,-160.00,9231.51,-497.54,0,0,0,0,0,0
32150,9170,760.00,9219.21,-246.04,0,0,0,0,0,0
32200,9180,200.00,9211.37,-156.84,0,0,0,0,0,0
32250,9186,120.00,9206.29,-101.46,0,0,0,0,0,0
32300,9306,2400.00,9226.23,398.83,0,0,0,0,0,0
32350,9284,-440.00,9237.79,231.07,0,0,0,0,0,0
32400,9316,640.00,9253.43,312.85,0,0,0,0,0,0
32450,9280,-720.00,9258.74,106.29,0,0,0,0,0,0
32500,9330,1000.00,9273.00,285.02,0,0,0,0,0,0
32550,9304,-520.00,9279.20,124.02,0,0,0,0,0,0
32600,9270,-680.00,9277.36,-36.78,0,0,0,0,0,0
32650,9326,1120.00,9287.09,194.57,0,0,0,0,0,0
32700,9202,-2480.00,9270.07,-340.35,0,0,0,0,0,0
32750,9280,1560.00,9272.05,39.73,0,0,0,0,0,0
32800,9238,-840.00,9265.24,-136.21,0,0,0,0,0,0
32850,9294,1120.00,9271.00,115.02,0,0,0,0,0,0
32900,9190,-2080.00,9254.80,-323.98,0,0,0,0,0,0
32950,9138,-1040.00,9231.44,-467.19,0,0,0,0,0,0
33000,9146,160.00,9214.35,-341.74,0,0,0,0,0,0
33050,9224,1560.00,9216.28,38.59,0,0,0,0,0,0
33100,9164,-1200.00,9205.82,-209.12,0,0,0,0,0,0
33150,9132,-640.00,9191.06,-295.29,0,0,0,0,0,0
33200,9144,240.00,9181.65,-188.24,0,0,0,0,0,0
33250,9120,-480.00,9169.32,-246.58,0,0,0,0,0,0
33300,9124,80.00,9160.25,-181.27,0,0,0,0,0,0
33350,9086,-760.00,9145.40,-297.01,0,0,0,0,0,0
33400,9098,240.00,9135.92,-189.61,0,0,0,0,0,0
33450,9072,-520.00,9123.14,-255.68,0,0,0,0,0,0
33500,9162,1800.00,9130.91,155.45,0,0,0,0,0,0
33550,9066,-1920.00,9117.93,-259.65,0,0,0,0,0,0
33600,8962,-2080.00,9086.74,-623.71,0,0,0,0,0,0
33650,9068,2120.00,9082.99,-74.98,0,0,0,0,0,0
33700,9030,-760.00,9072.40,-211.97,0,0,0,0,0,0
33750,9020,-200.00,9061.92,-209.59,0,0,0,0,0,0
33800,9112,1840.00,9071.93,200.33,0,0,0,0,0,0
33850,9120,160.00,9081.55,192.27,0,0,0,0,0,0
33900,9188,1360.00,9102.84,425.82,0,0,0,0,0,0
33950,9114,-1480.00,9105.07,44.65,0,0,0,0,0,0
34000,9060,-1080.00,9096.06,-180.27,0,0,0,0,0,0
34050,9074,280.00,9091.64,-88.22,0,0,0,0,0,0
34100,9072,-40.00,9087.72,-78.57,0,0,0,0,0,0
34150,9066,-120.00,9083.37,-86.86,0,0,0,0,0,0
34200,9048,-360.00,9076.30,-141.48,0,0,0,0,0,0
34250,9048,0.00,9070.64,-113.20,0,0,0,0,0,0
34300,9066,360.00,9069.71,-18.55,0,0,0,0,0,0
34350,9042,-480.00,9064.17,-110.84,0,0,0,0,0,0
34400,9044,40.00,9060.13,-80.68,0,0,0,0,0,0
34450,9092,960.00,9066.51,127.46,0,0,0,0,0,0
34500,9088,-80.00,9070.81,85.98,0,0,0,0,0,0
34550,9108,400.00,9078.25,148.77,0,0,0,0,0,0
34600,8976,-2640.00,9057.80,-408.98,0,0,0,0,0,0
34650,9046,1400.00,9055.44,-47.19,0,0,0,0,0,0
34700,9056,200.00,9055.55,2.25,0,0,0,0,0,0
34750,9054,-40.00,9055.24,-6.19,0,0,0,0,0,0
34800,9036,-360.00,9051.39,-76.95,0,0,0,0,0,0
34850,9092,1120.00,9059.51,162.44,0,0,0,0,0,0
34900,9044,-960.00,9056.41,-62.05,0,0,0,0,0,0
34950,9054,200.00,9055.93,-9.65,0,0,0,0,0,0
35000,9014,-800.00,9047.54,-167.71,0,0,0,0,0,0
35050,8982,-640.00,9034.43,-262.17,0,0,0,0,0,0
35100,8894,-1760.00,9006.35,-561.74,0,0,0,0,0,0
35150,8932,760.00,8991.48,-297.38,0,0,0,0,0,0
35200,9026,1880.00,8998.38,138.09,0,0,0,0,0,0
35250,9020,-120.00,9002.71,86.46,0,0,0,0,0,0
35300,8876,-2880.00,8977.37,-506.82,0,0,0,0,0,0
35350,8968,1840.00,8975.49,-37.46,0,0,0,0,0,0
35400,8996,560.00,8979.59,82.03,0,0,0,0,0,0
35450,8994,-40.00,8982.47,57.62,0,0,0,0,0,0
35500,8966,-560.00,8979.18,-65.90,0,0,0,0,0,0
35550,8902,-1280.00,8963.74,-308.71,0,0,0,0,0,0
35600,8930,560.00,8957.00,-134.98,0,0,0,0,0,0
35650,8918,-240.00,8949.20,-155.98,0,0,0,0,0,0
35700,8888,-600.00,8936.96,-244.79,0,0,0,0,0,0
35750,9006,2360.00,8950.77,276.17,0,0,0,0,0,0
35800,8996,-200.00,8959.81,180.94,0,0,0,0,0,0
35850,8996,0.00,8967.05,144.75,0,0,0,0,0,0
35900,8930,-1320.00,8959.64,-148.20,0,0,0,0,0,0
35950,8856,-1480.00,8938.91,-414.55,0,0,0,0,0,0
36000,8902,920.00,8931.53,-147.66,0,0,0,0,0,0
36050,8908,120.00,8926.82,-94.12,0,0,0,0,0,0
36100,8876,-640.00,8916.66,-203.30,0,0,0,0,0,0
36150,8886,200.00,8910.53,-122.64,0,0,0,0,0,0
36200,8890,80.00,8906.42,-82.11,0,0,0,0,0,0
36250,8874,-320.00,8899.94,-129.69,0,0,0,0,0,0
36300,8864,-200.00,8892.75,-143.75,0,0,0,0,0,0
36350,8832,-640.00,8880.60,-242.99,0,0,0,0,0,0
36400,8846,280.00,8873.68,-138.40,0,0,0,0,0,0
36450,8874,560.00,8873.74,1.29,0,0,0,0,0,0
36500,8812,-1240.00,8861.40,-246.97,0,0,0,0,0,0
36550,8830,360.00,8855.12,-125.59,0,0,0,0,0,0
36600,8832,40.00,8850.49,-92.46,0,0,0,0,0,0
36650,8866,680.00,8853.59,62.03,0,0,0,0,0,0
36700,8826,-800.00,8848.08,-110.37,0,0,0,0,0,0
36750,8876,1000.00,8853.66,111.70,0,0,0,0,0,0
36800,8832,-880.00,8849.33,-86.64,0,0,0,0,0,0
36850,8834,40.00,8846.26,-61.31,0,0,0,0,0,0
36900,8876,840.00,8852.21,118.95,0,0,0,0,0,0
36950,8802,-1480.00,8842.17,-200.84,0,0,0,0,0,0
37000,8814,240.00,8836.54,-112.68,0,0,0,0,0,0
37050,8788,-520.00,8826.83,-194.14,0,0,0,0,0,0
37100,8840,1040.00,8829.46,52.70,0,0,0,0,0,0
37150,8834,-120.00,8830.37,18.14,0,0,0,0,0,0
37200,8862,560.00,8836.70,126.52,0,0,0,0,0,0
37250,8866,80.00,8842.56,117.21,0,0,0,0,0,0
37300,8926,1200.00,8859.25,333.77,0,0,0,0,0,0
37350,8880,-920.00,8863.40,83.03,0,0,0,0,0,0
37400,8754,-2520.00,8841.52,-437.58,0,0,0,0,0,0
37450,8738,-320.00,8820.81,-414.06,0,0,0,0,0,0
37500,8800,1240.00,8816.65,-83.26,0,0,0,0,0,0
37550,8694,-2120.00,8792.12,-490.61,0,0,0,0,0,0
37600,8722,560.00,8778.10,-280.49,0,0,0,0,0,0
37650,8754,640.00,8773.28,-96.39,0,0,0,0,0,0
37700,8726,-560.00,8763.82,-189.10,0,0,0,0,0,0
37750,8696,-600.00,8750.26,-271.29,0,0,0,0,0,0
37800,8696,0.00,8739.41,-217.03,0,0,0,0,0,0
37850,8718,440.00,8735.12,-85.62,0,0,0,0,0,0
37900,8686,-640.00,8725.30,-196.50,0,0,0,0,0,0
37950,8704,360.00,8721.04,-85.20,0,0,0,0,0,0
38000,8652,-1040.00,8707.23,-276.15,0,0,0,0,0,0
38050,8696,880.00,8704.99,-44.92,0,0,0,0,0,0
38100,8652,-880.00,8694.39,-211.95,0,0,0,0,0,0
38150,8674,440.00,8690.31,-81.56,0,0,0,0,0,0
38200,8654,-400.00,8683.05,-145.23,0,0,0,0,0,0
38250,8666,240.00,8679.64,-68.20,0,0,0,0,0,0
38300,8642,-480.00,8672.11,-150.55,0,0,0,0,0,0
38350,8682,800.00,8674.09,39.55,0,0,0,0,0,0
38400,8640,-840.00,8667.27,-136.35,0,0,0,0,0,0
38450,8620,-400.00,8657.82,-189.08,0,0,0,0,0,0
38500,8670,1000.00,8660.25,48.73,0,0,0,0,0,0
38550,8652,-360.00,8658.60,-33.01,0,0,0,0,0,0
38600,8606,-920.00,8648.08,-210.41,0,0,0,0,0,0
38650,8646,800.00,8647.67,-8.34,0,0,0,0,0,0
38700,8580,-1320.00,8634.13,-270.66,0,0,0,0,0,0
38750,8584,80.00,8624.11,-200.53,0,0,0,0,0,0
38800,8570,-280.00,8613.29,-216.43,0,0,0,0,0,0
38850,8554,-320.00,8601.43,-237.15,0,0,0,0,0,0
38900,8542,-240.00,8589.54,-237.71,0,0,0,0,0,0
38950,8586,880.00,8588.83,-14.16,0,0,0,0,0,0
39000,8560,-520.00,8583.07,-115.33,0,0,0,0,0,0
39050,8616,1120.00,8589.65,131.74,0,0,0,0,0,0
39100,8602,-280.00,8592.12,49.38,0,0,0,0,0,0
39150,8598,-80.00,8593.30,23.52,0,0,0,0,0,0
39200,8618,400.00,8598.24,98.81,0,0,0,0,0,0
39250,8652,680.00,8608.99,215.04,0,0,0,0,0,0
39300,8574,-1560.00,8601.99,-139.96,0,0,0,0,0,0
39350,8582,160.00,8597.99,-79.98,0,0,0,0,0,0
39400,8540,-840.00,8586.40,-231.97,0,0,0,0,0,0
39450,8568,560.00,8582.72,-73.57,0,0,0,0,0,0
39500,8546,-440.00,8575.37,-146.88,0,0,0,0,0,0
39550,8530,-320.00,8566.30,-181.48,0,0,0,0,0,0
39600,8570,800.00,8567.04,14.80,0,0,0,0,0,0
39650,8554,-320.00,8564.43,-52.15,0,0,0,0,0,0
39700,8566,240.00,8564.75,6.27,0,0,0,0,0,0
39750,8586,400.00,8569.00,85.02,0,0,0,0,0,0
39800,8526,-1200.00,8560.40,-171.99,0,0,0,0,0,0
39850,8508,-360.00,8549.92,-209.59,0,0,0,0,0,0
39900,8510,40.00,8541.93,-159.67,0,0,0,0,0,0
39950,8476,-680.00,8528.75,-263.73,0,0,0,0,0,0
40000,8490,280.00,8521.00,-154.98,0,0,0,0,0,0
40050,8484,-120.00,8513.60,-147.99,0,0,0,0,0,0
40100,8492,160.00,8509.28,-86.39,0,0,0,0,0,0
40150,8426,-1320.00,8492.62,-333.13,0,0,0,0,0,0
40200,8498,1440.00,8493.70,21.50,0,0,0,0,0,0
40250,8496,-40.00,8494.16,9.20,0,0,0,0,0,0
40300,8380,-2320.00,8471.33,-456.64,0,0,0,0,0,0
40350,8482,2040.00,8473.46,42.70,0,0,0,0,0,0
40400,8468,-280.00,8472.37,-21.84,0,0,0,0,0,0
40450,8554,1720.00,8488.70,326.52,0,0,0,0,0,0
40500,8500,-1080.00,8490.96,45.21,0,0,0,0,0,0
40550,8430,-1400.00,8478.76,-243.83,0,0,0,0,0,0
40600,8434,80.00,8469.81,-179.06,0,0,0,0,0,0
40650,8466,640.00,8469.05,-15.25,0,0,0,0,0,0
40700,8410,-1120.00,8457.24,-236.19,0,0,0,0,0,0
40750,8396,-280.00,8444.99,-244.96,0,0,0,0,0,0
40800,8416,400.00,8439.19,-115.96,0,0,0,0,0,0
40850,8430,280.00,8437.35,-36.78,0,0,0,0,0,0
40900,8574,2880.00,8464.68,546.58,0,0,0,0,0,0
40950,8502,-1440.00,8472.15,149.26,0,0,0,0,0,0
41000,8502,0.00,8478.12,119.41,0,0,0,0,0,0
41050,8518,320.00,8486.09,159.53,0,0,0,0,0,0
41100,8446,-1440.00,8478.08,-160.37,0,0,0,0,0,0
41150,8358,-1760.00,8454.06,-480.29,0,0,0,0,0,0
41200,8348,-200.00,8432.85,-424.24,0,0,0,0,0,0
41250,8358,200.00,8417.88,-299.39,0,0,0,0,0,0
41300,8344,-280.00,8403.10,-295.51,0,0,0,0,0,0
41350,8358,280.00,8394.08,-180.41,0,0,0,0,0,0
41400,8456,1960.00,8406.47,247.68,0,0,0,0,0,0
41450,8500,880.00,8425.17,374.14,0,0,0,0,0,0
41500,8406,-1880.00,8421.34,-76.70,0,0,0,0,0,0
41550,8434,560.00,8423.87,50.64,0,0,0,0,0,0
41600,8358,-1520.00,8410.70,-263.48,0,0,0,0,0,0
41650,8458,2000.00,8420.16,189.22,0,0,0,0,0,0
41700,8314,-2880.00,8398.93,-424.63,0,0,0,0,0,0
41750,8448,2680.00,8408.74,196.29,0,0,0,0,0,0
41800,8386,-1240.00,8404.19,-90.96,0,0,0,0,0,0
41850,8372,-280.00,8397.75,-128.77,0,0,0,0,0,0
41900,8440,1360.00,8406.20,168.98,0,0,0,0,0,0
41950,8372,-1360.00,8399.36,-136.82,0,0,0,0,0,0
42000,8278,-1880.00,8375.09,-485.45,0,0,0,0,0,0
42050,8270,-160.00,8354.07,-420.37,0,0,0,0,0,0
42100,8328,1160.00,8348.86,-104.30,0,0,0,0,0,0
42150,8250,-1560.00,8329.09,-395.43,0,0,0,0,0,0
42200,8292,840.00,8321.67,-148.34,0,0,0,0,0,0
42250,8270,-440.00,8311.33,-206.68,0,0,0,0,0,0
42300,8276,120.00,8304.27,-141.35,0,0,0,0,0,0
42350,8236,-800.00,8290.61,-273.07,0,0,0,0,0,0
42400,8270,680.00,8286.49,-82.46,0,0,0,0,0,0
42450,8258,-240.00,8280.79,-113.96,0,0,0,0,0,0
42500,8266,160.00,8277.83,-59.18,0,0,0,0,0,0
42550,8258,-160.00,8273.87,-79.34,0,0,0,0,0,0
42600,8412,3080.00,8301.49,552.54,0,0,0,0,0,0
42650,8342,-1400.00,8309.60,162.03,0,0,0,0,0,0
42700,8330,-240.00,8313.68,81.62,0,0,0,0,0,0
42750,8292,-760.00,8309.34,-86.70,0,0,0,0,0,0
42800,8304,240.00,8308.27,-21.37,0,0,0,0,0,0
42850,8326,440.00,8311.82,70.90,0,0,0,0,0,0
42900,8310,-320.00,8311.45,-7.27,0,0,0,0,0,0
42950,8164,-2920.00,8281.96,-589.82,0,0,0,0,0,0
43000,8232,1360.00,8271.97,-199.86,0,0,0,0,0,0
43050,8262,600.00,8269.98,-39.88,0,0,0,0,0,0
43100,8222,-800.00,8260.38,-191.91,0,0,0,0,0,0
43150,8168,-1080.00,8241.90,-369.53,0,0,0,0,0,0
43200,8180,240.00,8229.52,-247.62,0,0,0,0,0,0
43250,8208,560.00,8225.22,-86.09,0,0,0,0,0,0
43300,8150,-1160.00,8210.17,-300.88,0,0,0,0,0,0
43350,8164,280.00,8200.94,-184.71,0,0,0,0,0,0
43400,8154,-200.00,8191.55,-187.75,0,0,0,0,0,0
43450,8148,-120.00,8182.84,-174.21,0,0,0,0,0,0
43500,8100,-960.00,8166.27,-331.37,0,0,0,0,0,0
43550,8124,480.00,8157.82,-169.09,0,0,0,0,0,0
43600,8128,80.00,8151.85,-119.28,0,0,0,0,0,0
43650,8154,520.00,8152.28,8.58,0,0,0,0,0,0
43700,8176,440.00,8157.03,94.86,0,0,0,0,0,0
43750,8174,-40.00,8160.42,67.89,0,0,0,0,0,0
43800,8148,-520.00,8157.94,-49.69,0,0,0,0,0,0
43850,8142,-120.00,8154.75,-63.75,0,0,0,0,0,0
43900,8186,880.00,8161.00,125.00,0,0,0,0,0,0
43950,8138,-960.00,8156.40,-92.00,0,0,0,0,0,0
44000,8074,-1280.00,8139.92,-329.60,0,0,0,0,0,0
44050,8104,600.00,8132.74,-143.68,0,0,0,0,0,0
44100,8070,-680.00,8120.19,-250.94,0,0,0,0,0,0
44150,8034,-720.00,8102.95,-344.76,0,0,0,0,0,0
44200,8144,2200.00,8111.16,164.20,0,0,0,0,0,0
44250,8068,-1520.00,8102.53,-172.65,0,0,0,0,0,0
44300,8088,400.00,8099.62,-58.12,0,0,0,0,0,0
44350,8032,-1120.00,8086.10,-270.49,0,0,0,0,0,0
44400,8064,640.00,8081.68,-88.39,0,0,0,0,0,0
44450,8052,-240.00,8075.74,-118.71,0,0,0,0,0,0
44500,8038,-280.00,8068.19,-150.98,0,0,0,0,0,0
44550,8094,1120.00,8073.36,103.22,0,0,0,0,0,0
44600,8070,-480.00,8072.68,-13.42,0,0,0,0,0,0
44650,8014,-1120.00,8060.95,-234.74,0,0,0,0,0,0
44700,8024,200.00,8053.56,-147.79,0,0,0,0,0,0
44750,8074,1000.00,8057.65,81.77,0,0,0,0,0,0
44800,8082,160.00,8062.52,97.41,0,0,0,0,0,0
44850,8052,-600.00,8060.41,-42.07,0,0,0,0,0,0
44900,8014,-760.00,8051.13,-185.65,0,0,0,0,0,0
44950,7940,-1480.00,8028.90,-444.52,0,0,0,0,0,0
45000,7996,1120.00,8022.32,-131.62,0,0,0,0,0,0
45050,7924,-1440.00,8002.66,-393.29,0,0,0,0,0,0
45100,7968,880.00,7995.73,-138.63,0,0,0,0,0,0
45150,7910,-1160.00,7978.58,-342.91,0,0,0,0,0,0
45200,7954,880.00,7973.67,-98.33,0,0,0,0,0,0
45250,7994,800.00,7977.73,81.34,0,0,0,0,0,0
45300,8000,120.00,7982.19,89.07,0,0,0,0,0,0
45350,7994,-120.00,7984.55,47.26,0,0,0,0,0,0
45400,7960,-680.00,7979.64,-98.19,0,0,0,0,0,0
45450,7940,-400.00,7971.71,-158.55,0,0,0,0,0,0
45500,7934,-120.00,7964.17,-150.85,0,0,0,0,0,0
45550,7886,-960.00,7948.54,-312.68,0,0,0,0,0,0
45600,8006,2400.00,7960.03,229.86,0,0,0,0,0,0
45650,7908,-1960.00,7949.62,-208.12,0,0,0,0,0,0
45700,7886,-440.00,7936.90,-254.49,0,0,0,0,0,0
45750,7926,800.00,7934.72,-43.59,0,0,0,0,0,0
45800,7910,-320.00,7929.77,-98.88,0,0,0,0,0,0
45850,7942,640.00,7932.22,48.91,0,0,0,0,0,0
45900,7974,640.00,7940.58,167.12,0,0,0,0,0,0
45950,7912,-1240.00,7934.86,-114.31,0,0,0,0,0,0
46000,7984,1440.00,7944.69,196.56,0,0,0,0,0,0
46050,7954,-600.00,7946.55,37.25,0,0,0,0,0,0
46100,7922,-640.00,7941.64,-98.20,0,0,0,0,0,0
46150,7922,0.00,7937.71,-78.56,0,0,0,0,0,0
46200,7852,-1400.00,7920.57,-342.85,0,0,0,0,0,0
46250,7850,-40.00,7906.46,-282.28,0,0,0,0,0,0
46300,7824,-520.00,7889.96,-329.82,0,0,0,0,0,0
46350,7880,1120.00,7887.97,-39.86,0,0,0,0,0,0
46400,7908,560.00,7891.98,80.12,0,0,0,0,0,0
46450,7894,-280.00,7892.38,8.09,0,0,0,0,0,0
46500,7942,960.00,7902.31,198.48,0,0,0,0,0,0
46550,7854,-1760.00,7892.64,-193.22,0,0,0,0,0,0
46600,7842,-240.00,7882.52,-202.58,0,0,0,0,0,0
46650,7822,-400.00,7870.41,-242.06,0,0,0,0,0,0
46700,7868,920.00,7869.93,-9.65,0,0,0,0,0,0
46750,7840,-560.00,7863.94,-119.72,0,0,0,0,0,0
46800,7774,-1320.00,7845.96,-359.78,0,0,0,0,0,0
46850,7828,1080.00,7842.36,-71.83,0,0,0,0,0,0
46900,7826,-40.00,7839.09,-65.46,0,0,0,0,0,0
46950,7830,80.00,7837.27,-36.37,0,0,0,0,0,0
47000,7796,-680.00,7829.02,-165.09,0,0,0,0,0,0
47050,7802,120.00,7823.61,-108.08,0,0,0,0,0,0
47100,7806,80.00,7820.09,-70.46,0,0,0,0,0,0
47150,7738,-1360.00,7803.67,-328.37,0,0,0,0,0,0
47200,7878,2800.00,7818.54,297.30,0,0,0,0,0,0
47250,7758,-2400.00,7806.43,-242.16,0,0,0,0,0,0
47300,7838,1600.00,7812.74,126.28,0,0,0,0,0,0
47350,7668,-3400.00,7783.80,-578.97,0,0,0,0,0,0
47400,7810,2840.00,7789.04,104.81,0,0,0,0,0,0
47450,7764,-920.00,7784.03,-100.15,0,0,0,0,0,0
47500,7800,720.00,7787.22,63.89,0,0,0,0,0,0
47550,7760,-800.00,7781.78,-108.90,0,0,0,0,0,0
47600,7772,240.00,7779.82,-39.11,0,0,0,0,0,0
47650,7738,-680.00,7771.46,-167.29,0,0,0,0,0,0
47700,7734,-80.00,7763.97,-149.83,0,0,0,0,0,0
47750,7744,200.00,7759.97,-79.86,0,0,0,0,0,0
47800,7726,-360.00,7753.18,-135.90,0,0,0,0,0,0
47850,7706,-400.00,7743.74,-188.71,0,0,0,0,0,0
47900,7744,760.00,7743.79,1.03,0,0,0,0,0,0
47950,7838,1880.00,7762.64,376.83,0,0,0,0,0,0
48000,7710,-2560.00,7752.11,-210.55,0,0,0,0,0,0
48050,7738,560.00,7749.29,-56.44,0,0,0,0,0,0
48100,7638,-2000.00,7727.03,-445.15,0,0,0,0,0,0
48150,7682,880.00,7718.02,-180.12,0,0,0,0,0,0
48200,7668,-280.00,7708.02,-200.10,0,0,0,0,0,0
48250,7654,-280.00,7697.21,-216.07,0,0,0,0,0,0
48300,7720,1320.00,7701.77,91.14,0,0,0,0,0,0
48350,7676,-880.00,7696.62,-103.09,0,0,0,0,0,0
48400,7678,40.00,7692.89,-74.47,0,0,0,0,0,0
48450,7668,-200.00,7687.91,-99.58,0,0,0,0,0,0
48500,7644,-480.00,7679.13,-175.66,0,0,0,0,0,0
48550,7644,0.00,7672.11,-140.53,0,0,0,0,0,0
48600,7666,440.00,7670.88,-24.42,0,0,0,0,0,0
48650,7622,-880.00,7661.11,-195.54,0,0,0,0,0,0
48700,7614,-160.00,7651.69,-188.43,0,0,0,0,0,0
48750,7606,-160.00,7642.55,-182.74,0,0,0,0,0,0
48800,7630,480.00,7640.04,-50.20,0,0,0,0,0,0
48850,7556,-1480.00,7623.23,-336.15,0,0,0,0,0,0
48900,7586,600.00,7615.79,-148.93,0,0,0,0,0,0
48950,7580,-120.00,7608.63,-143.14,0,0,0,0,0,0
49000,7592,240.00,7605.30,-66.51,0,0,0,0,0,0
49050,7472,-2400.00,7578.64,-533.21,0,0,0,0,0,0
49100,7580,2160.00,7578.91,5.43,0,0,0,0,0,0
49150,7448,-2640.00,7552.73,-523.65,0,0,0,0,0,0
49200,7576,2560.00,7557.38,93.08,0,0,0,0,0,0
49250,7540,-720.00,7553.91,-69.54,0,0,0,0,0,0
49300,7522,-360.00,7547.53,-127.63,0,0,0,0,0,0
49350,7464,-1160.00,7530.82,-334.10,0,0,0,0,0,0
49400,7546,1640.00,7533.86,60.71,0,0,0,0,0,0
49450,7486,-1200.00,7524.29,-191.43,0,0,0,0,0,0
49500,7572,1720.00,7533.83,190.86,0,0,0,0,0,0
49550,7532,-800.00,7533.46,-7.31,0,0,0,0,0,0
49600,7554,440.00,7537.57,82.15,0,0,0,0,0,0
49650,7494,-1200.00,7528.86,-174.28,0,0,0,0,0,0
49700,7526,640.00,7528.28,-11.43,0,0,0,0,0,0
49750,7516,-200.00,7525.83,-49.14,0,0,0,0,0,0
49800,7572,1120.00,7535.06,184.69,0,0,0,0,0,0
49850,7526,-920.00,7533.25,-36.25,0,0,0,0,0,0
49900,7534,160.00,7533.40,3.00,0,0,0,0,0,0
49950,7474,-1200.00,7521.52,-237.60,0,0,0,0,0,0
50000,7486,240.00,7514.42,-142.08,0,0,0,0,0,0
50050,7492,120.00,7509.93,-89.66,0,0,0,0,0,0
50100,7412,-1600.00,7490.35,-391.73,0,0,0,0,0,0
50150,7452,800.00,7482.68,-153.39,0,0,0,0,0,0
50200,7504,1040.00,7486.94,85.29,0,0,0,0,0,0
50250,7514,200.00,7492.35,108.23,0,0,0,0,0,0
50300,7534,400.00,7500.68,166.59,0,0,0,0,0,0
50350,7412,-2440.00,7482.95,-354.73,0,0,0,0,0,0
50400,7396,-320.00,7465.56,-347.78,0,0,0,0,0,0
50450,7380,-320.00,7448.45,-342.23,0,0,0,0,0,0
50500,7266,-2280.00,7411.96,-729.79,0,0,0,0,0,0
50550,7408,2840.00,7411.16,-15.83,0,0,0,0,0,0
50600,7458,1000.00,7420.53,187.34,0,0,0,0,0,0
50650,7412,-920.00,7418.83,-34.13,0,0,0,0,0,0
50700,7438,520.00,7422.66,76.70,0,0,0,0,0,0
50750,7438,0.00,7425.73,61.36,0,0,0,0,0,0
50800,7388,-1000.00,7418.18,-150.92,0,0,0,0,0,0
50850,7382,-120.00,7410.95,-144.73,0,0,0,0,0,0
50900,7398,320.00,7408.36,-51.79,0,0,0,0,0,0
50950,7410,240.00,7408.69,6.57,0,0,0,0,0,0
51000,7452,840.00,7417.35,173.26,0,0,0,0,0,0
51050,7436,-320.00,7421.08,74.61,0,0,0,0,0,0
51100,7400,-720.00,7416.86,-84.32,0,0,0,0,0,0
51150,7424,480.00,7418.29,28.54,0,0,0,0,0,0
51200,7426,40.00,7419.83,30.84,0,0,0,0,0,0
51250,7394,-640.00,7414.67,-103.33,0,0,0,0,0,0
51300,7356,-760.00,7402.93,-234.67,0,0,0,0,0,0
51350,7314,-840.00,7385.15,-355.73,0,0,0,0,0,0
51400,7352,760.00,7378.52,-132.59,0,0,0,0,0,0
51450,7376,480.00,7378.01,-10.07,0,0,0,0,0,0
51500,7374,-40.00,7377.21,-16.05,0,0,0,0,0,0
51550,7368,-120.00,7375.37,-36.85,0,0,0,0,0,0
51600,7432,1280.00,7386.69,226.52,0,0,0,0,0,0
51650,7388,-880.00,7386.96,5.22,0,0,0,0,0,0
51700,7374,-280.00,7384.36,-51.83,0,0,0,0,0,0
51750,7378,80.00,7383.09,-25.46,0,0,0,0,0,0
51800,7410,640.00,7388.47,107.64,0,0,0,0,0,0
51850,7364,-920.00,7383.58,-97.89,0,0,0,0,0,0
51900,7480,2320.00,7402.86,385.68,0,0,0,0,0,0
51950,7392,-1760.00,7400.69,-43.45,0,0,0,0,0,0
52000,7332,-1200.00,7386.95,-274.77,0,0,0,0,0,0
52050,7364,640.00,7382.36,-91.81,0,0,0,0,0,0
52100,7354,-200.00,7376.69,-113.45,0,0,0,0,0,0
52150,7350,-80.00,7371.35,-106.76,0,0,0,0,0,0
52200,7316,-680.00,7360.28,-221.41,0,0,0,0,0,0
52250,7388,1440.00,7365.83,110.88,0,0,0,0,0,0
52300,7294,-1880.00,7351.46,-287.30,0,0,0,0,0,0
52350,7312,360.00,7343.57,-157.84,0,0,0,0,0,0
52400,7308,-80.00,7336.45,-142.28,0,0,0,0,0,0
52450,7274,-680.00,7323.96,-249.81,0,0,0,0,0,0
52500,7274,0.00,7313.97,-199.85,0,0,0,0,0,0
52550,7244,-600.00,7299.98,-279.88,0,0,0,0,0,0
52600,7252,160.00,7290.38,-191.90,0,0,0,0,0,0
52650,7252,0.00,7282.70,-153.53,0,0,0,0,0,0
52700,7230,-440.00,7272.16,-210.82,0,0,0,0,0,0
52750,7190,-800.00,7255.73,-328.65,0,0,0,0,0,0
52800,7192,40.00,7242.99,-254.92,0,0,0,0,0,0
52850,7220,560.00,7238.39,-91.94,0,0,0,0,0,0
52900,7214,-120.00,7233.51,-97.55,0,0,0,0,0,0
52950,7228,280.00,7232.41,-22.04,0,0,0,0,0,0
53000,7156,-1440.00,7217.13,-305.63,0,0,0,0,0,0
53050,7224,1360.00,7218.50,27.49,0,0,0,0,0,0
53100,7182,-840.00,7211.20,-146.01,0,0,0,0,0,0
53150,7162,-400.00,7201.36,-196.81,0,0,0,0,0,0
53200,7210,960.00,7203.09,34.56,0,0,0,0,0,0
53250,7142,-1360.00,7190.87,-244.36,0,0,0,0,0,0
53300,7246,2080.00,7201.90,220.52,0,0,0,0,0,0
53350,7168,-1560.00,7195.12,-135.59,0,0,0,0,0,0
53400,7220,1040.00,7200.09,99.53,0,0,0,0,0,0
53450,7170,-1000.00,7194.08,-120.38,0,0,0,0,0,0
53500,7154,-320.00,7186.06,-160.30,0,0,0,0,0,0
53550,7168,280.00,7182.45,-72.24,0,0,0,0,0,0
53600,7126,-840.00,7171.16,-225.79,0,0,0,0,0,0
53650,7122,-80.00,7161.33,-196.63,0,0,0,0,0,0
53700,7104,-360.00,7149.86,-229.31,0,0,0,0,0,0
53750,7150,920.00,7149.89,0.56,0,0,0,0,0,0
53800,7100,-1000.00,7139.91,-199.56,0,0,0,0,0,0
53850,7118,360.00,7135.53,-87.65,0,0,0,0,0,0
53900,7116,-40.00,7131.62,-78.12,0,0,0,0,0,0
53950,7104,-240.00,7126.10,-110.50,0,0,0,0,0,0
54000,7142,760.00,7129.28,63.60,0,0,0,0,0,0
54050,7230,1760.00,7149.42,402.88,0,0,0,0,0,0
54100,7208,-440.00,7161.14,234.31,0,0,0,0,0,0
54150,7106,-2040.00,7150.11,-220.56,0,0,0,0,0,0
54200,7134,560.00,7146.89,-64.44,0,0,0,0,0,0
54250,7122,-240.00,7141.91,-99.55,0,0,0,0,0,0
54300,7080,-840.00,7129.53,-247.65,0,0,0,0,0,0
54350,7104,480.00,7124.42,-102.11,0,0,0,0,0,0
54400,7206,2040.00,7140.74,326.31,0,0,0,0,0,0
54450,7154,-1040.00,7143.39,53.05,0,0,0,0,0,0
54500,7094,-1200.00,7133.51,-197.56,0,0,0,0,0,0
54550,7084,-200.00,7123.61,-198.05,0,0,0,0,0,0
54600,7068,-320.00,7112.49,-222.44,0,0,0,0,0,0
54650,7084,320.00,7106.79,-113.96,0,0,0,0,0,0
54700,7044,-800.00,7094.23,-251.16,0,0,0,0,0,0
54750,7100,1120.00,7095.39,23.07,0,0,0,0,0,0
54800,7090,-200.00,7094.31,-21.54,0,0,0,0,0,0
54850,7070,-400.00,7089.45,-97.24,0,0,0,0,0,0
54900,7052,-360.00,7081.96,-149.79,0,0,0,0,0,0
54950,7028,-480.00,7071.17,-215.83,0,0,0,0,0,0
55000,7070,840.00,7070.93,-4.67,0,0,0,0,0,0
55050,7092,440.00,7075.15,84.27,0,0,0,0,0,0
55100,6990,-2040.00,7058.12,-340.59,0,0,0,0,0,0
55150,6966,-480.00,7039.69,-368.47,0,0,0,0,0,0
55200,7048,1640.00,7041.35,33.22,0,0,0,0,0,0
55250,6936,-2240.00,7020.28,-421.42,0,0,0,0,0,0
55300,6992,1120.00,7014.63,-113.13,0,0,0,0,0,0
55350,6920,-1440.00,6995.70,-378.51,0,0,0,0,0,0
55400,6964,880.00,6989.36,-126.81,0,0,0,0,0,0
55450,6976,240.00,6986.69,-53.45,0,0,0,0,0,0
55500,6978,40.00,6984.95,-34.76,0,0,0,0,0,0
55550,6944,-680.00,6976.76,-163.81,0,0,0,0,0,0
55600,6964,400.00,6974.21,-51.04,0,0,0,0,0,0
55650,6944,-400.00,6968.17,-120.83,0,0,0,0,0,0
55700,7012,1360.00,6976.93,175.33,0,0,0,0,0,0
55750,7044,640.00,6990.35,268.26,0,0,0,0,0,0
55800,6982,-1240.00,6988.68,-33.39,0,0,0,0,0,0
55850,7020,760.00,6994.94,125.29,0,0,0,0,0,0
55900,6968,-1040.00,6989.55,-107.76,0,0,0,0,0,0
55950,6958,-200.00,6983.24,-126.21,0,0,0,0,0,0
56000,6938,-400.00,6974.19,-180.98,0,0,0,0,0,0
56050,6944,120.00,6968.16,-120.78,0,0,0,0,0,0
56100,6932,-240.00,6960.92,-144.62,0,0,0,0,0,0
56150,6898,-680.00,6948.34,-251.70,0,0,0,0,0,0
56200,6858,-800.00,6930.27,-361.36,0,0,0,0,0,0
56250,6872,280.00,6918.62,-233.09,0,0,0,0,0,0
56300,6808,-1280.00,6896.49,-442.47,0,0,0,0,0,0
56350,6816,160.00,6880.39,-321.97,0,0,0,0,0,0
56400,6892,1520.00,6882.72,46.42,0,0,0,0,0,0
56450,6858,-680.00,6877.77,-98.87,0,0,0,0,0,0
56500,6880,440.00,6878.22,8.91,0,0,0,0,0,0
56550,6820,-1200.00,6866.57,-232.87,0,0,0,0,0,0
56600,6826,120.00,6858.46,-162.29,0,0,0,0,0,0
56650,6804,-440.00,6847.57,-217.84,0,0,0,0,0,0
56700,6858,1080.00,6849.65,41.73,0,0,0,0,0,0
56750,6838,-400.00,6847.32,-46.61,0,0,0,0,0,0
56800,6832,-120.00,6844.26,-61.29,0,0,0,0,0,0
56850,6838,120.00,6843.01,-25.04,0,0,0,0,0,0
56900,6864,520.00,6847.21,83.97,0,0,0,0,0,0
56950,6782,-1640.00,6834.16,-260.82,0,0,0,0,0,0
57000,6826,880.00,6832.53,-32.66,0,0,0,0,0,0
57050,6820,-120.00,6830.03,-50.13,0,0,0,0,0,0
57100,6792,-560.00,6822.42,-152.10,0,0,0,0,0,0
57150,6768,-480.00,6811.54,-217.69,0,0,0,0,0,0
57200,6806,760.00,6810.43,-22.15,0,0,0,0,0,0
57250,6804,-40.00,6809.14,-25.71,0,0,0,0,0,0
57300,6798,-120.00,6806.91,-44.57,0,0,0,0,0,0
57350,6754,-880.00,6796.33,-211.66,0,0,0,0,0,0
57400,6820,1320.00,6801.07,94.68,0,0,0,0,0,0
57450,6798,-440.00,6800.45,-12.27,0,0,0,0,0,0
57500,6768,-600.00,6793.96,-129.80,0,0,0,0,0,0
57550,6836,1360.00,6802.37,168.15,0,0,0,0,0,0
57600,6824,-240.00,6806.70,86.52,0,0,0,0,0,0
57650,6776,-960.00,6800.56,-122.78,0,0,0,0,0,0
57700,6826,1000.00,6805.65,101.78,0,0,0,0,0,0
57750,6786,-800.00,6801.72,-78.58,0,0,0,0,0,0
57800,6776,-200.00,6796.57,-102.86,0,0,0,0,0,0
57850,6762,-280.00,6789.66,-138.29,0,0,0,0,0,0
57900,6746,-320.00,6780.93,-174.64,0,0,0,0,0,0
57950,6702,-880.00,6765.14,-315.70,0,0,0,0,0,0
58000,6700,-40.00,6752.11,-260.57,0,0,0,0,0,0
58050,6792,1840.00,6760.09,159.55,0,0,0,0,0,0
58100,6676,-2320.00,6743.27,-336.37,0,0,0,0,0,0
58150,6712,720.00,6737.02,-125.09,0,0,0,0,0,0
58200,6674,-760.00,6724.41,-252.07,0,0,0,0,0,0
58250,6688,280.00,6717.13,-145.65,0,0,0,0,0,0
58300,6644,-880.00,6702.51,-292.53,0,0,0,0,0,0
58350,6652,160.00,6692.40,-202.02,0,0,0,0,0,0
58400,6664,240.00,6686.72,-113.61,0,0,0,0,0,0
58450,6634,-600.00,6676.18,-210.90,0,0,0,0,0,0
58500,6636,40.00,6668.14,-160.71,0,0,0,0,0,0
58550,6648,240.00,6664.11,-80.58,0,0,0,0,0,0
58600,6670,440.00,6665.29,23.54,0,0,0,0,0,0
58650,6672,40.00,6666.63,26.84,0,0,0,0,0,0
58700,6724,1040.00,6678.11,229.46,0,0,0,0,0,0
58750,6678,-920.00,6678.08,-0.43,0,0,0,0,0,0
58800,6676,-40.00,6677.67,-8.34,0,0,0,0,0,0
58850,6590,-1720.00,6660.13,-350.67,0,0,0,0,0,0
58900,6636,920.00,6655.31,-96.53,0,0,0,0,0,0
58950,6612,-480.00,6646.65,-173.23,0,0,0,0,0,0
59000,6644,640.00,6646.12,-10.59,0,0,0,0,0,0
59050,6680,720.00,6652.89,135.54,0,0,0,0,0,0
59100,6610,-1400.00,6644.31,-171.57,0,0,0,0,0,0
59150,6584,-520.00,6632.25,-241.26,0,0,0,0,0,0
59200,6646,1240.00,6635.00,54.99,0,0,0,0,0,0
59250,6676,600.00,6643.20,163.99,0,0,0,0,0,0
59300,6690,280.00,6652.56,187.20,0,0,0,0,0,0
59350,6690,0.00,6660.05,149.76,0,0,0,0,0,0
59400,6686,-80.00,6665.24,103.81,0,0,0,0,0,0
59450,6674,-240.00,6666.99,35.04,0,0,0,0,0,0
59500,6670,-80.00,6667.59,12.03,0,0,0,0,0,0
59550,6556,-2280.00,6645.27,-446.37,0,0,0,0,0,0
59600,6586,600.00,6633.42,-237.10,0,0,0,0,0,0
59650,6544,-840.00,6615.54,-357.68,0,0,0,0,0,0
59700,6698,3080.00,6632.03,329.85,0,0,0,0,0,0
59750,6652,-920.00,6636.02,79.88,0,0,0,0,0,0
59800,6634,-360.00,6635.62,-8.09,0,0,0,0,0,0
59850,6538,-1920.00,6616.09,-390.47,0,0,0,0,0,0
59900,6564,520.00,6605.68,-208.38,0,0,0,0,0,0
59950,6574,200.00,6599.34,-126.70,0,0,0,0,0,0
60000,6478,-1920.00,6575.07,-485.36,0,0,0,0,0,0
60050,6530,1040.00,6566.06,-180.29,0,0,0,0,0,0
60100,6490,-800.00,6550.85,-304.23,0,0,0,0,0,0
60150,6502,240.00,6541.08,-195.39,0,0,0,0,0,0
60200,6438,-1280.00,6520.46,-412.30,0,0,0,0,0,0
60250,6490,1040.00,6514.37,-121.85,0,0,0,0,0,0
60300,6500,200.00,6511.50,-57.48,0,0,0,0,0,0
60350,6530,600.00,6515.20,74.01,0,0,0,0,0,0
60400,6578,960.00,6527.76,251.21,0,0,0,0,0,0
60450,6576,-40.00,6537.41,192.97,0,0,0,0,0,0
60500,6564,-240.00,6542.72,106.38,0,0,0,0,0,0
60550,6568,80.00,6547.78,101.10,0,0,0,0,0,0
60600,6552,-320.00,6548.62,16.88,0,0,0,0,0,0
60650,6528,-480.00,6544.50,-82.49,0,0,0,0,0,0
60700,6508,-400.00,6537.20,-146.00,0,0,0,0,0,0
60750,6604,1920.00,6550.56,267.21,0,0,0,0,0,0
60800,6462,-2840.00,6532.85,-354.24,0,0,0,0,0,0
60850,6512,1000.00,6528.68,-83.39,0,0,0,0,0,0
60900,6480,-640.00,6518.94,-194.72,0,0,0,0,0,0
60950,6594,2280.00,6533.95,300.23,0,0,0,0,0,0
61000,6578,-320.00,6542.76,176.18,0,0,0,0,0,0
61050,6568,-200.00,6547.81,100.95,0,0,0,0,0,0
61100,6484,-1680.00,6535.05,-255.24,0,0,0,0,0,0
61150,6468,-320.00,6521.64,-268.19,0,0,0,0,0,0
61200,6446,-440.00,6506.51,-302.56,0,0,0,0,0,0
61250,6442,-80.00,6493.61,-258.05,0,0,0,0,0,0
61300,6490,960.00,6492.89,-14.43,0,0,0,0,0,0
61350,6520,600.00,6498.31,108.46,0,0,0,0,0,0
61400,6534,280.00,6505.45,142.76,0,0,0,0,0,0
61450,6452,-1640.00,6494.76,-213.79,0,0,0,0,0,0
61500,6460,160.00,6487.81,-139.03,0,0,0,0,0,0
61550,6460,0.00,6482.25,-111.23,0,0,0,0,0,0
61600,6444,-320.00,6474.60,-152.98,0,0,0,0,0,0
61650,6414,-600.00,6462.48,-242.38,0,0,0,0,0,0
61700,6356,-1160.00,6441.18,-425.91,0,0,0,0,0,0
61750,6388,640.00,6430.55,-212.72,0,0,0,0,0,0
61800,6380,-160.00,6420.44,-202.18,0,0,0,0,0,0
61850,6290,-1800.00,6394.35,-521.75,0,0,0,0,0,0
61900,6346,1120.00,6384.68,-193.40,0,0,0,0,0,0
61950,6374,560.00,6382.54,-42.71,0,0,0,0,0,0
62000,6280,-1880.00,6362.03,-410.18,0,0,0,0,0,0
62050,6342,1240.00,6358.03,-80.14,0,0,0,0,0,0
62100,6370,560.00,6360.42,47.89,0,0,0,0,0,0
62150,6404,680.00,6369.14,174.31,0,0,0,0,0,0
62200,6384,-400.00,6372.11,59.45,0,0,0,0,0,0
62250,6334,-1000.00,6364.49,-152.44,0,0,0,0,0,0
62300,6256,-1560.00,6342.79,-433.96,0,0,0,0,0,0
62350,6224,-640.00,6319.03,-475.17,0,0,0,0,0,0
62400,5982,-4840.00,6251.63,-1348.13,0,0,0,0,0,0
62450,6168,3720.00,6234.90,-334.50,0,0,0,0,0,0
62500,6218,1000.00,6231.52,-67.61,0,0,0,0,0,0
62550,6206,-240.00,6226.42,-102.08,0,0,0,0,0,0
62600,6260,1080.00,6233.13,134.34,0,0,0,0,0,0
62650,6302,840.00,6246.91,275.47,0,0,0,0,0,0
62700,6220,-1640.00,6241.53,-107.63,0,0,0,0,0,0
62750,6282,1240.00,6249.62,161.89,0,0,0,0,0,0
62800,6288,120.00,6257.30,153.52,0,0,0,0,0,0
62850,6224,-1280.00,6250.64,-133.18,0,0,0,0,0,0
62900,6208,-320.00,6242.11,-170.55,0,0,0,0,0,0
62950,6282,1480.00,6250.09,159.56,0,0,0,0,0,0
63000,6242,-800.00,6248.47,-32.35,0,0,0,0,0,0
63050,6270,560.00,6252.78,86.12,0,0,0,0,0,0
63100,6228,-840.00,6247.82,-99.10,0,0,0,0,0,0
63150,6238,200.00,6245.86,-39.29,0,0,0,0,0,0
63200,6240,40.00,6244.68,-23.43,0,0,0,0,0,0
63250,6200,-800.00,6235.75,-178.74,0,0,0,0,0,0
63300,6252,1040.00,6239.00,65.01,0,0,0,0,0,0
63350,6250,-40.00,6241.20,44.00,0,0,0,0,0,0
63400,6206,-880.00,6234.16,-140.79,0,0,0,0,0,0
63450,6206,0.00,6228.53,-112.64,0,0,0,0,0,0
63500,6180,-520.00,6218.82,-194.11,0,0,0,0,0,0
63550,6154,-520.00,6205.86,-259.29,0,0,0,0,0,0
63600,6222,1360.00,6209.09,64.57,0,0,0,0,0,0
63650,6178,-880.00,6202.87,-124.35,0,0,0,0,0,0
63700,6204,520.00,6203.09,4.52,0,0,0,0,0,0
63750,6192,-240.00,6200.88,-44.38,0,0,0,0,0,0
63800,6190,-40.00,6198.70,-43.51,0,0,0,0,0,0
63850,6196,120.00,6198.16,-10.80,0,0,0,0,0,0
63900,6154,-840.00,6189.33,-176.64,0,0,0,0,0,0
63950,6120,-680.00,6175.46,-277.31,0,0,0,0,0,0
64000,6162,840.00,6172.77,-53.85,0,0,0,0,0,0
64050,6088,-1480.00,6155.82,-339.08,0,0,0,0,0,0
64100,6144,1120.00,6153.45,-47.27,0,0,0,0,0,0
64150,6130,-280.00,6148.76,-93.81,0,0,0,0,0,0
64200,6116,-280.00,6142.21,-131.05,0,0,0,0,0,0
64250,6086,-600.00,6130.97,-224.84,0,0,0,0,0,0
64300,6128,840.00,6130.37,-11.88,0,0,0,0,0,0
64350,6104,-480.00,6125.10,-105.50,0,0,0,0,0,0
64400,6092,-240.00,6118.48,-132.39,0,0,0,0,0,0
64450,6062,-600.00,6107.18,-225.92,0,0,0,0,0,0
64500,6102,800.00,6106.15,-20.73,0,0,0,0,0,0
64550,6094,-160.00,6103.72,-48.58,0,0,0,0,0,0
64600,6106,240.00,6104.17,9.13,0,0,0,0,0,0
64650,6084,-440.00,6100.14,-80.69,0,0,0,0,0,0
64700,6036,-960.00,6087.31,-256.56,0,0,0,0,0,0
64750,6124,1760.00,6094.65,146.76,0,0,0,0,0,0
64800,6122,-40.00,6100.12,109.40,0,0,0,0,0,0
64850,6094,-560.00,6098.90,-24.48,0,0,0,0,0,0
64900,6116,440.00,6102.32,68.42,0,0,0,0,0,0
64950,6026,-1800.00,6087.05,-305.26,0,0,0,0,0,0
65000,6054,560.00,6080.44,-132.22,0,0,0,0,0,0
65050,6046,-160.00,6073.55,-137.77,0,0,0,0,0,0
65100,6060,280.00,6070.84,-54.22,0,0,0,0,0,0
65150,6044,-320.00,6065.47,-107.37,0,0,0,0,0,0
65200,6050,120.00,6062.38,-61.89,0,0,0,0,0,0
65250,6044,-120.00,6058.70,-73.52,0,0,0,0,0,0
65300,6032,-240.00,6053.36,-106.82,0,0,0,0,0,0
65350,6040,160.00,6050.69,-53.45,0,0,0,0,0,0
65400,6024,-320.00,6045.35,-106.76,0,0,0,0,0,0
65450,5984,-800.00,6033.08,-245.41,0,0,0,0,0,0
65500,5988,80.00,6024.07,-180.33,0,0,0,0,0,0
65550,5982,-120.00,6015.65,-168.26,0,0,0,0,0,0
65600,5976,-120.00,6007.72,-158.61,0,0,0,0,0,0
65650,5964,-240.00,5998.98,-174.88,0,0,0,0,0,0
65700,5960,-80.00,5991.18,-155.91,0,0,0,0,0,0
65750,6006,920.00,5994.15,59.27,0,0,0,0,0,0
65800,5988,-360.00,5992.92,-24.58,0,0,0,0,0,0
65850,5944,-880.00,5983.13,-195.66,0,0,0,0,0,0
65900,6042,1960.00,5994.91,235.47,0,0,0,0,0,0
65950,5998,-880.00,5995.53,12.37,0,0,0,0,0,0
66000,5930,-1360.00,5982.42,-262.10,0,0,0,0,0,0
66050,5940,200.00,5973.94,-169.68,0,0,0,0,0,0
66100,5928,-240.00,5964.75,-183.75,0,0,0,0,0,0
66150,5970,840.00,5965.80,21.01,0,0,0,0,0,0
66200,5910,-1200.00,5954.64,-223.19,0,0,0,0,0,0
66250,5898,-240.00,5943.31,-226.56,0,0,0,0,0,0
66300,5894,-80.00,5933.45,-197.25,0,0,0,0,0,0
66350,5900,120.00,5926.76,-133.80,0,0,0,0,0,0
66400,5888,-240.00,5919.01,-155.04,0,0,0,0,0,0
66450,5924,720.00,5920.01,19.97,0,0,0,0,0,0
66500,5862,-1240.00,5908.40,-232.02,0,0,0,0,0,0
66550,5932,1400.00,5913.12,94.38,0,0,0,0,0,0
66600,5944,240.00,5919.30,123.51,0,0,0,0,0,0
66650,5878,-1320.00,5911.04,-165.20,0,0,0,0,0,0
66700,5896,360.00,5908.03,-60.16,0,0,0,0,0,0
66750,5852,-880.00,5896.83,-224.13,0,0,0,0,0,0
66800,5906,1080.00,5898.66,36.70,0,0,0,0,0,0
66850,5970,1280.00,5912.93,285.36,0,0,0,0,0,0
66900,5900,-1400.00,5910.34,-51.71,0,0,0,0,0,0
66950,5860,-800.00,5900.27,-201.37,0,0,0,0,0,0
67000,5866,120.00,5893.42,-137.10,0,0,0,0,0,0
67050,5854,-240.00,5885.54,-157.68,0,0,0,0,0,0
67100,5834,-400.00,5875.23,-206.14,0,0,0,0,0,0
67150,5896,1240.00,5879.38,83.09,0,0,0,0,0,0
67200,5834,-1240.00,5870.31,-181.53,0,0,0,0,0,0
67250,5898,1280.00,5875.84,110.77,0,0,0,0,0,0
67300,5898,0.00,5880.28,88.62,0,0,0,0,0,0
67350,5806,-1840.00,5865.42,-297.10,0,0,0,0,0,0
67400,5840,680.00,5860.34,-101.68,0,0,0,0,0,0
67450,5872,640.00,5862.67,46.65,0,0,0,0,0,0
67500,5864,-160.00,5862.94,5.32,0,0,0,0,0,0
67550,5866,40.00,5863.55,12.26,0,0,0,0,0,0
67600,5900,680.00,5870.84,145.81,0,0,0,0,0,0
67650,5880,-400.00,5872.67,36.64,0,0,0,0,0,0
67700,5812,-1360.00,5860.54,-242.69,0,0,0,0,0,0
67750,5812,0.00,5850.83,-194.15,0,0,0,0,0,0
67800,5852,800.00,5851.06,4.69,0,0,0,0,0,0
67850,5768,-1680.00,5834.45,-332.26,0,0,0,0,0,0
67900,5826,1160.00,5832.76,-33.80,0,0,0,0,0,0
67950,5798,-560.00,5825.81,-139.04,0,0,0,0,0,0
68000,5816,360.00,5823.85,-39.24,0,0,0,0,0,0
68050,5800,-320.00,5819.08,-95.39,0,0,0,0,0,0
68100,5802,40.00,5815.66,-68.31,0,0,0,0,0,0
68150,5798,-80.00,5812.13,-70.64,0,0,0,0,0,0
68200,5800,40.00,5809.70,-48.52,0,0,0,0,0,0
68250,5796,-80.00,5806.96,-54.81,0,0,0,0,0,0
68300,5762,-680.00,5797.97,-179.85,0,0,0,0,0,0
68350,5766,80.00,5791.58,-127.88,0,0,0,0,0,0
68400,5762,-80.00,5785.66,-118.30,0,0,0,0,0,0
68450,5754,-160.00,5779.33,-126.64,0,0,0,0,0,0
68500,5808,1080.00,5785.06,114.69,0,0,0,0,0,0
68550,5812,80.00,5790.45,107.74,0,0,0,0,0,0
68600,5734,-1560.00,5779.16,-225.80,0,0,0,0,0,0
68650,5826,1840.00,5788.53,187.35,0,0,0,0,0,0
68700,5746,-1600.00,5780.02,-170.12,0,0,0,0,0,0
68750,5800,1080.00,5784.02,79.91,0,0,0,0,0,0
68800,5776,-480.00,5782.41,-32.07,0,0,0,0,0,0
68850,5834,1160.00,5792.73,206.34,0,0,0,0,0,0
68900,5782,-1040.00,5790.58,-42.93,0,0,0,0,0,0
68950,5792,200.00,5790.87,5.66,0,0,0,0,0,0
69000,5734,-1160.00,5779.49,-227.47,0,0,0,0,0,0
69050,5650,-1680.00,5753.60,-517.98,0,0,0,0,0,0
69100,5676,520.00,5738.08,-310.38,0,0,0,0,0,0
69150,5648,-560.00,5720.06,-360.30,0,0,0,0,0,0
69200,5712,1280.00,5718.45,-32.25,0,0,0,0,0,0
69250,5654,-1160.00,5705.56,-257.79,0,0,0,0,0,0
69300,5716,1240.00,5707.65,41.76,0,0,0,0,0,0
69350,5700,-320.00,5706.12,-30.59,0,0,0,0,0,0
69400,5726,520.00,5710.09,79.53,0,0,0,0,0,0
69450,5746,400.00,5717.28,143.62,0,0,0,0,0,0
69500,5734,-240.00,5720.62,66.89,0,0,0,0,0,0
69550,5656,-1560.00,5707.70,-258.49,0,0,0,0,0,0
69600,5632,-480.00,5692.56,-302.78,0,0,0,0,0,0
69650,5638,120.00,5681.65,-218.23,0,0,0,0,0,0
69700,5602,-720.00,5665.72,-318.58,0,0,0,0,0,0
69750,5606,80.00,5653.77,-238.87,0,0,0,0,0,0
69800,5640,680.00,5651.02,-55.09,0,0,0,0,0,0
69850,5646,120.00,5650.01,-20.08,0,0,0,0,0,0
69900,5702,1120.00,5660.41,207.94,0,0,0,0,0,0
69950,5660,-840.00,5660.33,-1.65,0,0,0,0,0,0
70000,5688,560.00,5665.86,110.68,0,0,0,0,0,0
70050,5688,0.00,5670.29,88.54,0,0,0,0,0,0
70100,5622,-1320.00,5660.63,-193.16,0,0,0,0,0,0
70150,5668,920.00,5662.11,29.47,0,0,0,0,0,0
70200,5672,80.00,5664.08,39.58,0,0,0,0,0,0
70250,5628,-880.00,5656.87,-144.34,0,0,0,0,0,0
70300,5664,720.00,5658.29,28.53,0,0,0,0,0,0
70350,5608,-1120.00,5648.24,-201.18,0,0,0,0,0,0
70400,5660,1040.00,5650.59,47.06,0,0,0,0,0,0
70450,5610,-1000.00,5642.47,-162.35,0,0,0,0,0,0
70500,5642,640.00,5642.38,-1.88,0,0,0,0,0,0
70550,5552,-1800.00,5624.30,-361.50,0,0,0,0,0,0
70600,5530,-440.00,5605.44,-377.21,0,0,0,0,0,0
70650,5516,-280.00,5587.55,-357.76,0,0,0,0,0,0
70700,5552,720.00,5580.44,-142.21,0,0,0,0,0,0
70750,5542,-200.00,5572.75,-153.77,0,0,0,0,0,0
70800,5544,40.00,5567.00,-115.02,0,0,0,0,0,0
70850,5594,1000.00,5572.40,107.99,0,0,0,0,0,0
70900,5530,-1280.00,5563.92,-169.61,0,0,0,0,0,0
70950,5510,-400.00,5553.14,-215.68,0,0,0,0,0,0
71000,5490,-400.00,5540.51,-252.55,0,0,0,0,0,0
71050,5522,640.00,5536.81,-74.04,0,0,0,0,0,0
71100,5468,-1080.00,5523.05,-275.23,0,0,0,0,0,0
71150,5510,840.00,5520.44,-52.19,0,0,0,0,0,0
71200,5486,-480.00,5513.55,-137.74,0,0,0,0,0,0
71250,5452,-680.00,5501.24,-246.20,0,0,0,0,0,0
71300,5470,360.00,5494.99,-124.96,0,0,0,0,0,0
71350,5466,-80.00,5489.19,-115.97,0,0,0,0,0,0
71400,5472,120.00,5485.75,-68.77,0,0,0,0,0,0
71450,5486,280.00,5485.80,0.98,0,0,0,0,0,0
71500,5470,-320.00,5482.64,-63.21,0,0,0,0,0,0
71550,5430,-800.00,5472.11,-210.58,0,0,0,0,0,0
71600,5476,920.00,5472.89,15.55,0,0,0,0,0,0
71650,5450,-520.00,5468.31,-91.56,0,0,0,0,0,0
71700,5426,-480.00,5459.85,-169.26,0,0,0,0,0,0
71750,5580,3080.00,5483.88,480.60,0,0,0,0,0,0
71800,5508,-1440.00,5488.70,96.47,0,0,0,0,0,0
71850,5562,1080.00,5503.36,293.18,0,0,0,0,0,0
71900,5542,-400.00,5511.09,154.55,0,0,0,0,0,0
71950,5508,-680.00,5510.47,-12.36,0,0,0,0,0,0
72000,5472,-720.00,5502.78,-153.89,0,0,0,0,0,0
72050,5474,40.00,5497.02,-115.12,0,0,0,0,0,0
72100,5434,-800.00,5484.42,-252.09,0,0,0,0,0,0
72150,5360,-1480.00,5459.53,-497.68,0,0,0,0,0,0
72200,5404,880.00,5448.43,-222.14,0,0,0,0,0,0
72250,5406,40.00,5439.94,-169.71,0,0,0,0,0,0
72300,5364,-840.00,5424.75,-303.77,0,0,0,0,0,0
72350,5382,360.00,5416.20,-171.02,0,0,0,0,0,0
72400,5344,-760.00,5401.76,-288.81,0,0,0,0,0,0
72450,5382,760.00,5397.81,-79.05,0,0,0,0,0,0
72500,5334,-960.00,5385.05,-255.23,0,0,0,0,0,0
72550,5314,-400.00,5370.84,-284.19,0,0,0,0,0,0
72600,5336,440.00,5363.87,-139.36,0,0,0,0,0,0
72650,5346,200.00,5360.30,-71.48,0,0,0,0,0,0
72700,5324,-440.00,5353.04,-145.19,0,0,0,0,0,0
72750,5352,560.00,5352.83,-4.15,0,0,0,0,0,0
72800,5328,-480.00,5347.86,-99.32,0,0,0,0,0,0
72850,5328,0.00,5343.89,-79.45,0,0,0,0,0,0
72900,5314,-280.00,5337.91,-119.56,0,0,0,0,0,0
72950,5324,200.00,5335.13,-55.65,0,0,0,0,0,0
73000,5326,40.00,5333.30,-36.52,0,0,0,0,0,0
73050,5348,440.00,5336.24,58.78,0,0,0,0,0,0
73100,5382,680.00,5345.39,183.03,0,0,0,0,0,0
73150,5360,-440.00,5348.32,58.42,0,0,0,0,0,0
73200,5284,-1520.00,5335.45,-257.27,0,0,0,0,0,0
73250,5256,-560.00,5319.56,-317.81,0,0,0,0,0,0
73300,5322,1320.00,5320.05,9.76,0,0,0,0,0,0
73350,5240,-1640.00,5304.04,-320.20,0,0,0,0,0,0
73400,5250,200.00,5293.23,-216.16,0,0,0,0,0,0
73450,5308,1160.00,5296.18,59.07,0,0,0,0,0,0
73500,5278,-600.00,5292.55,-72.74,0,0,0,0,0,0
73550,5294,320.00,5292.84,5.81,0,0,0,0,0,0
73600,5250,-880.00,5284.27,-171.36,0,0,0,0,0,0
73650,5264,280.00,5280.22,-81.08,0,0,0,0,0,0
73700,5200,-1280.00,5264.17,-320.87,0,0,0,0,0,0
73750,5276,1520.00,5266.54,47.30,0,0,0,0,0,0
73800,5242,-680.00,5261.63,-98.15,0,0,0,0,0,0
73850,5212,-600.00,5251.70,-198.53,0,0,0,0,0,0
73900,5266,1080.00,5254.56,57.19,0,0,0,0,0,0
73950,5198,-1360.00,5243.25,-226.25,0,0,0,0,0,0
74000,5208,200.00,5236.20,-141.01,0,0,0,0,0,0
74050,5196,-240.00,5228.16,-160.80,0,0,0,0,0,0
74100,5250,1080.00,5232.53,87.35,0,0,0,0,0,0
74150,5198,-1040.00,5225.62,-138.12,0,0,0,0,0,0
74200,5196,-40.00,5219.70,-118.49,0,0,0,0,0,0
74250,5208,240.00,5217.36,-46.80,0,0,0,0,0,0
74300,5182,-520.00,5210.29,-141.44,0,0,0,0,0,0
74350,5250,1360.00,5218.23,158.86,0,0,0,0,0,0
74400,5260,200.00,5226.58,167.08,0,0,0,0,0,0
74450,5222,-760.00,5225.67,-18.33,0,0,0,0,0,0
74500,5222,0.00,5224.93,-14.67,0,0,0,0,0,0
74550,5166,-1120.00,5213.15,-235.73,0,0,0,0,0,0
74600,5108,-1160.00,5192.12,-420.59,0,0,0,0,0,0
74650,5050,-1160.00,5163.69,-568.47,0,0,0,0,0,0
74700,5164,2280.00,5163.76,1.22,0,0,0,0,0,0
74750,5172,160.00,5165.40,32.98,0,0,0,0,0,0
74800,5182,200.00,5168.72,66.39,0,0,0,0,0,0
74850,5124,-1160.00,5159.78,-178.90,0,0,0,0,0,0
74900,5114,-200.00,5150.62,-183.12,0,0,0,0,0,0
74950,5168,1080.00,5154.10,69.51,0,0,0,0,0,0
75000,5150,-360.00,5153.28,-16.40,0,0,0,0,0,0
75050,5136,-280.00,5149.82,-69.11,0,0,0,0,0,0
75100,5146,200.00,5149.06,-15.29,0,0,0,0,0,0
75150,5050,-1920.00,5129.25,-396.23,0,0,0,0,0,0
75200,5036,-280.00,5110.60,-372.99,0,0,0,0,0,0
75250,5082,920.00,5104.88,-114.39,0,0,0,0,0,0
75300,5146,1280.00,5113.10,164.49,0,0,0,0,0,0
75350,5128,-360.00,5116.08,59.59,0,0,0,0,0,0
75400,5112,-320.00,5115.27,-16.33,0,0,0,0,0,0
75450,5134,440.00,5119.01,74.94,0,0,0,0,0,0
75500,5156,440.00,5126.41,147.95,0,0,0,0,0,0
75550,5086,-1400.00,5118.33,-161.64,0,0,0,0,0,0
75600,5110,480.00,5116.66,-33.31,0,0,0,0,0,0
75650,5124,280.00,5118.13,29.35,0,0,0,0,0,0
75700,5098,-520.00,5114.10,-80.52,0,0,0,0,0,0
75750,5100,40.00,5111.28,-56.42,0,0,0,0,0,0
75800,5090,-200.00,5107.03,-85.14,0,0,0,0,0,0
75850,5102,240.00,5106.02,-20.11,0,0,0,0,0,0
75900,5086,-320.00,5102.02,-80.09,0,0,0,0,0,0
75950,5056,-600.00,5092.81,-184.06,0,0,0,0,0,0
76000,5156,2000.00,5105.45,252.74,0,0,0,0,0,0
76050,5146,-200.00,5113.56,162.20,0,0,0,0,0,0
76100,5018,-2560.00,5094.45,-382.25,0,0,0,0,0,0
76150,4984,-680.00,5072.36,-441.80,0,0,0,0,0,0
76200,4984,0.00,5054.69,-353.44,0,0,0,0,0,0
76250,4980,-80.00,5039.75,-298.75,0,0,0,0,0,0
76300,4946,-680.00,5021.00,-375.00,0,0,0,0,0,0
76350,5004,1160.00,5017.60,-68.00,0,0,0,0,0,0
76400,4996,-160.00,5013.28,-86.40,0,0,0,0,0,0
76450,4992,-80.00,5009.02,-85.12,0,0,0,0,0,0
76500,5006,280.00,5008.42,-12.09,0,0,0,0,0,0
76550,5068,1240.00,5020.33,238.32,0,0,0,0,0,0
76600,5108,800.00,5037.87,350.66,0,0,0,0,0,0
76650,4978,-2600.00,5025.89,-239.47,0,0,0,0,0,0
76700,4990,240.00,5018.72,-143.57,0,0,0,0,0,0
76750,4984,-120.00,5011.77,-138.87,0,0,0,0,0,0
76800,4966,-360.00,5002.62,-183.09,0,0,0,0,0,0
76850,4976,200.00,4997.29,-106.47,0,0,0,0,0,0
76900,4962,-280.00,4990.24,-141.18,0,0,0,0,0,0
76950,4940,-440.00,4980.19,-200.94,0,0,0,0,0,0
77000,4992,1040.00,4982.55,47.25,0,0,0,0,0,0
77050,4922,-1400.00,4970.44,-242.21,0,0,0,0,0,0
77100,4964,840.00,4969.15,-25.76,0,0,0,0,0,0
77150,5010,920.00,4977.32,163.39,0,0,0,0,0,0
77200,4970,-800.00,4975.86,-29.29,0,0,0,0,0,0
77250,4966,-80.00,4973.89,-39.43,0,0,0,0,0,0
77300,4960,-120.00,4971.11,-55.55,0,0,0,0,0,0
77350,4924,-720.00,4961.69,-188.44,0,0,0,0,0,0
77400,4964,800.00,4962.15,9.26,0,0,0,0,0,0
77450,4932,-640.00,4956.12,-120.60,0,0,0,0,0,0
77500,4920,-240.00,4948.90,-144.48,0,0,0,0,0,0
77550,4964,880.00,4951.92,60.42,0,0,0,0,0,0
77600,4976,240.00,4956.73,96.34,0,0,0,0,0,0
77650,4942,-680.00,4953.79,-58.94,0,0,0,0,0,0
77700,4984,840.00,4959.83,120.85,0,0,0,0,0,0
77750,4930,-1080.00,4953.86,-119.32,0,0,0,0,0,0
77800,4920,-200.00,4947.09,-135.45,0,0,0,0,0,0
77850,4904,-320.00,4938.47,-172.36,0,0,0,0,0,0
77900,4874,-600.00,4925.58,-257.89,0,0,0,0,0,0
77950,4886,240.00,4917.66,-158.31,0,0,0,0,0,0
78000,4854,-640.00,4904.93,-254.65,0,0,0,0,0,0
78050,4814,-800.00,4886.74,-363.72,0,0,0,0,0,0
78100,4834,400.00,4876.20,-210.98,0,0,0,0,0,0
78150,4864,600.00,4873.76,-48.78,0,0,0,0,0,0
78200,4850,-280.00,4869.00,-95.03,0,0,0,0,0,0
78250,4840,-200.00,4863.20,-116.02,0,0,0,0,0,0
78300,4866,520.00,4863.76,11.18,0,0,0,0,0,0
78350,4878,240.00,4866.61,56.94,0,0,0,0,0,0
78400,4936,1160.00,4880.49,277.56,0,0,0,0,0,0
78450,4888,-960.00,4881.99,30.05,0,0,0,0,0,0
78500,4890,40.00,4883.59,32.04,0,0,0,0,0,0
78550,4896,120.00,4886.07,49.63,0,0,0,0,0,0
78600,4868,-560.00,4882.46,-72.29,0,0,0,0,0,0
78650,4896,560.00,4885.17,54.16,0,0,0,0,0,0
78700,4904,160.00,4888.93,75.33,0,0,0,0,0,0
78750,4772,-2640.00,4865.55,-467.73,0,0,0,0,0,0
78800,4790,360.00,4850.44,-302.19,0,0,0,0,0,0
78850,4822,640.00,4844.75,-113.75,0,0,0,0,0,0
78900,4748,-1480.00,4825.40,-387.00,0,0,0,0,0,0
78950,4734,-280.00,4807.12,-365.61,0,0,0,0,0,0
79000,4780,920.00,4801.70,-108.48,0,0,0,0,0,0
79050,4884,2080.00,4818.16,329.22,0,0,0,0,0,0
79100,4834,-1000.00,4821.33,63.37,0,0,0,0,0,0
79150,4788,-920.00,4814.66,-133.30,0,0,0,0,0,0
79200,4766,-440.00,4804.93,-194.64,0,0,0,0,0,0
79250,4690,-1520.00,4781.94,-459.72,0,0,0,0,0,0
79300,4734,880.00,4772.35,-191.77,0,0,0,0,0,0
79350,4754,400.00,4768.68,-73.42,0,0,0,0,0,0
79400,4794,800.00,4773.75,101.27,0,0,0,0,0,0
79450,4672,-2440.00,4753.40,-406.99,0,0,0,0,0,0
79500,4750,1560.00,4752.72,-13.59,0,0,0,0,0,0
79550,4830,1600.00,4768.17,309.13,0,0,0,0,0,0
79600,4818,-240.00,4778.14,199.31,0,0,0,0,0,0
79650,4836,360.00,4789.71,231.45,0,0,0,0,0,0
79700,4772,-1280.00,4786.17,-70.85,0,0,0,0,0,0
79750,4700,-1440.00,4768.94,-344.68,0,0,0,0,0,0
79800,4624,-1520.00,4739.95,-579.75,0,0,0,0,0,0
79850,4686,1240.00,4729.16,-215.79,0,0,0,0,0,0
79900,4654,-640.00,4714.13,-300.63,0,0,0,0,0,0
79950,4680,520.00,4707.30,-136.50,0,0,0,0,0,0
80000,4678,-40.00,4701.44,-117.21,0,0,0,0,0,0
80050,4664,-280.00,4693.95,-149.77,0,0,0,0,0,0
80100,4702,760.00,4695.56,32.19,0,0,0,0,0,0
80150,4726,480.00,4701.65,121.75,0,0,0,0,0,0
80200,4694,-640.00,4700.12,-30.60,0,0,0,0,0,0
80250,4688,-120.00,4697.70,-48.48,0,0,0,0,0,0
80300,4700,240.00,4698.16,9.22,0,0,0,0,0,0
80350,4680,-400.00,4694.53,-72.63,0,0,0,0,0,0
80400,4660,-400.00,4687.62,-138.11,0,0,0,0,0,0
80450,4696,720.00,4689.30,33.52,0,0,0,0,0,0
80500,4576,-2400.00,4666.64,-453.18,0,0,0,0,0,0
80550,4626,1000.00,4658.51,-162.55,0,0,0,0,0,0
80600,4628,40.00,4652.41,-122.04,0,0,0,0,0,0
80650,4606,-440.00,4643.13,-185.63,0,0,0,0,0,0
80700,4620,280.00,4638.50,-92.50,0,0,0,0,0,0
80750,4620,0.00,4634.80,-74.00,0,0,0,0,0,0
80800,4594,-520.00,4626.64,-163.20,0,0,0,0,0,0
80850,4586,-160.00,4618.51,-162.56,0,0,0,0,0,0
80900,4602,320.00,4615.21,-66.05,0,0,0,0,0,0
80950,4564,-760.00,4604.97,-204.84,0,0,0,0,0,0
81000,4604,800.00,4604.77,-3.87,0,0,0,0,0,0
81050,4572,-640.00,4598.22,-131.09,0,0,0,0,0,0
81100,4572,0.00,4592.98,-104.88,0,0,0,0,0,0
81150,4594,440.00,4593.18,4.10,0,0,0,0,0,0
81200,4560,-680.00,4586.54,-132.72,0,0,0,0,0,0
81250,4528,-640.00,4574.84,-234.18,0,0,0,0,0,0
81300,4566,760.00,4573.07,-35.34,0,0,0,0,0,0
81350,4572,120.00,4572.85,-4.28,0,0,0,0,0,0
81400,4532,-800.00,4564.68,-163.42,0,0,0,0,0,0
81450,4588,1120.00,4569.35,93.26,0,0,0,0,0,0
81500,4528,-1200.00,4561.08,-165.39,0,0,0,0,0,0
81550,4506,-440.00,4550.06,-220.31,0,0,0,0,0,0
81600,4516,200.00,4543.25,-136.25,0,0,0,0,0,0
81650,4486,-600.00,4531.80,-228.99,0,0,0,0,0,0
81700,4544,1160.00,4534.24,48.80,0,0,0,0,0,0
81750,4500,-880.00,4527.39,-136.95,0,0,0,0,0,0
81800,4470,-600.00,4515.91,-229.57,0,0,0,0,0,0
81850,4464,-120.00,4505.53,-207.66,0,0,0,0,0,0
81900,4474,200.00,4499.22,-126.12,0,0,0,0,0,0
81950,4448,-520.00,4488.98,-204.89,0,0,0,0,0,0
82000,4468,400.00,4484.78,-83.92,0,0,0,0,0,0
82050,4448,-400.00,4477.43,-147.14,0,0,0,0,0,0
82100,4476,560.00,4477.14,-5.70,0,0,0,0,0,0
82150,4444,-640.00,4470.51,-132.57,0,0,0,0,0,0
82200,4462,360.00,4468.81,-34.05,0,0,0,0,0,0
82250,4464,40.00,4467.85,-19.24,0,0,0,0,0,0
82300,4470,120.00,4468.28,8.60,0,0,0,0,0,0
82350,4506,720.00,4475.82,150.89,0,0,0,0,0,0
82400,4436,-1400.00,4467.86,-159.30,0,0,0,0,0,0
82450,4432,-80.00,4460.69,-143.44,0,0,0,0,0,0
82500,4438,120.00,4456.15,-90.74,0,0,0,0,0,0
82550,4444,120.00,4453.72,-48.59,0,0,0,0,0,0
82600,4410,-680.00,4444.98,-174.88,0,0,0,0,0,0
82650,4424,280.00,4440.78,-83.91,0,0,0,0,0,0
82700,4406,-360.00,4433.82,-139.12,0,0,0,0,0,0
82750,4412,120.00,4429.46,-87.29,0,0,0,0,0,0
82800,4412,0.00,4425.97,-69.83,0,0,0,0,0,0
82850,4376,-720.00,4415.97,-199.87,0,0,0,0,0,0
82900,4398,440.00,4412.38,-71.89,0,0,0,0,0,0
82950,4404,120.00,4410.70,-33.52,0,0,0,0,0,0
83000,4406,40.00,4409.76,-18.82,0,0,0,0,0,0
83050,4390,-320.00,4405.81,-79.05,0,0,0,0,0,0
83100,4366,-480.00,4397.85,-159.24,0,0,0,0,0,0
83150,4372,120.00,4392.68,-103.39,0,0,0,0,0,0
83200,4402,600.00,4394.54,37.29,0,0,0,0,0,0
83250,4422,400.00,4400.03,109.82,0,0,0,0,0,0
83300,4350,-1440.00,4390.03,-200.14,0,0,0,0,0,0
83350,4386,720.00,4389.22,-16.11,0,0,0,0,0,0
83400,4348,-760.00,4380.98,-164.88,0,0,0,0,0,0
83450,4408,1200.00,4386.38,108.09,0,0,0,0,0,0
83500,4388,-400.00,4386.71,6.47,0,0,0,0,0,0
83550,4338,-1000.00,4376.96,-194.82,0,0,0,0,0,0
83600,4320,-360.00,4365.57,-227.86,0,0,0,0,0,0
83650,4330,200.00,4358.46,-142.29,0,0,0,0,0,0
83700,4332,40.00,4353.17,-105.83,0,0,0,0,0,0
83750,4334,40.00,4349.33,-76.66,0,0,0,0,0,0
83800,4322,-240.00,4343.87,-109.33,0,0,0,0,0,0
83850,4324,40.00,4339.89,-79.46,0,0,0,0,0,0
83900,4294,-600.00,4330.71,-183.57,0,0,0,0,0,0
83950,4384,1800.00,4341.37,213.14,0,0,0,0,0,0
84000,4354,-600.00,4343.90,50.52,0,0,0,0,0,0
84050,4296,-1160.00,4334.32,-191.59,0,0,0,0,0,0
84100,4350,1080.00,4337.45,62.72,0,0,0,0,0,0
84150,4278,-1440.00,4325.56,-237.81,0,0,0,0,0,0
84200,4246,-640.00,4309.65,-318.25,0,0,0,0,0,0
84250,4262,320.00,4300.12,-190.61,0,0,0,0,0,0
84300,4332,1400.00,4306.50,127.52,0,0,0,0,0,0
84350,4220,-2240.00,4289.20,-345.99,0,0,0,0,0,0
84400,4350,2600.00,4301.36,243.21,0,0,0,0,0,0
84450,4256,-1880.00,4292.29,-181.44,0,0,0,0,0,0
84500,4340,1680.00,4301.83,190.86,0,0,0,0,0,0
84550,4282,-1160.00,4297.86,-79.32,0,0,0,0,0,0
84600,4244,-760.00,4287.09,-215.45,0,0,0,0,0,0
84650,4198,-920.00,4269.27,-356.37,0,0,0,0,0,0
84700,4218,400.00,4259.02,-205.09,0,0,0,0,0,0
84750,4226,160.00,4252.41,-132.07,0,0,0,0,0,0
84800,4230,80.00,4247.93,-89.66,0,0,0,0,0,0
84850,4240,200.00,4246.35,-31.73,0,0,0,0,0,0
84900,4248,160.00,4246.68,6.62,0,0,0,0,0,0
84950,4248,0.00,4246.94,5.29,0,0,0,0,0,0
85000,4242,-120.00,4245.95,-19.77,0,0,0,0,0,0
85050,4230,-240.00,4242.76,-63.81,0,0,0,0,0,0
85100,4216,-280.00,4237.41,-107.05,0,0,0,0,0,0
85150,4226,200.00,4235.13,-45.63,0,0,0,0,0,0
85200,4124,-2040.00,4212.90,-444.51,0,0,0,0,0,0
85250,4186,1240.00,4207.52,-107.61,0,0,0,0,0,0
85300,4158,-560.00,4197.62,-198.09,0,0,0,0,0,0
85350,4182,480.00,4194.49,-62.47,0,0,0,0,0,0
85400,4204,440.00,4196.40,38.03,0,0,0,0,0,0
85450,4154,-1000.00,4187.92,-169.58,0,0,0,0,0,0
85500,4136,-360.00,4177.53,-207.67,0,0,0,0,0,0
85550,4166,600.00,4175.23,-46.13,0,0,0,0,0,0
85600,4158,-160.00,4171.78,-68.91,0,0,0,0,0,0
85650,4110,-960.00,4159.42,-247.13,0,0,0,0,0,0
85700,4082,-560.00,4143.94,-309.70,0,0,0,0,0,0
85750,4096,280.00,4134.35,-191.76,0,0,0,0,0,0
85800,4094,-40.00,4126.28,-161.41,0,0,0,0,0,0
85850,4074,-400.00,4115.83,-209.13,0,0,0,0,0,0
85900,4122,960.00,4117.06,24.70,0,0,0,0,0,0
85950,4114,-160.00,4116.45,-12.24,0,0,0,0,0,0
86000,4096,-360.00,4112.36,-81.80,0,0,0,0,0,0
86050,4142,920.00,4118.29,118.56,0,0,0,0,0,0
86100,4140,-40.00,4122.63,86.86,0,0,0,0,0,0
86150,4128,-240.00,4123.70,21.48,0,0,0,0,0,0
86200,4090,-760.00,4116.96,-134.81,0,0,0,0,0,0
86250,4190,2000.00,4131.57,292.15,0,0,0,0,0,0
86300,4140,-1000.00,4133.26,33.72,0,0,0,0,0,0
86350,4102,-760.00,4127.00,-125.03,0,0,0,0,0,0
86400,4040,-1240.00,4109.60,-348.02,0,0,0,0,0,0
86450,4056,320.00,4098.88,-214.41,0,0,0,0,0,0
86500,4110,1080.00,4101.11,44.46,0,0,0,0,0,0
86550,4094,-320.00,4099.68,-28.43,0,0,0,0,0,0
86600,4074,-400.00,4094.55,-102.74,0,0,0,0,0,0
86650,4100,520.00,4095.64,21.81,0,0,0,0,0,0
86700,4118,360.00,4100.11,89.45,0,0,0,0,0,0
86750,4098,-400.00,4099.69,-8.45,0,0,0,0,0,0
86800,4076,-440.00,4094.95,-94.76,0,0,0,0,0,0
86850,4084,160.00,4092.76,-43.80,0,0,0,0,0,0
86900,4038,-920.00,4081.81,-219.04,0,0,0,0,0,0
86950,4022,-320.00,4069.85,-239.23,0,0,0,0,0,0
87000,4058,720.00,4067.48,-47.39,0,0,0,0,0,0
87050,4066,160.00,4067.18,-5.91,0,0,0,0,0,0
87100,4034,-640.00,4060.55,-132.73,0,0,0,0,0,0
87150,3998,-720.00,4048.04,-250.18,0,0,0,0,0,0
87200,4046,960.00,4047.63,-8.14,0,0,0,0,0,0
87250,4044,-40.00,4046.90,-14.52,0,0,0,0,0,0
87300,4024,-400.00,4042.32,-91.61,0,0,0,0,0,0
87350,4004,-400.00,4034.66,-153.29,0,0,0,0,0,0
87400,4004,0.00,4028.53,-122.63,0,0,0,0,0,0
87450,3996,-160.00,4022.02,-130.11,0,0,0,0,0,0
87500,4034,760.00,4024.42,47.92,0,0,0,0,0,0
87550,3998,-720.00,4019.13,-105.67,0,0,0,0,0,0
87600,3998,0.00,4014.91,-84.54,0,0,0,0,0,0
87650,3970,-560.00,4005.93,-179.63,0,0,0,0,0,0
87700,3994,480.00,4003.54,-47.70,0,0,0,0,0,0
87750,3940,-1080.00,3990.83,-254.16,0,0,0,0,0,0
87800,3940,0.00,3980.67,-203.33,0,0,0,0,0,0
87850,3930,-200.00,3970.53,-202.66,0,0,0,0,0,0
87900,3940,200.00,3964.43,-122.13,0,0,0,0,0,0
87950,3948,160.00,3961.14,-65.70,0,0,0,0,0,0
88000,4000,1040.00,3968.91,155.43,0,0,0,0,0,0
88050,3988,-240.00,3972.73,76.35,0,0,0,0,0,0
88100,3952,-720.00,3968.58,-82.92,0,0,0,0,0,0
88150,3942,-200.00,3963.27,-106.34,0,0,0,0,0,0
88200,3942,0.00,3959.01,-85.07,0,0,0,0,0,0
88250,3910,-640.00,3949.21,-196.05,0,0,0,0,0,0
88300,3970,1200.00,3953.37,83.15,0,0,0,0,0,0
88350,3960,-200.00,3954.69,26.52,0,0,0,0,0,0
88400,3912,-960.00,3946.16,-170.78,0,0,0,0,0,0
88450,3884,-560.00,3933.72,-248.62,0,0,0,0,0,0
88500,3860,-480.00,3918.98,-294.90,0,0,0,0,0,0
88550,3870,200.00,3909.18,-195.92,0,0,0,0,0,0
88600,3900,600.00,3907.35,-36.74,0,0,0,0,0,0
88650,3876,-480.00,3901.08,-125.39,0,0,0,0,0,0
88700,3846,-600.00,3890.06,-220.31,0,0,0,0,0,0
88750,3872,520.00,3886.45,-72.25,0,0,0,0,0,0
88800,3846,-520.00,3878.36,-161.80,0,0,0,0,0,0
88850,3862,320.00,3875.09,-65.44,0,0,0,0,0,0
88900,3878,320.00,3875.67,11.65,0,0,0,0,0,0
88950,3862,-320.00,3872.94,-54.68,0,0,0,0,0,0
89000,3862,0.00,3870.75,-43.75,0,0,0,0,0,0
89050,3826,-720.00,3861.80,-178.99,0,0,0,0,0,0
89100,3842,320.00,3857.84,-79.20,0,0,0,0,0,0
89150,3858,320.00,3857.87,0.64,0,0,0,0,0,0
89200,3886,560.00,3863.50,112.51,0,0,0,0,0,0
89250,3856,-600.00,3862.00,-29.99,0,0,0,0,0,0
89300,3758,-1960.00,3841.20,-415.99,0,0,0,0,0,0
89350,3796,760.00,3832.16,-180.79,0,0,0,0,0,0
89400,3838,840.00,3833.33,23.36,0,0,0,0,0,0
89450,3850,240.00,3836.66,66.69,0,0,0,0,0,0
89500,3790,-1200.00,3827.33,-186.65,0,0,0,0,0,0
89550,3784,-120.00,3818.66,-173.32,0,0,0,0,0,0
89600,3790,120.00,3812.93,-114.65,0,0,0,0,0,0
89650,3778,-240.00,3805.94,-139.72,0,0,0,0,0,0
89700,3800,440.00,3804.76,-23.78,0,0,0,0,0,0
89750,3816,320.00,3807.00,44.98,0,0,0,0,0,0
89800,3772,-880.00,3800.00,-140.02,0,0,0,0,0,0
89850,3762,-200.00,3792.40,-152.02,0,0,0,0,0,0
89900,3782,400.00,3790.32,-41.61,0,0,0,0,0,0
89950,3742,-800.00,3780.66,-193.29,0,0,0,0,0,0
90000,3790,960.00,3782.53,37.37,0,0,0,0,0,0
90050,3756,-680.00,3777.22,-106.10,0,0,0,0,0,0
90100,3754,-40.00,3772.58,-92.89,0,0,0,0,0,0
90150,3750,-80.00,3768.06,-90.31,0,0,0,0,0,0
90200,3742,-160.00,3762.85,-104.24,0,0,0,0,0,0
90250,3850,2160.00,3780.28,348.60,0,0,0,0,0,0
90300,3802,-960.00,3784.62,86.88,0,0,0,0,0,0
90350,3810,160.00,3789.70,101.50,0,0,0,0,0,0
90400,3728,-1640.00,3777.36,-246.80,0,0,0,0,0,0
90450,3746,360.00,3771.09,-125.43,0,0,0,0,0,0
90500,3734,-240.00,3763.67,-148.35,0,0,0,0,0,0
90550,3670,-1280.00,3744.94,-374.68,0,0,0,0,0,0
90600,3632,-760.00,3722.35,-451.74,0,0,0,0,0,0
90650,3750,2360.00,3727.88,110.61,0,0,0,0,0,0
90700,3734,-320.00,3729.10,24.48,0,0,0,0,0,0
90750,3714,-400.00,3726.08,-60.41,0,0,0,0,0,0
90800,3704,-200.00,3721.67,-88.33,0,0,0,0,0,0
90850,3744,800.00,3726.13,89.34,0,0,0,0,0,0
90900,3724,-400.00,3725.71,-8.53,0,0,0,0,0,0
90950,3756,640.00,3731.77,121.18,0,0,0,0,0,0
91000,3748,-160.00,3735.01,64.94,0,0,0,0,0,0
91050,3670,-1560.00,3722.01,-260.05,0,0,0,0,0,0
91100,3792,2440.00,3736.01,279.96,0,0,0,0,0,0
91150,3716,-1520.00,3732.01,-80.03,0,0,0,0,0,0
91200,3702,-280.00,3726.01,-120.02,0,0,0,0,0,0
91250,3674,-560.00,3715.60,-208.02,0,0,0,0,0,0
91300,3712,760.00,3714.88,-14.41,0,0,0,0,0,0
91350,3708,-80.00,3713.51,-27.53,0,0,0,0,0,0
91400,3712,80.00,3713.21,-6.03,0,0,0,0,0,0
91450,3666,-920.00,3703.76,-188.82,0,0,0,0,0,0
91500,3588,-1560.00,3680.61,-463.06,0,0,0,0,0,0
91550,3604,320.00,3665.29,-306.45,0,0,0,0,0,0
91600,3678,1480.00,3667.83,50.84,0,0,0,0,0,0
91650,3614,-1280.00,3657.06,-215.33,0,0,0,0,0,0
91700,3592,-440.00,3644.05,-260.26,0,0,0,0,0,0
91750,3540,-1040.00,3623.24,-416.21,0,0,0,0,0,0
91800,3568,560.00,3612.19,-220.97,0,0,0,0,0,0
91850,3560,-160.00,3601.75,-208.77,0,0,0,0,0,0
91900,3560,0.00,3593.40,-167.02,0,0,0,0,0,0
91950,3532,-560.00,3581.12,-245.62,0,0,0,0,0,0
92000,3588,1120.00,3582.50,27.51,0,0,0,0,0,0
92050,3542,-920.00,3574.40,-161.99,0,0,0,0,0,0
92100,3560,360.00,3571.52,-57.60,0,0,0,0,0,0
92150,3526,-680.00,3562.42,-182.08,0,0,0,0,0,0
92200,3596,1400.00,3569.13,134.34,0,0,0,0,0,0
92250,3434,-3240.00,3542.11,-540.53,0,0,0,0,0,0
92300,3566,2640.00,3546.88,95.58,0,0,0,0,0,0
92350,3562,-80.00,3549.91,60.46,0,0,0,0,0,0
92400,3566,80.00,3553.13,64.37,0,0,0,0,0,0
92450,3578,240.00,3558.10,99.50,0,0,0,0,0,0
92500,3564,-280.00,3559.28,23.59,0,0,0,0,0,0
92550,3588,480.00,3565.02,114.88,0,0,0,0,0,0
92600,3592,80.00,3570.42,107.90,0,0,0,0,0,0
92650,3566,-520.00,3569.54,-17.68,0,0,0,0,0,0
92700,3590,480.00,3573.63,81.86,0,0,0,0,0,0
92750,3574,-320.00,3573.70,1.48,0,0,0,0,0,0
92800,3520,-1080.00,3562.96,-214.81,0,0,0,0,0,0
92850,3490,-600.00,3548.37,-291.85,0,0,0,0,0,0
92900,3514,480.00,3541.50,-137.48,0,0,0,0,0,0
92950,3490,-480.00,3531.20,-205.98,0,0,0,0,0,0
93000,3520,600.00,3528.96,-44.79,0,0,0,0,0,0
93050,3536,320.00,3530.37,28.17,0,0,0,0,0,0
93100,3540,80.00,3532.29,38.54,0,0,0,0,0,0
93150,3494,-920.00,3524.63,-153.17,0,0,0,0,0,0
93200,3504,200.00,3520.51,-82.53,0,0,0,0,0,0
93250,3472,-640.00,3510.81,-194.03,0,0,0,0,0,0
93300,3504,640.00,3509.44,-27.22,0,0,0,0,0,0
93350,3448,-1120.00,3497.16,-245.78,0,0,0,0,0,0
93400,3448,0.00,3487.32,-196.62,0,0,0,0,0,0
93450,3380,-1360.00,3465.86,-429.30,0,0,0,0,0,0
93500,3394,280.00,3451.49,-287.44,0,0,0,0,0,0
93550,3398,80.00,3440.79,-213.95,0,0,0,0,0,0
93600,3442,880.00,3441.03,4.84,0,0,0,0,0,0
93650,3422,-400.00,3437.23,-76.13,0,0,0,0,0,0
93700,3488,1320.00,3447.38,203.10,0,0,0,0,0,0
93750,3530,840.00,3463.90,330.48,0,0,0,0,0,0
93800,0,-7060.00,2771.12,-1385.56,0,0,0,0,0,0
