,ts,acc_x,acc_y,acc_z
0,-3025.643,1.5400000000015401,0.0,0.0
1,-3025.643,1.5400000000015401,0.0,0.0
2,-3025.643,1.5400000000015401,0.0,0.0
3,-3025.643,0.7700000000007701,0.0,0.0
4,-3025.643,0.7700000000007701,0.0,0.0
5,-3025.643,0.7700000000007701,0.0,0.0
6,-3025.643,0.7700000000007701,0.0,0.0
7,-3025.643,1.5400000000015401,0.0,0.0
8,-3025.643,0.7700000000007701,0.0,0.0
9,-3025.643,1.5400000000015401,0.0,0.0
10,-3025.643,0.7700000000007701,0.0,0.0
11,-3025.643,1.5400000000015401,-0.7700000000007701,0.0
12,-3025.643,0.7700000000007701,0.0,0.0
13,-3025.643,1.5400000000015401,0.0,0.0
14,-3025.643,1.5400000000015401,0.0,0.0
15,-3025.643,0.7700000000007701,0.0,0.0
16,-3025.643,0.7700000000007701,0.0,0.0
17,-3025.643,0.7700000000007701,0.0,0.0
18,-3025.643,1.5400000000015401,-0.7700000000007701,0.0
19,-3025.643,0.7700000000007701,0.0,0.0
20,-3025.643,1.5400000000015401,0.0,0.0
21,-3025.643,1.5400000000015401,-0.7700000000007701,0.0
22,-3025.643,3.0800000000030803,0.0,0.0
23,-3025.643,5.39000000000539,0.0,0.0
24,-3025.643,8.47000000000847,0.0,0.0
25,-3025.643,10.01000000001001,-0.7700000000007701,0.0
26,-3025.643,10.78000000001078,0.0,0.0
27,-3025.643,10.78000000001078,0.0,0.0
28,-3025.643,9.24000000000924,0.0,0.0
29,-3025.643,10.01000000001001,0.0,0.0
30,-3025.643,10.78000000001078,0.0,0.0
31,-3025.643,10.01000000001001,0.0,0.0
32,-3025.643,10.01000000001001,0.0,0.0
33,-3025.643,10.01000000001001,0.0,0.0
34,-3025.643,10.01000000001001,0.0,0.0
35,-3025.643,10.01000000001001,0.0,0.0
36,-3025.643,10.01000000001001,0.0,0.0
37,-3025.643,10.01000000001001,0.0,0.0
38,-3025.643,10.01000000001001,0.0,0.0
39,-3025.643,10.01000000001001,0.0,0.0
40,-3025.643,10.01000000001001,0.0,0.0
41,-3025.643,10.01000000001001,0.0,0.0
42,-3025.643,10.01000000001001,0.0,0.0
43,-3025.643,10.01000000001001,0.0,0.0
44,-3025.643,10.01000000001001,0.0,0.0
45,-3025.643,10.01000000001001,0.0,0.0
46,-3025.643,10.01000000001001,0.0,0.0
47,-3025.643,9.24000000000924,0.0,0.0
48,-3025.643,10.01000000001001,0.0,0.0
49,-3025.643,10.01000000001001,0.0,0.0
50,-3025.643,10.01000000001001,-0.7700000000007701,0.0
51,-3025.643,10.01000000001001,0.0,0.0
52,-3025.643,10.01000000001001,0.0,0.0
53,-3025.643,10.01000000001001,0.7700000000007701,0.0
54,-3025.643,9.24000000000924,0.0,0.0
55,-3025.643,10.01000000001001,0.0,0.0
56,-3025.643,10.01000000001001,0.0,0.0
57,-3025.643,10.01000000001001,0.0,0.0
58,-3025.643,9.24000000000924,0.0,0.0
59,-3025.643,10.01000000001001,0.0,0.0
60,-3025.643,10.01000000001001,0.0,0.0
61,-3025.643,10.01000000001001,0.0,0.0
62,-3025.643,10.01000000001001,0.7700000000007701,0.0
63,-3025.643,10.01000000001001,0.0,0.0
64,-3025.643,10.01000000001001,0.0,0.0
65,-3025.643,10.01000000001001,-0.7700000000007701,0.0
66,-3025.643,10.01000000001001,-0.7700000000007701,0.0
67,-3025.643,10.01000000001001,-0.7700000000007701,0.0
68,-3025.643,10.01000000001001,-0.7700000000007701,0.0
69,-3025.643,10.01000000001001,0.0,0.0
70,-3025.643,10.01000000001001,-0.7700000000007701,0.0
71,-3025.643,10.01000000001001,-0.7700000000007701,0.0
72,-3025.643,10.01000000001001,-0.7700000000007701,0.0
73,-3025.643,10.01000000001001,0.0,0.0
74,-3025.643,10.01000000001001,0.0,0.0
75,-3025.643,10.01000000001001,0.0,0.0
76,-3025.643,10.01000000001001,0.0,0.0
77,-3025.643,10.01000000001001,-0.7700000000007701,0.0
78,-3025.643,10.01000000001001,0.0,0.0
79,-3025.643,10.01000000001001,0.0,0.0
80,-3025.643,10.01000000001001,0.0,0.0
81,-3025.643,10.01000000001001,-0.7700000000007701,0.0
82,-3025.643,10.01000000001001,0.0,0.0
83,-3025.643,10.01000000001001,0.0,0.0
84,-3025.643,10.01000000001001,0.0,0.0
85,-3025.643,10.01000000001001,0.0,0.0
86,-3025.643,10.01000000001001,-0.7700000000007701,0.0
87,-3025.643,10.01000000001001,0.0,0.0
88,-3025.643,10.01000000001001,0.0,0.0
89,-3025.643,10.01000000001001,0.0,0.0
90,-3025.643,10.01000000001001,0.0,0.0
91,-3025.643,10.01000000001001,0.0,0.0
92,-3025.643,10.01000000001001,0.0,0.0
93,-3025.643,10.01000000001001,0.0,0.0
94,-3025.643,10.01000000001001,0.0,0.0
95,-3025.643,10.01000000001001,0.0,0.0
96,-3025.643,10.01000000001001,0.0,0.0
97,-3025.643,10.01000000001001,0.0,0.0
98,-3025.643,10.01000000001001,0.0,0.0
99,-3025.643,10.01000000001001,0.0,0.0
100,-3025.643,10.01000000001001,0.0,0.0
101,-3025.643,10.01000000001001,0.0,0.0
102,-3025.643,10.01000000001001,0.0,0.0
103,-3025.643,10.01000000001001,0.0,0.0
104,-3025.643,10.01000000001001,0.0,0.0
105,-3025.643,10.01000000001001,0.0,0.0
106,-3025.643,10.01000000001001,0.0,0.0
107,-3025.643,10.78000000001078,0.0,0.0
108,-3025.643,10.78000000001078,0.0,0.0
109,-3025.643,9.24000000000924,0.0,0.0
110,-3025.643,8.47000000000847,0.0,0.0
111,-3025.643,7.700000000007701,0.0,0.0
112,-3025.643,7.700000000007701,0.0,0.0
113,-3025.643,7.700000000007701,-0.7700000000007701,0.0
114,-3025.643,6.93000000000693,-0.7700000000007701,0.0
115,-3025.643,6.93000000000693,0.0,0.0
116,-3025.643,6.93000000000693,0.0,0.0
117,-3025.643,6.93000000000693,-0.7700000000007701,0.0
118,-3025.643,6.1600000000061605,-0.7700000000007701,0.0
119,-3025.643,6.93000000000693,0.0,0.0
120,-3025.643,6.1600000000061605,-0.7700000000007701,0.0
121,-3025.643,6.1600000000061605,0.0,0.0
122,-3025.643,6.93000000000693,0.0,0.0
123,-3025.643,40.04000000004004,-8.47000000000847,0.0
124,-3025.643,13.86000000001386,-1.5400000000015401,0.0
125,-3025.643,0.0,1.5400000000015401,0.0
126,-3025.643,-1.5400000000015401,-1.5400000000015401,0.0
127,-3025.643,-0.7700000000007701,-0.7700000000007701,0.0
128,-3025.643,0.0,0.0,0.0
129,-3025.643,0.0,0.0,0.0
130,-3025.643,0.0,0.0,0.0
131,-3025.643,0.0,0.0,0.0
132,-3025.643,0.0,-0.7700000000007701,0.0
133,-3025.643,0.0,0.0,0.0
134,-3025.643,0.0,0.0,0.0
135,-3025.643,0.0,0.0,0.0
136,-3025.643,0.0,0.0,0.0
137,-3025.643,0.0,0.0,0.0
138,-3025.643,0.0,-0.7700000000007701,0.0
139,-3025.643,0.0,-0.7700000000007701,0.0
140,-3025.643,86.24000000008624,7.700000000007701,0.0
141,-3025.643,-10.01000000001001,2.31000000000231,0.0
142,-3025.643,23.1000000000231,3.8500000000038503,0.0
143,-3025.643,3.0800000000030803,2.31000000000231,0.0
144,-3025.643,6.1600000000061605,-2.31000000000231,0.0
145,-3025.643,14.63000000001463,-0.7700000000007701,0.0
146,-3025.643,9.24000000000924,-0.7700000000007701,0.0
147,-3025.643,8.47000000000847,0.0,0.0
148,-3025.643,10.01000000001001,0.0,0.0
149,-3025.643,7.700000000007701,-0.7700000000007701,0.0
150,-3025.643,6.93000000000693,-0.7700000000007701,0.0
151,-3025.643,6.93000000000693,0.0,0.0
152,-3025.643,6.1600000000061605,0.0,0.0
153,-3025.643,5.39000000000539,-0.7700000000007701,0.0
154,-3025.643,6.1600000000061605,-0.7700000000007701,0.0
155,-3025.643,4.62000000000462,-1.5400000000015401,0.0
156,-3025.643,3.8500000000038503,-0.7700000000007701,0.0
157,-3025.643,3.8500000000038503,-2.31000000000231,0.0
158,-3025.643,3.0800000000030803,-2.31000000000231,0.0
159,-3025.643,-0.7700000000007701,-6.1600000000061605,0.0
160,-3025.643,-1.5400000000015401,-1.5400000000015401,0.0
161,-3025.643,-3.8500000000038503,-5.39000000000539,0.0
162,-3025.643,-3.8500000000038503,-3.0800000000030803,0.0
163,-3025.643,-4.62000000000462,-3.8500000000038503,0.0
164,-3025.643,-3.0800000000030803,-5.39000000000539,0.0
165,-3025.643,2.31000000000231,-3.0800000000030803,0.0
166,-3025.643,-4.62000000000462,-6.1600000000061605,0.0
167,-3025.643,-6.1600000000061605,-3.0800000000030803,0.0
168,-3025.643,-6.1600000000061605,0.0,0.0
169,-3025.643,-5.39000000000539,0.7700000000007701,0.0
170,-3025.643,-5.39000000000539,1.5400000000015401,0.0
171,-3025.643,-4.62000000000462,0.7700000000007701,0.0
172,-3025.643,-2.31000000000231,0.0,0.0
173,-3025.643,-3.8500000000038503,-0.7700000000007701,0.0
174,-3025.643,-3.0800000000030803,-0.7700000000007701,0.0
175,-3025.643,-2.31000000000231,0.7700000000007701,0.0
176,-3025.643,-2.31000000000231,0.7700000000007701,0.0
177,-3025.643,-2.31000000000231,0.7700000000007701,0.0
178,-3025.643,-2.31000000000231,0.7700000000007701,0.0
179,-3025.643,-0.7700000000007701,0.7700000000007701,0.0
180,-3025.643,-1.5400000000015401,0.7700000000007701,0.0
181,-3025.643,-2.31000000000231,2.31000000000231,0.0
182,-3025.643,-3.0800000000030803,0.0,0.0
183,-3025.643,-0.7700000000007701,-0.7700000000007701,0.0
184,-3025.643,0.0,0.0,0.0
185,-3025.643,1.5400000000015401,3.0800000000030803,0.0
186,-3025.643,0.7700000000007701,-3.0800000000030803,0.0
187,-3025.643,-0.7700000000007701,-0.7700000000007701,0.0
188,-3025.643,-3.0800000000030803,10.01000000001001,0.0
189,-3025.643,-0.7700000000007701,13.09000000001309,0.0
190,-3025.643,-0.7700000000007701,11.55000000001155,0.0
191,-3025.643,2.31000000000231,6.93000000000693,0.0
192,-3025.643,2.31000000000231,8.47000000000847,0.0
193,-3025.643,1.5400000000015401,4.62000000000462,0.0
194,-3025.643,1.5400000000015401,3.8500000000038503,0.0
195,-3025.643,2.31000000000231,6.1600000000061605,0.0
196,-3025.643,2.31000000000231,3.8500000000038503,0.0
197,-3025.643,3.0800000000030803,4.62000000000462,0.0
198,-3025.643,1.5400000000015401,4.62000000000462,0.0
199,-3025.643,0.7700000000007701,4.62000000000462,0.0
200,-3025.643,0.7700000000007701,4.62000000000462,0.0
201,-3025.643,3.8500000000038503,5.39000000000539,0.0
202,-3025.643,10.01000000001001,6.1600000000061605,0.0
203,-3025.643,7.700000000007701,4.62000000000462,0.0
204,-3025.643,3.0800000000030803,0.7700000000007701,0.0
205,-3025.643,1.5400000000015401,0.0,0.0
206,-3025.643,3.0800000000030803,0.7700000000007701,0.0
207,-3025.643,0.7700000000007701,0.7700000000007701,0.0
208,-3025.643,2.31000000000231,0.7700000000007701,0.0
209,-3025.643,6.93000000000693,2.31000000000231,0.0
210,-3025.643,11.55000000001155,6.93000000000693,0.0
211,-3025.643,27.72000000002772,1.5400000000015401,0.0
212,-3025.643,26.95000000002695,-6.1600000000061605,0.0
213,-3025.643,27.72000000002772,-4.62000000000462,0.0
214,-3025.643,7.700000000007701,-3.8500000000038503,0.0
215,-3025.643,18.48000000001848,-0.7700000000007701,0.0
216,-3025.643,9.24000000000924,-7.700000000007701,0.0
217,-3025.643,4.62000000000462,-6.1600000000061605,0.0
218,-3025.643,10.01000000001001,-6.1600000000061605,0.0
219,-3025.643,16.17000000001617,-7.700000000007701,0.0
220,-3025.643,20.79000000002079,-10.01000000001001,0.0
221,-3025.643,22.33000000002233,-13.09000000001309,0.0
222,-3025.643,20.02000000002002,-9.24000000000924,0.0
223,-3025.643,16.94000000001694,-3.8500000000038503,0.0
224,-3025.643,23.1000000000231,1.5400000000015401,0.0
225,-3025.643,21.56000000002156,3.8500000000038503,0.0
226,-3025.643,16.94000000001694,4.62000000000462,0.0
227,-3025.643,27.72000000002772,16.17000000001617,0.0
228,-3025.643,16.94000000001694,10.78000000001078,0.0
229,-3025.643,20.02000000002002,14.63000000001463,0.0
230,-3025.643,22.33000000002233,13.86000000001386,0.0
231,-3025.643,14.63000000001463,7.700000000007701,0.0
232,-3025.643,9.24000000000924,8.47000000000847,0.0
233,-3025.643,10.78000000001078,4.62000000000462,0.0
234,-3025.643,10.78000000001078,3.8500000000038503,0.0
235,-3025.643,10.01000000001001,2.31000000000231,0.0
236,-3025.643,9.24000000000924,-0.7700000000007701,0.0
237,-3025.643,8.47000000000847,-3.0800000000030803,0.0
238,-3025.643,9.24000000000924,-3.0800000000030803,0.0
239,-3025.643,10.01000000001001,-2.31000000000231,0.0
240,-3025.643,10.01000000001001,-2.31000000000231,0.0
241,-3025.643,9.24000000000924,-4.62000000000462,0.0
242,-3025.643,6.93000000000693,-5.39000000000539,0.0
243,-3025.643,6.93000000000693,-4.62000000000462,0.0
244,-3025.643,8.47000000000847,-4.62000000000462,0.0
245,-3025.643,6.93000000000693,-4.62000000000462,0.0
246,-3025.643,6.1600000000061605,-3.8500000000038503,0.0
247,-3025.643,5.39000000000539,-2.31000000000231,0.0
248,-3025.643,4.62000000000462,-2.31000000000231,0.0
249,-3025.643,4.62000000000462,-2.31000000000231,0.0
250,-3025.643,3.8500000000038503,-1.5400000000015401,0.0
251,-3025.643,4.62000000000462,-1.5400000000015401,0.0
252,-3025.643,5.39000000000539,-1.5400000000015401,0.0
253,-3025.643,4.62000000000462,-1.5400000000015401,0.0
254,-3025.643,4.62000000000462,-1.5400000000015401,0.0
255,-3025.643,3.8500000000038503,-1.5400000000015401,0.0
256,-3025.643,3.8500000000038503,-1.5400000000015401,0.0
257,-3025.643,3.0800000000030803,-0.7700000000007701,0.0
258,-3025.643,3.8500000000038503,-0.7700000000007701,0.0
259,-3025.643,3.8500000000038503,-0.7700000000007701,0.0
260,-3025.643,3.0800000000030803,0.0,0.0
261,-3025.643,2.31000000000231,0.0,0.0
262,-3025.643,2.31000000000231,-0.7700000000007701,0.0
263,-3025.643,2.31000000000231,0.0,0.0
264,-3025.643,2.31000000000231,0.0,0.0
265,-3025.643,2.31000000000231,0.0,0.0
266,-3025.643,2.31000000000231,0.0,0.0
267,-3025.643,3.0800000000030803,0.0,0.0
268,-3025.643,3.0800000000030803,0.0,0.0
269,-3025.643,2.31000000000231,0.0,0.0
270,-3025.643,2.31000000000231,0.0,0.0
271,-3025.643,3.0800000000030803,-0.7700000000007701,0.0
272,-3025.643,2.31000000000231,-1.5400000000015401,0.0
273,-3025.643,2.31000000000231,-1.5400000000015401,0.0
274,-3025.643,2.31000000000231,-0.7700000000007701,0.0
275,-3025.643,2.31000000000231,-1.5400000000015401,0.0
276,-3025.643,3.0800000000030803,-2.31000000000231,0.0
277,-3025.643,2.31000000000231,-1.5400000000015401,0.0
278,-3025.643,2.31000000000231,-1.5400000000015401,0.0
279,-3025.643,2.31000000000231,-1.5400000000015401,0.0
280,-3025.643,2.31000000000231,-1.5400000000015401,0.0
281,-3025.643,1.5400000000015401,-1.5400000000015401,0.0
282,-3025.643,1.5400000000015401,-0.7700000000007701,0.0
283,-3025.643,1.5400000000015401,-0.7700000000007701,0.0
284,-3025.643,1.5400000000015401,-0.7700000000007701,0.0
285,-3025.643,1.5400000000015401,-0.7700000000007701,0.0
286,-3025.643,1.5400000000015401,-0.7700000000007701,0.0
287,-3025.643,1.5400000000015401,-0.7700000000007701,0.0
288,-3025.643,1.5400000000015401,-0.7700000000007701,0.0
289,-3025.643,1.5400000000015401,-0.7700000000007701,0.0
290,-3025.643,1.5400000000015401,-0.7700000000007701,0.0
291,-3025.643,1.5400000000015401,-0.7700000000007701,0.0
292,-3025.643,0.7700000000007701,0.0,0.0
293,-3025.643,0.7700000000007701,-0.7700000000007701,0.0
294,-3025.643,0.7700000000007701,0.0,0.0
295,-3025.643,0.7700000000007701,0.0,0.0
296,-3025.643,1.5400000000015401,0.0,0.0
297,-3025.643,0.7700000000007701,0.0,0.0
298,-3025.643,0.7700000000007701,0.0,0.0
299,-3025.643,0.7700000000007701,0.0,0.0
300,-3025.643,0.7700000000007701,0.0,0.0
301,-3025.643,0.7700000000007701,0.7700000000007701,0.0
302,-3025.643,0.7700000000007701,0.0,0.0
303,-3025.643,0.7700000000007701,0.0,0.0
304,-3025.643,0.7700000000007701,0.0,0.0
305,-3025.643,0.7700000000007701,0.0,0.0
306,-3025.643,0.7700000000007701,0.7700000000007701,0.0
307,-3025.643,0.7700000000007701,0.0,0.0
308,-3025.643,0.7700000000007701,0.0,0.0
309,-3025.643,0.7700000000007701,0.0,0.0
310,-3025.643,0.7700000000007701,0.0,0.0
311,-3025.643,0.0,0.0,0.0
312,-3025.643,0.7700000000007701,0.0,0.0
313,-3025.643,0.0,0.0,0.0
314,-3025.643,0.0,0.0,0.0
315,-3025.643,0.0,0.0,0.0
316,-3025.643,0.0,0.0,0.0
317,-3025.643,0.7700000000007701,0.0,0.0
318,-3025.643,0.7700000000007701,0.0,0.0
319,-3025.643,0.7700000000007701,0.0,0.0
320,-3025.643,0.0,0.0,0.0
321,-3025.643,0.7700000000007701,0.0,0.0
322,-3025.643,0.7700000000007701,0.0,0.0
323,-3025.643,0.7700000000007701,0.0,0.0
324,-3025.643,0.7700000000007701,0.0,0.0
325,-3025.643,0.7700000000007701,0.0,0.0
326,-3025.643,0.7700000000007701,0.0,0.0
327,-3025.643,0.7700000000007701,0.0,0.0
328,-3025.643,0.7700000000007701,0.0,0.0
329,-3025.643,0.7700000000007701,0.0,0.0
330,-3025.643,0.7700000000007701,0.0,0.0
331,-3025.643,0.7700000000007701,0.0,0.0
332,-3025.643,0.0,0.0,0.0
333,-3025.643,0.7700000000007701,0.0,0.0
334,-3025.643,0.7700000000007701,0.0,0.0
335,-3025.643,0.7700000000007701,0.0,0.0
336,-3025.643,0.0,0.0,0.0
337,-3025.643,0.0,0.0,0.0
338,-3025.643,0.7700000000007701,0.0,0.0
339,-3025.643,0.7700000000007701,-0.7700000000007701,0.0
340,-3025.643,0.7700000000007701,0.0,0.0
341,-3025.643,0.0,0.0,0.0
342,-3025.643,0.0,0.0,0.0
343,-3025.643,0.7700000000007701,0.0,0.0
344,-3025.643,0.7700000000007701,0.0,0.0
345,-3025.643,0.0,0.0,0.0
346,-3025.643,0.0,0.0,0.0
347,-3025.643,0.0,0.0,0.0
348,-3025.643,0.0,0.0,0.0
349,-3025.643,0.0,0.0,0.0
350,-3025.643,0.0,0.0,0.0
351,-3025.643,0.0,0.0,0.0
352,-3025.643,0.0,-0.7700000000007701,0.0
353,-3025.643,0.0,0.0,0.0
354,-3025.643,0.0,0.0,0.0
355,-3025.643,0.0,0.0,0.0
356,-3025.643,0.7700000000007701,0.0,0.0
357,-3025.643,0.0,0.0,0.0
358,-3025.643,0.0,0.0,0.0
359,-3025.643,0.0,-0.7700000000007701,0.0
360,-3025.643,0.0,0.0,0.0
361,-3025.643,0.0,0.0,0.0
362,-3025.643,0.0,0.0,0.0
363,-3025.643,0.7700000000007701,0.0,0.0
364,-3025.643,0.0,0.0,0.0
365,-3025.643,0.0,0.0,0.0
366,-3025.643,0.0,0.0,0.0
367,-3025.643,0.0,0.0,0.0
368,-3025.643,0.0,0.0,0.0
369,-3025.643,0.0,0.0,0.0
370,-3025.643,0.0,0.0,0.0
371,-3025.643,0.0,0.0,0.0
372,-3025.643,0.0,0.0,0.0
373,-3025.643,0.0,0.0,0.0
374,-3025.643,0.0,0.0,0.0
375,-3025.643,0.0,0.0,0.0
376,-3025.643,0.0,0.0,0.0
377,-3025.643,0.0,0.0,0.0
378,-3025.643,0.0,0.0,0.0
379,-3025.643,0.0,0.0,0.0
380,-3025.643,0.0,-0.7700000000007701,0.0
381,-3025.643,0.0,0.0,0.0
382,-3025.643,0.0,0.0,0.0
383,-3025.643,0.7700000000007701,1.5400000000015401,0.0
384,-3025.643,0.7700000000007701,0.7700000000007701,0.0
385,-3025.643,-0.7700000000007701,0.0,0.0
386,-3025.643,0.0,0.0,0.0
387,-3025.643,0.7700000000007701,0.0,0.0
388,-3025.643,0.0,-0.7700000000007701,0.0
389,-3025.643,0.0,-0.7700000000007701,0.0
390,-3025.643,-0.7700000000007701,0.0,0.0
391,-3025.643,0.0,-0.7700000000007701,0.0
392,-3025.643,0.0,-0.7700000000007701,0.0
393,-3025.643,0.0,-0.7700000000007701,0.0
394,-3025.643,0.0,0.0,0.0
395,-3025.643,0.0,0.0,0.0
396,-3025.643,0.0,0.0,0.0
397,-3025.643,0.0,0.0,0.0
398,-3025.643,0.0,0.0,0.0
399,-3025.643,0.0,0.0,0.0
400,-3025.643,0.0,0.0,0.0
401,-3025.643,0.0,0.0,0.0
402,-3025.643,0.0,0.0,0.0
403,-3025.643,0.0,0.0,0.0
404,-3025.643,0.0,-0.7700000000007701,0.0
405,-3025.643,0.0,0.0,0.0
406,-3025.643,0.0,0.0,0.0
407,-3025.643,0.0,0.0,0.0
408,-3025.643,0.0,0.0,0.0
409,-3025.643,0.0,0.0,0.0
410,-3025.643,0.0,0.0,0.0
411,-3025.643,0.0,-0.7700000000007701,0.0
412,-3025.643,0.0,0.0,0.0
413,-3025.643,0.0,-0.7700000000007701,0.0
414,-3025.643,0.0,0.0,0.0
415,-3025.643,0.0,0.0,0.0
416,-3025.643,0.0,0.0,0.0
417,-3025.643,0.0,0.0,0.0
418,-3025.643,0.0,0.0,0.0
419,-3025.643,0.0,0.0,0.0
420,-3025.643,0.0,0.0,0.0
421,-3025.643,0.0,0.0,0.0
422,-3025.643,0.0,0.0,0.0
423,-3025.643,0.0,0.0,0.0
424,-3025.643,0.0,0.0,0.0
425,-3025.643,0.0,0.0,0.0
426,-3025.643,0.0,0.0,0.0
427,-3025.643,0.0,0.0,0.0
428,-3025.643,0.0,0.0,0.0
429,-3025.643,0.0,0.0,0.0
430,-3025.643,0.0,0.0,0.0
431,-3025.643,0.0,0.0,0.0
432,-3025.643,0.0,0.0,0.0
433,-3025.643,0.0,0.0,0.0
434,-3025.643,0.0,0.0,0.0
435,-3025.643,0.0,0.0,0.0
436,-3025.643,-3.8500000000038503,-1.5400000000015401,0.0
437,-3025.643,-3.0800000000030803,-3.0800000000030803,0.0
438,-3025.643,2.31000000000231,-0.7700000000007701,0.0
439,-3025.643,1.5400000000015401,-1.5400000000015401,0.0
440,-3025.643,0.0,-0.7700000000007701,0.0
441,-3025.643,0.0,0.0,0.0
442,-3025.643,-1.5400000000015401,0.7700000000007701,0.0
443,-3025.643,0.0,0.7700000000007701,0.0
444,-3025.643,0.0,0.7700000000007701,0.0
445,-3025.643,0.0,0.0,0.0
446,-3025.643,0.0,0.0,0.0
447,-3025.643,-0.7700000000007701,0.0,0.0
448,-3025.643,0.0,-0.7700000000007701,0.0
449,-3025.643,0.0,-0.7700000000007701,0.0
450,-3025.643,0.0,-0.7700000000007701,0.0
451,-3025.643,0.0,-0.7700000000007701,0.0
452,-3025.643,0.0,-0.7700000000007701,0.0
453,-3025.643,0.0,-0.7700000000007701,0.0
454,-3025.643,0.0,-0.7700000000007701,0.0
455,-3025.643,0.0,0.0,0.0
456,-3025.643,0.0,0.0,0.0
457,-3025.643,0.7700000000007701,-0.7700000000007701,0.0
458,-3025.643,0.0,0.0,0.0
459,-3025.643,0.0,0.0,0.0
460,-3025.643,0.0,0.0,0.0
461,-3025.643,0.7700000000007701,-0.7700000000007701,0.0
462,-3025.643,0.0,0.0,0.0
463,-3025.643,0.0,0.0,0.0
464,-3025.643,0.0,-0.7700000000007701,0.0
465,-3025.643,0.0,0.0,0.0
466,-3025.643,0.0,0.0,0.0
467,-3025.643,0.0,0.0,0.0
468,-3025.643,0.0,0.0,0.0
469,-3025.643,0.0,0.0,0.0
470,-3025.643,0.0,0.0,0.0
471,-3025.643,0.0,0.0,0.0
472,-3025.643,0.0,0.0,0.0
473,-3025.643,0.0,-0.7700000000007701,0.0
474,-3025.643,0.0,0.0,0.0
475,-3025.643,0.0,0.0,0.0
476,-3025.643,0.0,-0.7700000000007701,0.0
477,-3025.643,0.0,0.0,0.0
478,-3025.643,0.0,-0.7700000000007701,0.0
479,-3025.643,0.0,0.0,0.0
480,-3025.643,0.0,0.0,0.0
481,-3025.643,0.0,0.0,0.0
482,-3025.643,0.0,-0.7700000000007701,0.0
483,-3025.643,0.0,-0.7700000000007701,0.0
484,-3025.643,0.0,-0.7700000000007701,0.0
485,-3025.643,0.0,0.0,0.0
486,-3025.643,0.0,0.0,0.0
487,-3025.643,0.0,0.0,0.0
488,-3025.643,0.0,0.0,0.0
489,-3025.643,0.0,-0.7700000000007701,0.0
490,-3025.643,0.0,0.0,0.0
491,-3025.643,0.0,-0.7700000000007701,0.0
492,-3025.643,0.0,-0.7700000000007701,0.0
493,-3025.643,0.0,0.0,0.0
494,-3025.643,0.0,-0.7700000000007701,0.0
495,-3025.643,0.0,-0.7700000000007701,0.0
496,-3025.643,0.0,-0.7700000000007701,0.0
497,-3025.643,0.0,0.0,0.0
498,-3025.643,0.0,0.0,0.0
499,-3025.643,0.0,0.0,0.0
500,-3025.643,0.0,0.0,0.0
501,-3025.643,0.0,0.0,0.0
502,-3025.643,0.0,0.0,0.0
503,-3025.643,0.0,0.0,0.0
504,-3025.643,0.0,0.0,0.0
505,-3025.643,0.0,-0.7700000000007701,0.0
506,-3025.643,0.0,-0.7700000000007701,0.0
507,-3025.643,0.0,0.0,0.0
508,-3025.643,0.0,0.0,0.0
509,-3025.643,0.0,0.0,0.0
510,-3025.643,0.0,-0.7700000000007701,0.0
511,-3025.643,0.0,-0.7700000000007701,0.0
512,-3025.643,0.0,0.0,0.0
513,-3025.643,0.0,-0.7700000000007701,0.0
514,-3025.643,0.0,0.0,0.0
515,-3025.643,0.0,-0.7700000000007701,0.0
516,-3025.643,0.0,-0.7700000000007701,0.0
517,-3025.643,0.0,0.0,0.0
518,-3025.643,0.0,-0.7700000000007701,0.0
519,-3025.643,0.0,0.0,0.0
520,-3025.643,0.0,0.0,0.0
521,-3025.643,0.0,-0.7700000000007701,0.0
522,-3025.643,0.0,-0.7700000000007701,0.0
523,-3025.643,0.0,-0.7700000000007701,0.0
524,-3025.643,0.0,0.0,0.0
525,-3025.643,0.0,-0.7700000000007701,0.0
526,-3025.643,0.0,-0.7700000000007701,0.0
527,-3025.643,0.0,-0.7700000000007701,0.0
528,-3025.643,0.0,-0.7700000000007701,0.0
529,-3025.643,0.0,-0.7700000000007701,0.0
530,-3025.643,0.0,-0.7700000000007701,0.0
531,-3025.643,0.0,-0.7700000000007701,0.0
532,-3025.643,0.0,-0.7700000000007701,0.0
533,-3025.643,0.0,-0.7700000000007701,0.0
534,-3025.643,0.0,-0.7700000000007701,0.0
535,-3025.643,0.0,-0.7700000000007701,0.0
536,-3025.643,0.0,-0.7700000000007701,0.0
537,-3025.643,0.0,-0.7700000000007701,0.0
538,-3025.643,0.0,-0.7700000000007701,0.0
539,-3025.643,0.0,-0.7700000000007701,0.0
540,-3025.643,0.0,-0.7700000000007701,0.0
541,-3025.643,0.0,-0.7700000000007701,0.0
542,-3025.643,0.0,-0.7700000000007701,0.0
543,-3025.643,0.0,-0.7700000000007701,0.0
544,-3025.643,0.0,-0.7700000000007701,0.0
545,-3025.643,0.0,-0.7700000000007701,0.0
546,-3025.643,0.0,-0.7700000000007701,0.0
547,-3025.643,0.0,-0.7700000000007701,0.0
548,-3025.643,0.0,-0.7700000000007701,0.0
549,-3025.643,0.0,-0.7700000000007701,0.0
550,-3025.643,0.0,-0.7700000000007701,0.0
551,-3025.643,0.0,-0.7700000000007701,0.0
552,-3025.643,0.0,-0.7700000000007701,0.0
553,-3025.643,0.0,-0.7700000000007701,0.0
554,-3025.643,0.0,-0.7700000000007701,0.0
555,-3025.643,0.0,0.0,0.0
556,-3025.643,0.0,-0.7700000000007701,0.0
557,-3025.643,0.0,-0.7700000000007701,0.0
558,-3025.643,0.0,-0.7700000000007701,0.0
559,-3025.643,0.0,-0.7700000000007701,0.0
560,-3025.643,0.0,0.0,0.0
561,-3025.643,0.0,0.0,0.0
562,-3025.643,0.0,-0.7700000000007701,0.0
563,-3025.643,0.0,0.0,0.0
564,-3025.643,0.0,-0.7700000000007701,0.0
565,-3025.643,0.0,-0.7700000000007701,0.0
566,-3025.643,0.0,-0.7700000000007701,0.0
567,-3025.643,0.0,0.0,0.0
568,-3025.643,0.0,-0.7700000000007701,0.0
569,-3025.643,0.0,0.0,0.0
570,-3025.643,0.0,0.0,0.0
571,-3025.643,0.0,-0.7700000000007701,0.0
572,-3025.643,0.0,-0.7700000000007701,0.0
573,-3025.643,0.0,-0.7700000000007701,0.0
574,-3025.643,0.0,0.0,0.0
575,-3025.643,0.0,-0.7700000000007701,0.0
576,-3025.643,0.0,-0.7700000000007701,0.0
577,-3025.643,0.0,-0.7700000000007701,0.0
578,-3025.643,0.0,-0.7700000000007701,0.0
579,-3025.643,0.0,-0.7700000000007701,0.0
580,-3025.643,0.0,-0.7700000000007701,0.0
581,-3025.643,0.0,0.0,0.0
582,-3025.643,0.0,0.0,0.0
583,-3025.643,0.0,-0.7700000000007701,0.0
584,-3025.643,0.0,-0.7700000000007701,0.0
585,-3025.643,0.0,-0.7700000000007701,0.0
586,-3025.643,0.0,0.0,0.0
587,-3025.643,0.0,0.0,0.0
588,-3025.643,0.0,0.0,0.0
589,-3025.643,0.0,0.0,0.0
590,-3025.643,0.0,0.0,0.0
591,-3025.643,0.0,0.0,0.0
592,-3025.643,0.0,0.0,0.0
593,-3025.643,0.0,0.0,0.0
594,-3025.643,0.0,0.0,0.0
595,-3025.643,0.0,0.0,0.0
596,-3025.643,0.0,0.0,0.0
597,-3025.643,0.0,-0.7700000000007701,0.0
598,-3025.643,0.0,0.0,0.0
599,-3025.643,0.0,-0.7700000000007701,0.0
600,-3025.643,0.0,-0.7700000000007701,0.0
601,-3025.643,0.0,0.0,0.0
602,-3025.643,0.0,0.0,0.0
603,-3025.643,0.0,0.0,0.0
604,-3025.643,0.0,-0.7700000000007701,0.0
605,-3025.643,0.0,0.0,0.0
606,-3025.643,0.0,0.0,0.0
607,-3025.643,0.0,0.0,0.0
608,-3025.643,0.0,-0.7700000000007701,0.0
609,-3025.643,0.0,0.0,0.0
610,-3025.643,0.0,0.0,0.0
611,-3025.643,0.0,0.0,0.0
612,-3025.643,0.0,0.0,0.0
613,-3025.643,0.0,0.0,0.0
614,-3025.643,0.0,0.0,0.0
615,-3025.643,0.0,0.0,0.0
616,-3025.643,0.0,0.0,0.0
617,-3025.643,0.0,-0.7700000000007701,0.0
618,-3025.643,0.0,0.0,0.0
619,-3025.643,0.0,0.0,0.0
620,-3025.643,0.0,0.0,0.0
621,-3025.643,0.0,0.0,0.0
622,-3025.643,0.0,-0.7700000000007701,0.0
623,-3025.643,0.0,0.0,0.0
624,-3025.643,0.0,0.0,0.0
625,-3025.643,0.7700000000007701,0.0,0.0
626,-3025.643,0.0,0.0,0.0
627,-3025.643,0.0,0.0,0.0
628,-3025.643,0.0,0.0,0.0
629,-3025.643,0.0,0.0,0.0
630,-3025.643,0.0,0.0,0.0
631,-3025.643,0.0,0.0,0.0
632,-3025.643,0.0,0.0,0.0
633,-3025.643,0.0,0.0,0.0
634,-3025.643,0.0,0.0,0.0
635,-3025.643,0.0,0.0,0.0
636,-3025.643,0.0,-0.7700000000007701,0.0
637,-3025.643,0.0,0.0,0.0
638,-3025.643,0.0,0.0,0.0
639,-3025.643,0.0,0.0,0.0
640,-3025.643,0.0,0.0,0.0
641,-3025.643,0.0,0.0,0.0
642,-3025.643,0.0,0.0,0.0
643,-3025.643,0.0,0.0,0.0
644,-3025.643,0.0,0.0,0.0
645,-3025.643,0.0,0.0,0.0
646,-3025.643,0.0,0.0,0.0
647,-3025.643,0.0,-0.7700000000007701,0.0
648,-3025.643,0.0,0.0,0.0
649,-3025.643,0.0,0.0,0.0
650,-3025.643,0.0,0.0,0.0
651,-3025.643,0.0,0.0,0.0
652,-3025.643,0.0,0.0,0.0
653,-3025.643,0.0,0.0,0.0
654,-3025.643,0.0,0.0,0.0
655,-3025.643,0.0,0.0,0.0
656,-3025.643,0.0,0.0,0.0
657,-3025.643,0.0,0.0,0.0
658,-3025.643,0.0,0.0,0.0
659,-3025.643,0.0,0.0,0.0
660,-3025.643,0.0,0.0,0.0
661,-3025.643,0.0,0.0,0.0
662,-3025.643,0.0,0.0,0.0
663,-3025.643,0.0,0.0,0.0
664,-3025.643,0.0,0.0,0.0
665,-3025.643,0.7700000000007701,0.0,0.0
666,-3025.643,0.0,0.0,0.0
667,-3025.643,0.0,0.7700000000007701,0.0
668,-3025.643,0.0,0.0,0.0
669,-3025.643,0.0,0.0,0.0
670,-3025.643,0.0,0.0,0.0
671,-3025.643,0.0,0.0,0.0
672,-3025.643,0.0,0.0,0.0
673,-3025.643,0.0,0.0,0.0
674,-3025.643,0.0,0.0,0.0
675,-3025.643,0.0,0.0,0.0
676,-3025.643,0.0,0.0,0.0
677,-3025.643,0.0,0.0,0.0
678,-3025.643,0.0,0.0,0.0
679,-3025.643,0.7700000000007701,0.0,0.0
680,-3025.643,0.0,0.0,0.0
681,-3025.643,0.0,0.0,0.0
682,-3025.643,0.0,0.0,0.0
683,-3025.643,0.7700000000007701,0.0,0.0
684,-3025.643,0.7700000000007701,0.0,0.0
685,-3025.643,0.0,0.0,0.0
686,-3025.643,0.7700000000007701,0.0,0.0
687,-3025.643,0.7700000000007701,0.0,0.0
688,-3025.643,0.7700000000007701,0.0,0.0
689,-3025.643,0.7700000000007701,0.0,0.0
690,-3025.643,0.7700000000007701,0.0,0.0
691,-3025.643,0.7700000000007701,0.0,0.0
692,-3025.643,0.0,0.0,0.0
693,-3025.643,0.0,0.0,0.0
694,-3025.643,0.0,0.0,0.0
695,-3025.643,0.0,0.0,0.0
696,-3025.643,0.7700000000007701,0.0,0.0
697,-3025.643,0.7700000000007701,0.0,0.0
698,-3025.643,0.7700000000007701,0.0,0.0
699,-3025.643,0.0,0.0,0.0
700,-3025.643,0.0,0.0,0.0
701,-3025.643,0.0,0.0,0.0
702,-3025.643,0.0,0.0,0.0
703,-3025.643,0.7700000000007701,0.0,0.0
704,-3025.643,0.0,0.0,0.0
705,-3025.643,0.0,0.0,0.0
706,-3025.643,0.0,0.0,0.0
707,-3025.643,0.0,0.0,0.0
708,-3025.643,0.0,0.0,0.0
709,-3025.643,0.0,0.0,0.0
710,-3025.643,0.0,0.0,0.0
711,-3025.643,0.0,0.0,0.0
712,-3025.643,0.7700000000007701,0.0,0.0
713,-3025.643,0.0,0.0,0.0
714,-3025.643,0.0,0.0,0.0
715,-3025.643,0.7700000000007701,0.0,0.0
716,-3025.643,0.0,0.0,0.0
717,-3025.643,0.0,0.0,0.0
718,-3025.643,0.0,0.0,0.0
719,-3025.643,0.0,0.0,0.0
720,-3025.643,0.7700000000007701,0.0,0.0
721,-3025.643,0.7700000000007701,0.0,0.0
722,-3025.643,0.0,0.0,0.0
723,-3025.643,0.7700000000007701,0.0,0.0
724,-3025.643,0.7700000000007701,0.0,0.0
725,-3025.643,0.0,0.0,0.0
726,-3025.643,0.0,0.0,0.0
727,-3025.643,0.7700000000007701,0.0,0.0
728,-3025.643,1.5400000000015401,0.0,0.0
729,-3025.643,0.7700000000007701,0.0,0.0
730,-3025.643,0.7700000000007701,0.0,0.0
731,-3025.643,0.7700000000007701,0.0,0.0
732,-3025.643,0.7700000000007701,0.0,0.0
733,-3025.643,0.7700000000007701,-0.7700000000007701,0.0
734,-3025.643,0.7700000000007701,0.0,0.0
735,-3025.643,0.7700000000007701,-0.7700000000007701,0.0
736,-3025.643,0.7700000000007701,-0.7700000000007701,0.0
737,-3025.643,0.7700000000007701,-0.7700000000007701,0.0
738,-3025.643,1.5400000000015401,-0.7700000000007701,0.0
739,-3025.643,1.5400000000015401,0.0,0.0
740,-3025.643,0.7700000000007701,0.0,0.0
741,-3025.643,1.5400000000015401,0.0,0.0
742,-3025.643,1.5400000000015401,0.0,0.0
743,-3025.643,1.5400000000015401,0.0,0.0
744,-3025.643,1.5400000000015401,-0.7700000000007701,0.0
745,-3025.643,0.7700000000007701,0.0,0.0
746,-3025.643,0.7700000000007701,0.0,0.0
747,-3025.643,0.7700000000007701,0.0,0.0
748,-3025.643,1.5400000000015401,-0.7700000000007701,0.0
749,-3025.643,1.5400000000015401,-0.7700000000007701,0.0
750,-3025.643,1.5400000000015401,-0.7700000000007701,0.0
751,-3025.643,2.31000000000231,-0.7700000000007701,0.0
752,-3025.643,2.31000000000231,0.0,0.0
753,-3025.643,2.31000000000231,-0.7700000000007701,0.0
754,-3025.643,2.31000000000231,0.0,0.0
755,-3025.643,2.31000000000231,-0.7700000000007701,0.0
756,-3025.643,1.5400000000015401,-0.7700000000007701,0.0
757,-3025.643,1.5400000000015401,-0.7700000000007701,0.0
758,-3025.643,1.5400000000015401,-0.7700000000007701,0.0
759,-3025.643,1.5400000000015401,-0.7700000000007701,0.0
760,-3025.643,1.5400000000015401,-0.7700000000007701,0.0
761,-3025.643,1.5400000000015401,-0.7700000000007701,0.0
762,-3025.643,1.5400000000015401,-0.7700000000007701,0.0
763,-3025.643,1.5400000000015401,-0.7700000000007701,0.0
764,-3025.643,0.7700000000007701,-0.7700000000007701,0.0
765,-3025.643,0.7700000000007701,0.0,0.0
766,-3025.643,0.7700000000007701,0.0,0.0
767,-3025.643,0.7700000000007701,0.0,0.0
768,-3025.643,0.7700000000007701,0.0,0.0
769,-3025.643,0.7700000000007701,0.0,0.0
770,-3025.643,1.5400000000015401,0.0,0.0
771,-3025.643,0.7700000000007701,0.0,0.0
772,-3025.643,1.5400000000015401,0.0,0.0
773,-3025.643,2.31000000000231,-0.7700000000007701,0.0
774,-3025.643,2.31000000000231,-0.7700000000007701,0.0
775,-3025.643,2.31000000000231,-0.7700000000007701,0.0
776,-3025.643,3.0800000000030803,0.0,0.0
777,-3025.643,5.39000000000539,-0.7700000000007701,0.0
778,-3025.643,4.62000000000462,-0.7700000000007701,0.0
779,-3025.643,3.0800000000030803,-0.7700000000007701,0.0
780,-3025.643,3.8500000000038503,-0.7700000000007701,0.0
781,-3025.643,3.0800000000030803,-0.7700000000007701,0.0
782,-3025.643,2.31000000000231,-0.7700000000007701,0.0
783,-3025.643,3.0800000000030803,-0.7700000000007701,0.0
784,-3025.643,3.0800000000030803,-0.7700000000007701,0.0
785,-3025.643,3.0800000000030803,-0.7700000000007701,0.0
786,-3025.643,2.31000000000231,-0.7700000000007701,0.0
787,-3025.643,2.31000000000231,-0.7700000000007701,0.0
788,-3025.643,2.31000000000231,-0.7700000000007701,0.0
789,-3025.643,2.31000000000231,-0.7700000000007701,0.0
790,-3025.643,3.0800000000030803,-0.7700000000007701,0.0
791,-3025.643,3.0800000000030803,-0.7700000000007701,0.0
792,-3025.643,3.0800000000030803,0.0,0.0
793,-3025.643,3.0800000000030803,0.0,0.0
794,-3025.643,3.8500000000038503,0.0,0.0
795,-3025.643,3.8500000000038503,0.0,0.0
796,-3025.643,4.62000000000462,0.7700000000007701,0.0
797,-3025.643,5.39000000000539,0.7700000000007701,0.0
798,-3025.643,4.62000000000462,0.0,0.0
799,-3025.643,4.62000000000462,0.7700000000007701,0.0
800,-3025.643,3.8500000000038503,0.0,0.0
801,-3025.643,3.0800000000030803,0.0,0.0
802,-3025.643,3.0800000000030803,0.0,0.0
803,-3025.643,3.0800000000030803,0.7700000000007701,0.0
804,-3025.643,3.0800000000030803,0.7700000000007701,0.0
805,-3025.643,3.0800000000030803,0.7700000000007701,0.0
806,-3025.643,3.0800000000030803,0.7700000000007701,0.0
807,-3025.643,3.0800000000030803,0.7700000000007701,0.0
808,-3025.643,3.0800000000030803,0.7700000000007701,0.0
809,-3025.643,3.0800000000030803,0.0,0.0
810,-3025.643,3.0800000000030803,0.0,0.0
811,-3025.643,3.0800000000030803,0.0,0.0
812,-3025.643,3.0800000000030803,0.0,0.0
813,-3025.643,3.0800000000030803,0.0,0.0
814,-3025.643,3.0800000000030803,0.0,0.0
815,-3025.643,3.0800000000030803,0.0,0.0
816,-3025.643,3.0800000000030803,0.0,0.0
817,-3025.643,2.31000000000231,-0.7700000000007701,0.0
818,-3025.643,2.31000000000231,0.0,0.0
819,-3025.643,2.31000000000231,-0.7700000000007701,0.0
820,-3025.643,2.31000000000231,-0.7700000000007701,0.0
821,-3025.643,2.31000000000231,-0.7700000000007701,0.0
822,-3025.643,3.0800000000030803,-0.7700000000007701,0.0
823,-3025.643,3.0800000000030803,-0.7700000000007701,0.0
824,-3025.643,3.0800000000030803,-0.7700000000007701,0.0
825,-3025.643,2.31000000000231,-1.5400000000015401,0.0
826,-3025.643,3.0800000000030803,-1.5400000000015401,0.0
827,-3025.643,2.31000000000231,-1.5400000000015401,0.0
828,-3025.643,2.31000000000231,-1.5400000000015401,0.0
829,-3025.643,2.31000000000231,-1.5400000000015401,0.0
830,-3025.643,3.0800000000030803,-1.5400000000015401,0.0
831,-3025.643,2.31000000000231,-1.5400000000015401,0.0
832,-3025.643,2.31000000000231,-1.5400000000015401,0.0
833,-3025.643,2.31000000000231,-1.5400000000015401,0.0
834,-3025.643,2.31000000000231,-0.7700000000007701,0.0
835,-3025.643,1.5400000000015401,-0.7700000000007701,0.0
836,-3025.643,1.5400000000015401,-0.7700000000007701,0.0
837,-3025.643,1.5400000000015401,-0.7700000000007701,0.0
838,-3025.643,1.5400000000015401,-0.7700000000007701,0.0
839,-3025.643,0.7700000000007701,-0.7700000000007701,0.0
840,-3025.643,0.7700000000007701,-0.7700000000007701,0.0
841,-3025.643,0.7700000000007701,-0.7700000000007701,0.0
842,-3025.643,0.7700000000007701,-0.7700000000007701,0.0
843,-3025.643,0.7700000000007701,-0.7700000000007701,0.0
844,-3025.643,0.7700000000007701,-0.7700000000007701,0.0
845,-3025.643,0.7700000000007701,-0.7700000000007701,0.0
846,-3025.643,0.7700000000007701,-0.7700000000007701,0.0
847,-3025.643,0.7700000000007701,-0.7700000000007701,0.0
848,-3025.643,0.7700000000007701,0.0,0.0
849,-3025.643,0.7700000000007701,0.0,0.0
850,-3025.643,0.7700000000007701,0.0,0.0
851,-3025.643,0.7700000000007701,0.0,0.0
852,-3025.643,0.7700000000007701,0.0,0.0
853,-3025.643,0.7700000000007701,0.0,0.0
854,-3025.643,1.5400000000015401,0.0,0.0
855,-3025.643,1.5400000000015401,0.0,0.0
856,-3025.643,1.5400000000015401,0.0,0.0
857,-3025.643,1.5400000000015401,0.0,0.0
858,-3025.643,0.7700000000007701,0.0,0.0
859,-3025.643,1.5400000000015401,0.0,0.0
860,-3025.643,1.5400000000015401,0.0,0.0
861,-3025.643,1.5400000000015401,0.0,0.0
862,-3025.643,0.7700000000007701,0.0,0.0
863,-3025.643,1.5400000000015401,0.0,0.0
864,-3025.643,1.5400000000015401,0.0,0.0
865,-3025.643,0.7700000000007701,0.0,0.0
866,-3025.643,0.7700000000007701,0.0,0.0
867,-3025.643,0.7700000000007701,0.0,0.0
868,-3025.643,0.7700000000007701,0.0,0.0
869,-3025.643,0.7700000000007701,-0.7700000000007701,0.0
870,-3025.643,0.7700000000007701,0.0,0.0
871,-3025.643,0.7700000000007701,0.0,0.0
872,-3025.643,0.7700000000007701,0.0,0.0
873,-3025.643,0.7700000000007701,0.0,0.0
874,-3025.643,0.7700000000007701,0.0,0.0
875,-3025.643,0.7700000000007701,0.0,0.0
876,-3025.643,0.7700000000007701,0.0,0.0
877,-3025.643,0.7700000000007701,0.0,0.0
878,-3025.643,0.7700000000007701,0.0,0.0
879,-3025.643,0.7700000000007701,0.0,0.0
880,-3025.643,0.7700000000007701,0.0,0.0
881,-3025.643,0.7700000000007701,0.0,0.0
882,-3025.643,0.7700000000007701,0.0,0.0
883,-3025.643,0.7700000000007701,0.0,0.0
884,-3025.643,0.7700000000007701,0.0,0.0
885,-3025.643,0.7700000000007701,0.0,0.0
886,-3025.643,0.7700000000007701,0.0,0.0
887,-3025.643,0.7700000000007701,0.0,0.0
888,-3025.643,0.7700000000007701,0.0,0.0
889,-3025.643,0.7700000000007701,0.0,0.0
890,-3025.643,0.7700000000007701,0.0,0.0
891,-3025.643,0.7700000000007701,0.0,0.0
892,-3025.643,0.7700000000007701,0.0,0.0
893,-3025.643,0.7700000000007701,0.0,0.0
894,-3025.643,0.7700000000007701,0.0,0.0
895,-3025.643,0.7700000000007701,0.7700000000007701,0.0
896,-3025.643,0.7700000000007701,0.7700000000007701,0.0
897,-3025.643,1.5400000000015401,0.0,0.0
898,-3025.643,0.7700000000007701,0.0,0.0
899,-3025.643,1.5400000000015401,0.7700000000007701,0.0
900,-3025.643,0.7700000000007701,0.7700000000007701,0.0
901,-3025.643,0.7700000000007701,0.7700000000007701,0.0
902,-3025.643,0.7700000000007701,0.0,0.0
903,-3025.643,0.7700000000007701,0.0,0.0
904,-3025.643,0.7700000000007701,0.0,0.0
905,-3025.643,0.7700000000007701,0.0,0.0
906,-3025.643,0.7700000000007701,0.0,0.0
907,-3025.643,0.7700000000007701,0.0,0.0
908,-3025.643,0.7700000000007701,0.0,0.0
909,-3025.643,0.7700000000007701,0.0,0.0
910,-3025.643,0.7700000000007701,0.0,0.0
911,-3025.643,0.7700000000007701,0.0,0.0
912,-3025.643,0.7700000000007701,0.0,0.0
913,-3025.643,0.7700000000007701,0.0,0.0
914,-3025.643,0.7700000000007701,0.0,0.0
915,-3025.643,0.7700000000007701,0.0,0.0
916,-3025.643,0.7700000000007701,0.0,0.0
917,-3025.643,0.7700000000007701,0.0,0.0
918,-3025.643,0.7700000000007701,0.0,0.0
919,-3025.643,0.7700000000007701,0.0,0.0
920,-3025.643,0.7700000000007701,0.0,0.0
921,-3025.643,0.7700000000007701,0.0,0.0
922,-3025.643,0.7700000000007701,0.0,0.0
923,-3025.643,0.7700000000007701,0.0,0.0
924,-3025.643,0.7700000000007701,0.0,0.0
925,-3025.643,0.7700000000007701,0.0,0.0
926,-3025.643,0.7700000000007701,0.0,0.0
927,-3025.643,0.7700000000007701,0.0,0.0
928,-3025.643,0.7700000000007701,0.0,0.0
929,-3025.643,0.7700000000007701,0.0,0.0
930,-3025.643,0.7700000000007701,0.0,0.0
931,-3025.643,0.7700000000007701,0.0,0.0
932,-3025.643,0.7700000000007701,0.0,0.0
933,-3025.643,0.7700000000007701,0.0,0.0
934,-3025.643,0.7700000000007701,0.0,0.0
935,-3025.643,0.7700000000007701,0.7700000000007701,0.0
936,-3025.643,0.7700000000007701,0.7700000000007701,0.0
937,-3025.643,0.7700000000007701,0.7700000000007701,0.0
938,-3025.643,0.7700000000007701,0.7700000000007701,0.0
939,-3025.643,0.7700000000007701,0.7700000000007701,0.0
940,-3025.643,0.7700000000007701,0.7700000000007701,0.0
941,-3025.643,0.7700000000007701,0.7700000000007701,0.0
942,-3025.643,1.5400000000015401,0.7700000000007701,0.0
943,-3025.643,1.5400000000015401,0.7700000000007701,0.0
944,-3025.643,1.5400000000015401,0.0,0.0
945,-3025.643,1.5400000000015401,0.7700000000007701,0.0
946,-3025.643,1.5400000000015401,0.0,0.0
947,-3025.643,0.7700000000007701,0.7700000000007701,0.0
948,-3025.643,1.5400000000015401,0.7700000000007701,0.0
949,-3025.643,1.5400000000015401,0.7700000000007701,0.0
950,-3025.643,0.7700000000007701,0.0,0.0
951,-3025.643,1.5400000000015401,0.7700000000007701,0.0
952,-3025.643,1.5400000000015401,0.7700000000007701,0.0
953,-3025.643,1.5400000000015401,0.7700000000007701,0.0
954,-3025.643,1.5400000000015401,0.7700000000007701,0.0
955,-3025.643,1.5400000000015401,0.0,0.0
956,-3025.643,1.5400000000015401,0.0,0.0
957,-3025.643,0.7700000000007701,0.0,0.0
958,-3025.643,0.7700000000007701,0.0,0.0
959,-3025.643,0.7700000000007701,0.0,0.0
960,-3025.643,0.7700000000007701,0.0,0.0
961,-3025.643,0.7700000000007701,0.0,0.0
962,-3025.643,0.7700000000007701,0.0,0.0
963,-3025.643,0.7700000000007701,0.0,0.0
964,-3025.643,0.7700000000007701,0.0,0.0
965,-3025.643,0.7700000000007701,0.0,0.0
966,-3025.643,0.7700000000007701,0.0,0.0
967,-3025.643,0.7700000000007701,0.0,0.0
968,-3025.643,0.7700000000007701,0.0,0.0
969,-3025.643,1.5400000000015401,0.0,0.0
970,-3025.643,1.5400000000015401,0.0,0.0
971,-3025.643,1.5400000000015401,0.0,0.0
972,-3025.643,0.7700000000007701,0.0,0.0
973,-3025.643,0.7700000000007701,0.0,0.0
974,-3025.643,1.5400000000015401,0.7700000000007701,0.0
975,-3025.643,1.5400000000015401,0.7700000000007701,0.0
976,-3025.643,1.5400000000015401,0.7700000000007701,0.0
977,-3025.643,1.5400000000015401,0.7700000000007701,0.0
978,-3025.643,1.5400000000015401,0.7700000000007701,0.0
979,-3025.643,1.5400000000015401,0.7700000000007701,0.0
980,-3025.643,1.5400000000015401,0.7700000000007701,0.0
981,-3025.643,1.5400000000015401,0.0,0.0
982,-3025.643,1.5400000000015401,0.0,0.0
983,-3025.643,1.5400000000015401,0.7700000000007701,0.0
984,-3025.643,0.7700000000007701,0.0,0.0
985,-3025.643,0.7700000000007701,0.0,0.0
986,-3025.643,0.7700000000007701,0.0,0.0
987,-3025.643,0.7700000000007701,0.0,0.0
988,-3025.643,0.7700000000007701,0.0,0.0
989,-3025.643,0.7700000000007701,0.0,0.0
990,-3025.643,0.7700000000007701,0.0,0.0
991,-3025.643,0.7700000000007701,0.0,0.0
992,-3025.643,0.7700000000007701,0.0,0.0
993,-3025.643,0.7700000000007701,0.0,0.0
994,-3025.643,0.7700000000007701,0.0,0.0
995,-3025.643,0.7700000000007701,0.0,0.0
996,-3025.643,0.7700000000007701,0.0,0.0
997,-3025.643,0.7700000000007701,0.0,0.0
998,-3025.643,0.7700000000007701,0.0,0.0
999,-3025.643,0.7700000000007701,0.0,0.0
1000,-3025.643,0.7700000000007701,0.7700000000007701,0.0
1001,-3025.643,0.7700000000007701,0.7700000000007701,0.0
1002,-3025.643,0.7700000000007701,0.7700000000007701,0.0
1003,-3025.643,0.7700000000007701,0.7700000000007701,0.0
1004,-3025.643,1.5400000000015401,0.7700000000007701,0.0
1005,-3025.643,0.7700000000007701,0.0,0.0
1006,-3025.643,0.7700000000007701,0.7700000000007701,0.0
1007,-3025.643,0.7700000000007701,0.0,0.0
1008,-3025.643,0.7700000000007701,0.0,0.0
1009,-3025.643,0.7700000000007701,0.0,0.0
1010,-3025.643,0.7700000000007701,0.0,0.0
1011,-3025.643,0.7700000000007701,0.0,0.0
1012,-3025.643,0.7700000000007701,0.0,0.0
1013,-3025.643,0.7700000000007701,0.0,0.0
1014,-3025.643,0.7700000000007701,0.0,0.0
1015,-3025.643,0.7700000000007701,0.0,0.0
1016,-3025.643,0.7700000000007701,0.0,0.0
1017,-3025.643,0.7700000000007701,0.0,0.0
1018,-3025.643,0.7700000000007701,0.0,0.0
1019,-3025.643,0.7700000000007701,0.0,0.0
1020,-3025.643,0.7700000000007701,0.0,0.0
1021,-3025.643,0.7700000000007701,0.0,0.0
1022,-3025.643,0.7700000000007701,0.0,0.0
1023,-3025.643,0.7700000000007701,0.0,0.0
1024,-3025.643,0.7700000000007701,0.0,0.0
1025,-3025.643,0.7700000000007701,0.0,0.0
1026,-3025.643,1.5400000000015401,0.0,0.0
1027,-3025.643,1.5400000000015401,0.7700000000007701,0.0
1028,-3025.643,1.5400000000015401,0.7700000000007701,0.0
1029,-3025.643,0.7700000000007701,0.7700000000007701,0.0
1030,-3025.643,0.7700000000007701,0.0,0.0
1031,-3025.643,0.7700000000007701,0.7700000000007701,0.0
1032,-3025.643,1.5400000000015401,0.0,0.0
1033,-3025.643,1.5400000000015401,0.0,0.0
1034,-3025.643,1.5400000000015401,0.0,0.0
1035,-3025.643,0.7700000000007701,0.0,0.0
1036,-3025.643,1.5400000000015401,0.0,0.0
1037,-3025.643,1.5400000000015401,0.0,0.0
1038,-3025.643,0.7700000000007701,0.0,0.0
1039,-3025.643,0.7700000000007701,0.0,0.0
1040,-3025.643,1.5400000000015401,0.0,0.0
1041,-3025.643,0.7700000000007701,0.0,0.0
1042,-3025.643,1.5400000000015401,0.7700000000007701,0.0
1043,-3025.643,0.7700000000007701,0.0,0.0
1044,-3025.643,0.7700000000007701,0.0,0.0
1045,-3025.643,0.7700000000007701,0.0,0.0
1046,-3025.643,1.5400000000015401,0.0,0.0
1047,-3025.643,1.5400000000015401,0.0,0.0
1048,-3025.643,1.5400000000015401,0.0,0.0
1049,-3025.643,1.5400000000015401,0.0,0.0
1050,-3025.643,1.5400000000015401,0.0,0.0
1051,-3025.643,1.5400000000015401,0.0,0.0
1052,-3025.643,1.5400000000015401,0.0,0.0
1053,-3025.643,1.5400000000015401,0.0,0.0
1054,-3025.643,1.5400000000015401,0.0,0.0
1055,-3025.643,0.7700000000007701,0.0,0.0
1056,-3025.643,0.7700000000007701,0.0,0.0
1057,-3025.643,0.7700000000007701,0.0,0.0
1058,-3025.643,1.5400000000015401,0.0,0.0
1059,-3025.643,0.7700000000007701,0.0,0.0
1060,-3025.643,0.7700000000007701,0.0,0.0
1061,-3025.643,0.7700000000007701,0.0,0.0
1062,-3025.643,0.7700000000007701,0.0,0.0
1063,-3025.643,0.7700000000007701,0.0,0.0
1064,-3025.643,0.7700000000007701,0.0,0.0
1065,-3025.643,0.7700000000007701,0.0,0.0
1066,-3025.643,0.7700000000007701,0.0,0.0
1067,-3025.643,0.7700000000007701,0.0,0.0
1068,-3025.643,0.7700000000007701,0.0,0.0
1069,-3025.643,0.7700000000007701,0.0,0.0
1070,-3025.643,0.7700000000007701,0.0,0.0
1071,-3025.643,1.5400000000015401,0.7700000000007701,0.0
1072,-3025.643,1.5400000000015401,0.7700000000007701,0.0
1073,-3025.643,1.5400000000015401,0.0,0.0
1074,-3025.643,1.5400000000015401,0.7700000000007701,0.0
1075,-3025.643,1.5400000000015401,0.7700000000007701,0.0
1076,-3025.643,1.5400000000015401,0.7700000000007701,0.0
1077,-3025.643,1.5400000000015401,0.7700000000007701,0.0
1078,-3025.643,1.5400000000015401,0.0,0.0
1079,-3025.643,1.5400000000015401,0.0,0.0
1080,-3025.643,1.5400000000015401,0.0,0.0
1081,-3025.643,1.5400000000015401,0.0,0.0
1082,-3025.643,1.5400000000015401,0.0,0.0
1083,-3025.643,1.5400000000015401,0.0,0.0
1084,-3025.643,1.5400000000015401,0.0,0.0
1085,-3025.643,1.5400000000015401,0.0,0.0
1086,-3025.643,1.5400000000015401,0.0,0.0
1087,-3025.643,0.7700000000007701,0.0,0.0
1088,-3025.643,1.5400000000015401,0.0,0.0
1089,-3025.643,0.7700000000007701,0.0,0.0
1090,-3025.643,0.7700000000007701,0.0,0.0
1091,-3025.643,0.7700000000007701,0.0,0.0
1092,-3025.643,0.7700000000007701,0.0,0.0
1093,-3025.643,1.5400000000015401,0.0,0.0
1094,-3025.643,1.5400000000015401,0.0,0.0
1095,-3025.643,0.7700000000007701,0.0,0.0
1096,-3025.643,1.5400000000015401,0.0,0.0
1097,-3025.643,0.7700000000007701,0.0,0.0
1098,-3025.643,0.7700000000007701,0.0,0.0
1099,-3025.643,0.7700000000007701,0.0,0.0
1100,-3025.643,0.7700000000007701,0.0,0.0
1101,-3025.643,1.5400000000015401,0.0,0.0
1102,-3025.643,0.7700000000007701,0.0,0.0
1103,-3025.643,1.5400000000015401,0.0,0.0
1104,-3025.643,1.5400000000015401,0.0,0.0
1105,-3025.643,1.5400000000015401,0.0,0.0
1106,-3025.643,0.7700000000007701,0.0,0.0
1107,-3025.643,0.7700000000007701,0.0,0.0
1108,-3025.643,0.7700000000007701,0.0,0.0
1109,-3025.643,0.7700000000007701,0.0,0.0
1110,-3025.643,1.5400000000015401,0.0,0.0
1111,-3025.643,0.7700000000007701,0.0,0.0
1112,-3025.643,0.7700000000007701,0.0,0.0
1113,-3025.643,0.7700000000007701,0.0,0.0
1114,-3025.643,0.7700000000007701,0.0,0.0
1115,-3025.643,0.7700000000007701,0.0,0.0
1116,-3025.643,0.7700000000007701,0.0,0.0
1117,-3025.643,0.7700000000007701,0.0,0.0
1118,-3025.643,0.7700000000007701,0.0,0.0
1119,-3025.643,1.5400000000015401,0.0,0.0
1120,-3025.643,0.7700000000007701,0.0,0.0
1121,-3025.643,1.5400000000015401,0.0,0.0
1122,-3025.643,1.5400000000015401,0.0,0.0
1123,-3025.643,1.5400000000015401,0.0,0.0
1124,-3025.643,1.5400000000015401,0.0,0.0
1125,-3025.643,1.5400000000015401,0.0,0.0
1126,-3025.643,1.5400000000015401,0.0,0.0
1127,-3025.643,0.7700000000007701,0.0,0.0
1128,-3025.643,1.5400000000015401,0.0,0.0
1129,-3025.643,1.5400000000015401,0.0,0.0
1130,-3025.643,0.7700000000007701,0.0,0.0
1131,-3025.643,0.7700000000007701,0.0,0.0
1132,-3025.643,1.5400000000015401,0.0,0.0
1133,-3025.643,1.5400000000015401,0.0,0.0
1134,-3025.643,0.7700000000007701,0.0,0.0
1135,-3025.643,0.7700000000007701,0.0,0.0
1136,-3025.643,0.7700000000007701,0.0,0.0
1137,-3025.643,1.5400000000015401,0.0,0.0
1138,-3025.643,0.7700000000007701,0.0,0.0
1139,-3025.643,0.7700000000007701,0.0,0.0
1140,-3025.643,1.5400000000015401,0.0,0.0
1141,-3025.643,1.5400000000015401,0.0,0.0
1142,-3025.643,0.7700000000007701,0.0,0.0
1143,-3025.643,0.7700000000007701,0.0,0.0
1144,-3025.643,0.7700000000007701,0.0,0.0
1145,-3025.643,0.7700000000007701,0.0,0.0
1146,-3025.643,0.7700000000007701,0.0,0.0
1147,-3025.643,0.7700000000007701,0.0,0.0
1148,-3025.643,0.7700000000007701,0.0,0.0
1149,-3025.643,1.5400000000015401,0.0,0.0
1150,-3025.643,1.5400000000015401,0.0,0.0
1151,-3025.643,1.5400000000015401,0.0,0.0
1152,-3025.643,1.5400000000015401,0.0,0.0
1153,-3025.643,1.5400000000015401,0.0,0.0
1154,-3025.643,1.5400000000015401,0.0,0.0
1155,-3025.643,0.7700000000007701,0.0,0.0
1156,-3025.643,0.7700000000007701,0.0,0.0
1157,-3025.643,1.5400000000015401,0.0,0.0
1158,-3025.643,0.7700000000007701,0.0,0.0
1159,-3025.643,1.5400000000015401,0.0,0.0
1160,-3025.643,1.5400000000015401,0.0,0.0
1161,-3025.643,0.7700000000007701,0.0,0.0
1162,-3025.643,0.7700000000007701,0.0,0.0
1163,-3025.643,0.7700000000007701,0.0,0.0
1164,-3025.643,0.7700000000007701,0.0,0.0
1165,-3025.643,0.7700000000007701,0.0,0.0
1166,-3025.643,0.7700000000007701,0.0,0.0
1167,-3025.643,0.7700000000007701,0.0,0.0
1168,-3025.643,1.5400000000015401,0.0,0.0
1169,-3025.643,1.5400000000015401,0.0,0.0
1170,-3025.643,0.7700000000007701,0.0,0.0
1171,-3025.643,0.7700000000007701,0.0,0.0
1172,-3025.643,0.7700000000007701,0.0,0.0
1173,-3025.643,0.7700000000007701,0.0,0.0
1174,-3025.643,1.5400000000015401,0.0,0.0
1175,-3025.643,0.7700000000007701,0.0,0.0
1176,-3025.643,1.5400000000015401,0.0,0.0
1177,-3025.643,0.7700000000007701,0.0,0.0
1178,-3025.643,0.7700000000007701,0.0,0.0
1179,-3025.643,1.5400000000015401,0.0,0.0
1180,-3025.643,1.5400000000015401,0.0,0.0
1181,-3025.643,1.5400000000015401,0.0,0.0
1182,-3025.643,1.5400000000015401,0.0,0.0
1183,-3025.643,0.7700000000007701,0.0,0.0
1184,-3025.643,0.7700000000007701,0.0,0.0
1185,-3025.643,0.7700000000007701,0.0,0.0
1186,-3025.643,0.7700000000007701,0.0,0.0
1187,-3025.643,1.5400000000015401,0.0,0.0
1188,-3025.643,0.7700000000007701,0.0,0.0
1189,-3025.643,1.5400000000015401,0.0,0.0
1190,-3025.643,0.7700000000007701,0.0,0.0
1191,-3025.643,0.7700000000007701,0.0,0.0
1192,-3025.643,0.7700000000007701,0.0,0.0
1193,-3025.643,0.7700000000007701,0.0,0.0
1194,-3025.643,1.5400000000015401,0.0,0.0
1195,-3025.643,0.7700000000007701,0.0,0.0
1196,-3025.643,1.5400000000015401,0.0,0.0
1197,-3025.643,0.7700000000007701,0.0,0.0
1198,-3025.643,0.7700000000007701,0.0,0.0
1199,-3025.643,0.7700000000007701,0.0,0.0
1200,-3025.643,0.7700000000007701,0.0,0.0
1201,-3025.643,1.5400000000015401,0.0,0.0
1202,-3025.643,0.7700000000007701,0.0,0.0
1203,-3025.643,1.5400000000015401,0.0,0.0
1204,-3025.643,0.7700000000007701,0.0,0.0
1205,-3025.643,0.7700000000007701,0.0,0.0
1206,-3025.643,1.5400000000015401,0.0,0.0
1207,-3025.643,1.5400000000015401,0.0,0.0
1208,-3025.643,1.5400000000015401,0.0,0.0
1209,-3025.643,0.7700000000007701,0.0,0.0
1210,-3025.643,0.7700000000007701,0.0,0.0
1211,-3025.643,0.7700000000007701,0.0,0.0
1212,-3025.643,0.7700000000007701,0.0,0.0
1213,-3025.643,0.7700000000007701,0.0,0.0
1214,-3025.643,1.5400000000015401,0.0,0.0
1215,-3025.643,0.7700000000007701,0.0,0.0
1216,-3025.643,0.7700000000007701,0.0,0.0
1217,-3025.643,0.7700000000007701,0.0,0.0
1218,-3025.643,0.7700000000007701,0.0,0.0
1219,-3025.643,0.7700000000007701,0.0,0.0
1220,-3025.643,1.5400000000015401,0.0,0.0
1221,-3025.643,1.5400000000015401,0.0,0.0
1222,-3025.643,0.7700000000007701,0.0,0.0
1223,-3025.643,1.5400000000015401,0.0,0.0
1224,-3025.643,0.7700000000007701,0.0,0.0
1225,-3025.643,1.5400000000015401,0.0,0.0
1226,-3025.643,0.7700000000007701,0.0,0.0
1227,-3025.643,0.7700000000007701,0.0,0.0
1228,-3025.643,0.7700000000007701,0.0,0.0
1229,-3025.643,1.5400000000015401,0.0,0.0
1230,-3025.643,0.7700000000007701,0.0,0.0
1231,-3025.643,0.7700000000007701,0.0,0.0
1232,-3025.643,1.5400000000015401,0.0,0.0
1233,-3025.643,1.5400000000015401,0.0,0.0
1234,-3025.643,1.5400000000015401,0.0,0.0
1235,-3025.643,1.5400000000015401,0.0,0.0
1236,-3025.643,1.5400000000015401,0.0,0.0
1237,-3025.643,1.5400000000015401,0.0,0.0
1238,-3025.643,1.5400000000015401,0.0,0.0
1239,-3025.643,1.5400000000015401,0.0,0.0
1240,-3025.643,1.5400000000015401,0.0,0.0
1241,-3025.643,1.5400000000015401,0.0,0.0
1242,-3025.643,1.5400000000015401,0.0,0.0
1243,-3025.643,0.7700000000007701,0.0,0.0
1244,-3025.643,1.5400000000015401,0.0,0.0
1245,-3025.643,0.7700000000007701,0.0,0.0
1246,-3025.643,0.7700000000007701,0.0,0.0
1247,-3025.643,1.5400000000015401,0.0,0.0
1248,-3025.643,1.5400000000015401,0.0,0.0
1249,-3025.643,1.5400000000015401,0.0,0.0
1250,-3025.643,1.5400000000015401,0.0,0.0
1251,-3025.643,1.5400000000015401,0.0,0.0
1252,-3025.643,1.5400000000015401,0.0,0.0
1253,-3025.643,0.7700000000007701,0.0,0.0
1254,-3025.643,0.7700000000007701,0.0,0.0
1255,-3025.643,0.7700000000007701,0.0,0.0
1256,-3025.643,0.7700000000007701,0.0,0.0
1257,-3025.643,0.7700000000007701,0.0,0.0
1258,-3025.643,0.7700000000007701,0.0,0.0
1259,-3025.643,0.7700000000007701,0.0,0.0
1260,-3025.643,0.7700000000007701,0.0,0.0
1261,-3025.643,1.5400000000015401,0.0,0.0
1262,-3025.643,0.7700000000007701,0.0,0.0
1263,-3025.643,0.7700000000007701,0.0,0.0
1264,-3025.643,0.7700000000007701,0.0,0.0
1265,-3025.643,0.7700000000007701,0.0,0.0
1266,-3025.643,1.5400000000015401,0.0,0.0
1267,-3025.643,1.5400000000015401,0.0,0.0
1268,-3025.643,1.5400000000015401,0.0,0.0
1269,-3025.643,1.5400000000015401,0.0,0.0
1270,-3025.643,1.5400000000015401,0.0,0.0
1271,-3025.643,1.5400000000015401,0.0,0.0
1272,-3025.643,1.5400000000015401,0.0,0.0
1273,-3025.643,1.5400000000015401,0.0,0.0
1274,-3025.643,1.5400000000015401,0.0,0.0
1275,-3025.643,0.7700000000007701,0.0,0.0
1276,-3025.643,1.5400000000015401,0.0,0.0
1277,-3025.643,0.7700000000007701,0.0,0.0
1278,-3025.643,1.5400000000015401,0.0,0.0
1279,-3025.643,1.5400000000015401,0.0,0.0
1280,-3025.643,1.5400000000015401,0.0,0.0
1281,-3025.643,0.7700000000007701,0.0,0.0
1282,-3025.643,1.5400000000015401,0.0,0.0
1283,-3025.643,0.7700000000007701,0.0,0.0
1284,-3025.643,1.5400000000015401,0.0,0.0
1285,-3025.643,1.5400000000015401,0.0,0.0
1286,-3025.643,0.7700000000007701,0.0,0.0
1287,-3025.643,0.7700000000007701,0.0,0.0
1288,-3025.643,0.7700000000007701,0.0,0.0
1289,-3025.643,1.5400000000015401,0.0,0.0
1290,-3025.643,0.7700000000007701,0.0,0.0
1291,-3025.643,0.7700000000007701,0.0,0.0
1292,-3025.643,0.7700000000007701,0.0,0.0
1293,-3025.643,0.7700000000007701,0.0,0.0
1294,-3025.643,1.5400000000015401,0.0,0.0
1295,-3025.643,0.7700000000007701,0.0,0.0
1296,-3025.643,1.5400000000015401,0.0,0.0
1297,-3025.643,1.5400000000015401,0.0,0.0
1298,-3025.643,1.5400000000015401,0.0,0.0
1299,-3025.643,1.5400000000015401,0.0,0.0
1300,-3025.643,1.5400000000015401,0.0,0.0
1301,-3025.643,1.5400000000015401,0.0,0.0
1302,-3025.643,1.5400000000015401,0.0,0.0
1303,-3025.643,1.5400000000015401,0.0,0.0
1304,-3025.643,1.5400000000015401,0.0,0.0
1305,-3025.643,1.5400000000015401,0.0,0.0
1306,-3025.643,1.5400000000015401,0.0,0.0
1307,-3025.643,1.5400000000015401,0.0,0.0
1308,-3025.643,1.5400000000015401,0.0,0.0
1309,-3025.643,1.5400000000015401,0.0,0.0
1310,-3025.643,1.5400000000015401,0.0,0.0
1311,-3025.643,1.5400000000015401,0.0,0.0
1312,-3025.643,1.5400000000015401,0.0,0.0
1313,-3025.643,1.5400000000015401,0.0,0.0
1314,-3025.643,1.5400000000015401,0.0,0.0
1315,-3025.643,0.7700000000007701,0.0,0.0
1316,-3025.643,1.5400000000015401,0.0,0.0
1317,-3025.643,0.7700000000007701,0.0,0.0
1318,-3025.643,0.7700000000007701,0.0,0.0
1319,-3025.643,0.7700000000007701,0.0,0.0
1320,-3025.643,0.7700000000007701,0.0,0.0
1321,-3025.643,0.7700000000007701,0.0,0.0
1322,-3025.643,0.7700000000007701,0.0,0.0
1323,-3025.643,0.7700000000007701,0.0,0.0
1324,-3025.643,0.7700000000007701,0.0,0.0
1325,-3025.643,0.7700000000007701,0.0,0.0
1326,-3025.643,0.7700000000007701,0.0,0.0
1327,-3025.643,0.7700000000007701,0.0,0.0
1328,-3025.643,0.7700000000007701,0.0,0.0
1329,-3025.643,0.7700000000007701,0.0,0.0
1330,-3025.643,0.7700000000007701,0.0,0.0
1331,-3025.643,0.7700000000007701,0.0,0.0
1332,-3025.643,0.7700000000007701,0.0,0.0
1333,-3025.643,1.5400000000015401,0.0,0.0
1334,-3025.643,0.7700000000007701,0.0,0.0
1335,-3025.643,0.7700000000007701,0.0,0.0
1336,-3025.643,0.7700000000007701,0.0,0.0
1337,-3025.643,0.7700000000007701,0.0,0.0
1338,-3025.643,0.7700000000007701,0.0,0.0
1339,-3025.643,0.7700000000007701,0.0,0.0
1340,-3025.643,0.7700000000007701,0.0,0.0
1341,-3025.643,0.7700000000007701,0.0,0.0
1342,-3025.643,1.5400000000015401,0.0,0.0
1343,-3025.643,0.7700000000007701,0.0,0.0
1344,-3025.643,1.5400000000015401,0.0,0.0
1345,-3025.643,0.7700000000007701,0.0,0.0
1346,-3025.643,1.5400000000015401,0.0,0.0
1347,-3025.643,1.5400000000015401,0.0,0.0
1348,-3025.643,0.7700000000007701,0.0,0.0
1349,-3025.643,0.7700000000007701,0.0,0.0
1350,-3025.643,0.7700000000007701,0.0,0.0
1351,-3025.643,1.5400000000015401,0.0,0.0
1352,-3025.643,1.5400000000015401,0.0,0.0
1353,-3025.643,0.7700000000007701,0.0,0.0
1354,-3025.643,0.7700000000007701,0.0,0.0
1355,-3025.643,0.7700000000007701,0.0,0.0
1356,-3025.643,0.7700000000007701,0.0,0.0
1357,-3025.643,0.7700000000007701,0.0,0.0
1358,-3025.643,0.7700000000007701,0.0,0.0
1359,-3025.643,0.7700000000007701,0.0,0.0
1360,-3025.643,0.7700000000007701,0.0,0.0
1361,-3025.643,0.7700000000007701,0.0,0.0
1362,-3025.643,0.7700000000007701,0.0,0.0
1363,-3025.643,0.7700000000007701,0.0,0.0
1364,-3025.643,0.7700000000007701,0.0,0.0
1365,-3025.643,0.7700000000007701,0.0,0.0
1366,-3025.643,0.7700000000007701,0.0,0.0
1367,-3025.643,0.7700000000007701,0.0,0.0
1368,-3025.643,0.7700000000007701,0.0,0.0
1369,-3025.643,1.5400000000015401,0.0,0.0
1370,-3025.643,1.5400000000015401,0.0,0.0
1371,-3025.643,1.5400000000015401,0.0,0.0
1372,-3025.643,0.7700000000007701,0.0,0.0
1373,-3025.643,1.5400000000015401,0.0,0.0
1374,-3025.643,0.7700000000007701,0.0,0.0
1375,-3025.643,0.7700000000007701,0.0,0.0
1376,-3025.643,0.7700000000007701,0.0,0.0
1377,-3025.643,0.7700000000007701,0.0,0.0
1378,-3025.643,0.7700000000007701,0.0,0.0
1379,-3025.643,0.7700000000007701,0.0,0.0
1380,-3025.643,0.7700000000007701,0.0,0.0
1381,-3025.643,0.7700000000007701,0.0,0.0
1382,-3025.643,0.7700000000007701,0.0,0.0
1383,-3025.643,0.7700000000007701,0.0,0.0
1384,-3025.643,0.7700000000007701,0.0,0.0
1385,-3025.643,0.7700000000007701,0.0,0.0
1386,-3025.643,0.7700000000007701,0.0,0.0
1387,-3025.643,0.7700000000007701,0.0,0.0
1388,-3025.643,0.7700000000007701,0.0,0.0
1389,-3025.643,0.7700000000007701,0.0,0.0
1390,-3025.643,0.7700000000007701,0.0,0.0
1391,-3025.643,0.7700000000007701,0.0,0.0
1392,-3025.643,0.7700000000007701,0.0,0.0
1393,-3025.643,0.7700000000007701,0.0,0.0
1394,-3025.643,1.5400000000015401,0.0,0.0
1395,-3025.643,1.5400000000015401,0.0,0.0
1396,-3025.643,1.5400000000015401,0.0,0.0
1397,-3025.643,1.5400000000015401,0.0,0.0
1398,-3025.643,0.7700000000007701,0.0,0.0
1399,-3025.643,1.5400000000015401,0.0,0.0
1400,-3025.643,0.7700000000007701,0.0,0.0
1401,-3025.643,1.5400000000015401,0.0,0.0
1402,-3025.643,1.5400000000015401,0.0,0.0
1403,-3025.643,0.7700000000007701,0.0,0.0
1404,-3025.643,0.7700000000007701,0.0,0.0
1405,-3025.643,1.5400000000015401,0.0,0.0
1406,-3025.643,1.5400000000015401,0.0,0.0
1407,-3025.643,1.5400000000015401,0.0,0.0
1408,-3025.643,1.5400000000015401,0.0,0.0
1409,-3025.643,1.5400000000015401,0.0,0.0
1410,-3025.643,1.5400000000015401,0.0,0.0
1411,-3025.643,1.5400000000015401,0.0,0.0
1412,-3025.643,1.5400000000015401,0.0,0.0
1413,-3025.643,1.5400000000015401,0.0,0.0
1414,-3025.643,1.5400000000015401,0.0,0.0
1415,-3025.643,1.5400000000015401,0.0,0.0
1416,-3025.643,1.5400000000015401,0.0,0.0
1417,-3025.643,1.5400000000015401,0.0,0.0
1418,-3025.643,1.5400000000015401,0.0,0.0
1419,-3025.643,1.5400000000015401,0.0,0.0
1420,-3025.643,0.7700000000007701,0.0,0.0
1421,-3025.643,0.7700000000007701,0.0,0.0
1422,-3025.643,0.7700000000007701,0.0,0.0
1423,-3025.643,1.5400000000015401,0.0,0.0
1424,-3025.643,1.5400000000015401,0.0,0.0
1425,-3025.643,1.5400000000015401,0.0,0.0
1426,-3025.643,0.7700000000007701,0.0,0.0
1427,-3025.643,0.7700000000007701,0.0,0.0
1428,-3025.643,0.7700000000007701,0.0,0.0
1429,-3025.643,0.7700000000007701,0.0,0.0
1430,-3025.643,0.7700000000007701,0.0,0.0
1431,-3025.643,0.7700000000007701,0.0,0.0
1432,-3025.643,0.7700000000007701,0.0,0.0
1433,-3025.643,0.7700000000007701,0.0,0.0
1434,-3025.643,0.7700000000007701,0.0,0.0
1435,-3025.643,0.7700000000007701,0.0,0.0
1436,-3025.643,0.7700000000007701,0.0,0.0
1437,-3025.643,0.7700000000007701,0.0,0.0
1438,-3025.643,0.7700000000007701,0.0,0.0
1439,-3025.643,0.7700000000007701,0.0,0.0
1440,-3025.643,0.7700000000007701,0.0,0.0
1441,-3025.643,0.7700000000007701,0.0,0.0
1442,-3025.643,0.7700000000007701,0.0,0.0
1443,-3025.643,0.7700000000007701,0.0,0.0
1444,-3025.643,0.7700000000007701,0.0,0.0
1445,-3025.643,0.7700000000007701,0.0,0.0
1446,-3025.643,0.7700000000007701,0.0,0.0
1447,-3025.643,0.7700000000007701,0.0,0.0
1448,-3025.643,0.7700000000007701,0.0,0.0
1449,-3025.643,0.7700000000007701,0.0,0.0
1450,-3025.643,0.7700000000007701,0.0,0.0
1451,-3025.643,1.5400000000015401,0.0,0.0
1452,-3025.643,1.5400000000015401,0.0,0.0
1453,-3025.643,0.7700000000007701,0.0,0.0
1454,-3025.643,0.7700000000007701,0.0,0.0
1455,-3025.643,1.5400000000015401,0.0,0.0
1456,-3025.643,1.5400000000015401,0.0,0.0
1457,-3025.643,1.5400000000015401,0.0,0.0
1458,-3025.643,1.5400000000015401,0.0,0.0
1459,-3025.643,1.5400000000015401,0.0,0.0
1460,-3025.643,1.5400000000015401,0.0,0.0
1461,-3025.643,0.7700000000007701,0.0,0.0
1462,-3025.643,0.7700000000007701,0.0,0.0
1463,-3025.643,0.7700000000007701,0.0,0.0
1464,-3025.643,0.7700000000007701,0.0,0.0
1465,-3025.643,0.7700000000007701,0.0,0.0
1466,-3025.643,1.5400000000015401,0.0,0.0
1467,-3025.643,1.5400000000015401,0.0,0.0
1468,-3025.643,1.5400000000015401,0.0,0.0
1469,-3025.643,1.5400000000015401,0.0,0.0
1470,-3025.643,1.5400000000015401,0.0,0.0
1471,-3025.643,1.5400000000015401,0.0,0.0
1472,-3025.643,1.5400000000015401,0.0,0.0
1473,-3025.643,1.5400000000015401,0.0,0.0
1474,-3025.643,1.5400000000015401,0.0,0.0
1475,-3025.643,1.5400000000015401,0.0,0.0
1476,-3025.643,2.31000000000231,0.0,0.0
1477,-3025.643,2.31000000000231,0.0,0.0
1478,-3025.643,2.31000000000231,0.0,0.0
1479,-3025.643,2.31000000000231,0.0,0.0
1480,-3025.643,2.31000000000231,0.0,0.0
1481,-3025.643,1.5400000000015401,0.0,0.0
1482,-3025.643,1.5400000000015401,0.0,0.0
1483,-3025.643,1.5400000000015401,0.0,0.0
1484,-3025.643,1.5400000000015401,0.0,0.0
1485,-3025.643,1.5400000000015401,0.0,0.0
1486,-3025.643,1.5400000000015401,0.0,0.0
1487,-3025.643,1.5400000000015401,0.0,0.0
1488,-3025.643,0.7700000000007701,0.0,0.0
1489,-3025.643,0.7700000000007701,0.0,0.0
1490,-3025.643,0.7700000000007701,0.0,0.0
1491,-3025.643,0.7700000000007701,0.0,0.0
1492,-3025.643,0.7700000000007701,0.0,0.0
1493,-3025.643,1.5400000000015401,0.0,0.0
1494,-3025.643,0.7700000000007701,0.0,0.0
1495,-3025.643,0.7700000000007701,0.0,0.0
1496,-3025.643,0.7700000000007701,0.0,0.0
1497,-3025.643,0.7700000000007701,0.0,0.0
1498,-3025.643,1.5400000000015401,0.0,0.0
1499,-3025.643,1.5400000000015401,0.0,0.0
1500,-3025.643,1.5400000000015401,0.0,0.0
1501,-3025.643,1.5400000000015401,0.0,0.0
1502,-3025.643,1.5400000000015401,0.0,0.0
1503,-3025.643,1.5400000000015401,0.0,0.0
1504,-3025.643,1.5400000000015401,0.0,0.0
1505,-3025.643,0.7700000000007701,0.0,0.0
1506,-3025.643,1.5400000000015401,0.0,0.0
1507,-3025.643,1.5400000000015401,0.0,0.0
1508,-3025.643,0.7700000000007701,0.0,0.0
1509,-3025.643,0.7700000000007701,0.0,0.0
1510,-3025.643,0.7700000000007701,0.0,0.0
1511,-3025.643,0.7700000000007701,0.0,0.0
1512,-3025.643,0.7700000000007701,0.0,0.0
1513,-3025.643,0.7700000000007701,0.0,0.0
1514,-3025.643,0.7700000000007701,0.0,0.0
1515,-3025.643,0.7700000000007701,0.0,0.0
1516,-3025.643,0.7700000000007701,0.0,0.0
1517,-3025.643,0.7700000000007701,0.0,0.0
1518,-3025.643,0.7700000000007701,0.0,0.0
1519,-3025.643,0.7700000000007701,0.0,0.0
1520,-3025.643,0.7700000000007701,0.0,0.0
1521,-3025.643,0.7700000000007701,0.0,0.0
1522,-3025.643,0.7700000000007701,0.0,0.0
1523,-3025.643,0.7700000000007701,0.0,0.0
1524,-3025.643,0.7700000000007701,0.0,0.0
1525,-3025.643,0.7700000000007701,0.0,0.0
1526,-3025.643,0.7700000000007701,0.0,0.0
1527,-3025.643,0.7700000000007701,0.0,0.0
1528,-3025.643,0.7700000000007701,0.0,0.0
1529,-3025.643,0.7700000000007701,0.0,0.0
1530,-3025.643,0.7700000000007701,0.0,0.0
1531,-3025.643,0.7700000000007701,0.0,0.0
1532,-3025.643,0.7700000000007701,0.0,0.0
1533,-3025.643,0.7700000000007701,0.0,0.0
1534,-3025.643,0.7700000000007701,0.0,0.0
1535,-3025.643,0.7700000000007701,0.0,0.0
1536,-3025.643,0.7700000000007701,0.0,0.0
1537,-3025.643,0.7700000000007701,0.0,0.0
1538,-3025.643,0.7700000000007701,0.0,0.0
1539,-3025.643,0.7700000000007701,0.0,0.0
1540,-3025.643,0.7700000000007701,0.0,0.0
1541,-3025.643,0.7700000000007701,0.0,0.0
1542,-3025.643,0.7700000000007701,0.0,0.0
1543,-3025.643,0.7700000000007701,0.0,0.0
1544,-3025.643,0.7700000000007701,0.0,0.0
1545,-3025.643,0.7700000000007701,0.0,0.0
1546,-3025.643,0.7700000000007701,0.0,0.0
1547,-3025.643,0.7700000000007701,0.0,0.0
1548,-3025.643,0.7700000000007701,0.0,0.0
1549,-3025.643,0.7700000000007701,0.0,0.0
1550,-3025.643,1.5400000000015401,0.0,0.0
1551,-3025.643,0.7700000000007701,0.0,0.0
1552,-3025.643,0.7700000000007701,0.0,0.0
1553,-3025.643,0.7700000000007701,0.0,0.0
1554,-3025.643,0.7700000000007701,0.0,0.0
1555,-3025.643,0.7700000000007701,0.0,0.0
1556,-3025.643,0.7700000000007701,0.0,0.0
1557,-3025.643,0.7700000000007701,0.0,0.0
1558,-3025.643,0.7700000000007701,0.0,0.0
1559,-3025.643,0.7700000000007701,0.0,0.0
1560,-3025.643,0.7700000000007701,0.0,0.0
1561,-3025.643,0.7700000000007701,0.0,0.0
1562,-3025.643,0.7700000000007701,0.0,0.0
1563,-3025.643,0.7700000000007701,0.0,0.0
1564,-3025.643,1.5400000000015401,0.0,0.0
1565,-3025.643,1.5400000000015401,0.0,0.0
1566,-3025.643,0.7700000000007701,0.0,0.0
1567,-3025.643,0.7700000000007701,0.0,0.0
1568,-3025.643,0.7700000000007701,0.0,0.0
1569,-3025.643,0.7700000000007701,0.0,0.0
1570,-3025.643,1.5400000000015401,0.0,0.0
1571,-3025.643,97.79000000009779,26.95000000002695,0.0
1572,-3025.643,28.49000000002849,3.0800000000030803,0.0
1573,-3025.643,1.5400000000015401,10.01000000001001,0.0
1574,-3025.643,-2.31000000000231,7.700000000007701,0.0
1575,-3025.643,-7.700000000007701,-3.0800000000030803,0.0
1576,-3025.643,-1.5400000000015401,-2.31000000000231,0.0
1577,-3025.643,2.31000000000231,-3.8500000000038503,0.0
1578,-3025.643,0.7700000000007701,-3.0800000000030803,0.0
1579,-3025.643,2.31000000000231,0.7700000000007701,0.0
1580,-3025.643,0.7700000000007701,1.5400000000015401,0.0
1581,-3025.643,-0.7700000000007701,1.5400000000015401,0.0
1582,-3025.643,-1.5400000000015401,-0.7700000000007701,0.0
1583,-3025.643,-0.7700000000007701,-1.5400000000015401,0.0
1584,-3025.643,0.0,-1.5400000000015401,0.0
1585,-3025.643,0.0,-0.7700000000007701,0.0
1586,-3025.643,0.7700000000007701,0.0,0.0
1587,-3025.643,-0.7700000000007701,0.7700000000007701,0.0
1588,-3025.643,-0.7700000000007701,0.0,0.0
1589,-3025.643,-0.7700000000007701,0.0,0.0
1590,-3025.643,-0.7700000000007701,-0.7700000000007701,0.0
1591,-3025.643,0.0,-0.7700000000007701,0.0
1592,-3025.643,0.0,-0.7700000000007701,0.0
1593,-3025.643,0.0,-0.7700000000007701,0.0
1594,-3025.643,-0.7700000000007701,0.0,0.0
1595,-3025.643,0.0,0.0,0.0
1596,-3025.643,0.0,0.0,0.0
1597,-3025.643,1.5400000000015401,-0.7700000000007701,0.0
1598,-3025.643,0.0,-0.7700000000007701,0.0
1599,-3025.643,0.0,-0.7700000000007701,0.0
1600,-3025.643,0.0,-0.7700000000007701,0.0
1601,-3025.643,0.0,0.0,0.0
1602,-3025.643,0.7700000000007701,0.0,0.0
1603,-3025.643,3.8500000000038503,0.0,0.0
1604,-3025.643,24.640000000024642,0.7700000000007701,0.0
1605,-3025.643,5.39000000000539,0.0,0.0
1606,-3025.643,-0.7700000000007701,0.0,0.0
1607,-3025.643,0.0,-0.7700000000007701,0.0
1608,-3025.643,0.7700000000007701,0.0,0.0
1609,-3025.643,0.7700000000007701,0.0,0.0
1610,-3025.643,0.0,0.0,0.0
1611,-3025.643,0.0,0.0,0.0
1612,-3025.643,0.0,0.0,0.0
1613,-3025.643,0.0,0.0,0.0
1614,-3025.643,0.0,-0.7700000000007701,0.0
1615,-3025.643,0.0,0.0,0.0
1616,-3025.643,0.0,0.0,0.0
1617,-3025.643,0.7700000000007701,0.0,0.0
1618,-3025.643,0.0,0.0,0.0
1619,-3025.643,0.0,0.0,0.0
1620,-3025.643,-0.7700000000007701,0.0,0.0
1621,-3025.643,-0.7700000000007701,0.0,0.0
1622,-3025.643,-0.7700000000007701,-0.7700000000007701,0.0
1623,-3025.643,-0.7700000000007701,0.0,0.0
1624,-3025.643,0.0,-0.7700000000007701,0.0
1625,-3025.643,-0.7700000000007701,-0.7700000000007701,0.0
1626,-3025.643,0.7700000000007701,0.7700000000007701,0.0
1627,-3025.643,-0.7700000000007701,9.24000000000924,0.0
1628,-3025.643,0.0,6.93000000000693,0.0
1629,-3025.643,0.0,3.0800000000030803,0.0
1630,-3025.643,-0.7700000000007701,0.7700000000007701,0.0
1631,-3025.643,0.0,0.0,0.0
1632,-3025.643,0.0,-0.7700000000007701,0.0
1633,-3025.643,0.0,0.0,0.0
1634,-3025.643,0.0,0.7700000000007701,0.0
1635,-3025.643,0.0,0.7700000000007701,0.0
1636,-3025.643,0.0,0.7700000000007701,0.0
1637,-3025.643,0.0,0.0,0.0
1638,-3025.643,0.0,0.0,0.0
1639,-3025.643,0.0,-0.7700000000007701,0.0
1640,-3025.643,0.0,-0.7700000000007701,0.0
1641,-3025.643,0.0,0.0,0.0
1642,-3025.643,0.0,0.0,0.0
1643,-3025.643,0.0,0.0,0.0
1644,-3025.643,0.0,0.0,0.0
1645,-3025.643,0.0,0.0,0.0
1646,-3025.643,0.0,0.0,0.0
1647,-3025.643,0.0,0.0,0.0
1648,-3025.643,0.0,0.0,0.0
1649,-3025.643,0.0,0.0,0.0
1650,-3025.643,0.0,-0.7700000000007701,0.0
1651,-3025.643,0.0,-0.7700000000007701,0.0
1652,-3025.643,0.0,0.0,0.0
1653,-3025.643,0.0,0.0,0.0
1654,-3025.643,0.0,0.0,0.0
1655,-3025.643,0.0,0.0,0.0
1656,-3025.643,0.0,0.0,0.0
1657,-3025.643,0.0,0.0,0.0
1658,-3025.643,0.0,-0.7700000000007701,0.0
1659,-3025.643,0.0,-0.7700000000007701,0.0
1660,-3025.643,0.0,-0.7700000000007701,0.0
1661,-3025.643,0.0,-0.7700000000007701,0.0
1662,-3025.643,0.0,-0.7700000000007701,0.0
1663,-3025.643,0.0,-0.7700000000007701,0.0
1664,-3025.643,0.0,-0.7700000000007701,0.0
1665,-3025.643,0.0,-0.7700000000007701,0.0
1666,-3025.643,0.0,-0.7700000000007701,0.0
1667,-3025.643,0.0,0.0,0.0
1668,-3025.643,0.0,0.0,0.0
1669,-3025.643,0.7700000000007701,-0.7700000000007701,0.0
1670,-3025.643,0.7700000000007701,-0.7700000000007701,0.0
1671,-3025.643,0.7700000000007701,-0.7700000000007701,0.0
1672,-3025.643,0.0,-0.7700000000007701,0.0
1673,-3025.643,0.0,-0.7700000000007701,0.0
1674,-3025.643,0.7700000000007701,-0.7700000000007701,0.0
1675,-3025.643,0.0,0.0,0.0
1676,-3025.643,0.0,0.0,0.0
1677,-3025.643,0.0,0.0,0.0
1678,-3025.643,0.7700000000007701,-0.7700000000007701,0.0
1679,-3025.643,0.7700000000007701,-0.7700000000007701,0.0
1680,-3025.643,0.0,-0.7700000000007701,0.0
1681,-3025.643,0.0,-0.7700000000007701,0.0
1682,-3025.643,0.0,-0.7700000000007701,0.0
1683,-3025.643,0.0,-0.7700000000007701,0.0
1684,-3025.643,0.0,-0.7700000000007701,0.0
1685,-3025.643,0.0,-0.7700000000007701,0.0
1686,-3025.643,0.7700000000007701,-0.7700000000007701,0.0
1687,-3025.643,0.0,-0.7700000000007701,0.0
1688,-3025.643,0.0,-0.7700000000007701,0.0
1689,-3025.643,0.7700000000007701,-0.7700000000007701,0.0
1690,-3025.643,0.0,-0.7700000000007701,0.0
1691,-3025.643,0.0,-0.7700000000007701,0.0
1692,-3025.643,0.0,-0.7700000000007701,0.0
1693,-3025.643,0.0,-0.7700000000007701,0.0
1694,-3025.643,0.0,-0.7700000000007701,0.0
1695,-3025.643,0.0,-0.7700000000007701,0.0
1696,-3025.643,0.0,-0.7700000000007701,0.0
1697,-3025.643,0.0,-0.7700000000007701,0.0
1698,-3025.643,0.0,-0.7700000000007701,0.0
1699,-3025.643,0.0,-0.7700000000007701,0.0
1700,-3025.643,0.0,-0.7700000000007701,0.0
1701,-3025.643,0.7700000000007701,-0.7700000000007701,0.0
1702,-3025.643,0.0,-0.7700000000007701,0.0
1703,-3025.643,0.0,-0.7700000000007701,0.0
1704,-3025.643,0.0,-0.7700000000007701,0.0
1705,-3025.643,0.0,-0.7700000000007701,0.0
1706,-3025.643,0.7700000000007701,-0.7700000000007701,0.0
1707,-3025.643,0.0,-0.7700000000007701,0.0
1708,-3025.643,0.0,-0.7700000000007701,0.0
1709,-3025.643,0.0,-0.7700000000007701,0.0
1710,-3025.643,0.0,-0.7700000000007701,0.0
1711,-3025.643,0.7700000000007701,-0.7700000000007701,0.0
1712,-3025.643,0.0,-0.7700000000007701,0.0
1713,-3025.643,0.0,-0.7700000000007701,0.0
1714,-3025.643,0.0,-0.7700000000007701,0.0
1715,-3025.643,0.0,-0.7700000000007701,0.0
1716,-3025.643,0.0,-0.7700000000007701,0.0
1717,-3025.643,0.0,-0.7700000000007701,0.0
1718,-3025.643,0.0,-0.7700000000007701,0.0
1719,-3025.643,0.0,-0.7700000000007701,0.0
1720,-3025.643,0.0,-0.7700000000007701,0.0
1721,-3025.643,0.0,-0.7700000000007701,0.0
1722,-3025.643,0.7700000000007701,-0.7700000000007701,0.0
1723,-3025.643,0.0,-0.7700000000007701,0.0
1724,-3025.643,0.0,-0.7700000000007701,0.0
1725,-3025.643,0.0,-0.7700000000007701,0.0
1726,-3025.643,0.0,-0.7700000000007701,0.0
1727,-3025.643,0.0,-0.7700000000007701,0.0
1728,-3025.643,0.0,-0.7700000000007701,0.0
1729,-3025.643,0.0,-0.7700000000007701,0.0
1730,-3025.643,0.7700000000007701,-0.7700000000007701,0.0
1731,-3025.643,0.0,-0.7700000000007701,0.0
1732,-3025.643,0.0,-0.7700000000007701,0.0
1733,-3025.643,0.0,-0.7700000000007701,0.0
1734,-3025.643,0.0,-0.7700000000007701,0.0
1735,-3025.643,0.0,-0.7700000000007701,0.0
1736,-3025.643,0.0,-0.7700000000007701,0.0
1737,-3025.643,0.0,-0.7700000000007701,0.0
1738,-3025.643,0.0,-0.7700000000007701,0.0
1739,-3025.643,0.0,-0.7700000000007701,0.0
1740,-3025.643,0.0,-0.7700000000007701,0.0
1741,-3025.643,0.7700000000007701,-0.7700000000007701,0.0
1742,-3025.643,0.0,-0.7700000000007701,0.0
1743,-3025.643,0.0,-0.7700000000007701,0.0
1744,-3025.643,0.0,-0.7700000000007701,0.0
1745,-3025.643,0.0,-0.7700000000007701,0.0
1746,-3025.643,0.0,-0.7700000000007701,0.0
1747,-3025.643,0.7700000000007701,-0.7700000000007701,0.0
1748,-3025.643,0.0,-0.7700000000007701,0.0
1749,-3025.643,0.0,-0.7700000000007701,0.0
1750,-3025.643,0.0,-0.7700000000007701,0.0
1751,-3025.643,0.0,-0.7700000000007701,0.0
1752,-3025.643,0.0,-0.7700000000007701,0.0
1753,-3025.643,0.0,-0.7700000000007701,0.0
1754,-3025.643,0.0,-0.7700000000007701,0.0
1755,-3025.643,0.0,-0.7700000000007701,0.0
1756,-3025.643,0.0,-0.7700000000007701,0.0
1757,-3025.643,0.0,-0.7700000000007701,0.0
1758,-3025.643,0.0,-0.7700000000007701,0.0
1759,-3025.643,0.7700000000007701,-0.7700000000007701,0.0
1760,-3025.643,0.0,-0.7700000000007701,0.0
1761,-3025.643,0.0,-0.7700000000007701,0.0
1762,-3025.643,0.7700000000007701,-0.7700000000007701,0.0
1763,-3025.643,0.0,-0.7700000000007701,0.0
1764,-3025.643,0.0,-0.7700000000007701,0.0
1765,-3025.643,0.0,-0.7700000000007701,0.0
1766,-3025.643,0.0,-0.7700000000007701,0.0
1767,-3025.643,0.0,-0.7700000000007701,0.0
1768,-3025.643,0.0,-0.7700000000007701,0.0
1769,-3025.643,0.0,-0.7700000000007701,0.0
1770,-3025.643,0.0,-0.7700000000007701,0.0
1771,-3025.643,0.0,-0.7700000000007701,0.0
1772,-3025.643,0.0,-0.7700000000007701,0.0
1773,-3025.643,0.0,-0.7700000000007701,0.0
1774,-3025.643,0.0,-0.7700000000007701,0.0
1775,-3025.643,0.0,-0.7700000000007701,0.0
1776,-3025.643,0.0,-0.7700000000007701,0.0
1777,-3025.643,0.0,-0.7700000000007701,0.0
1778,-3025.643,0.0,-0.7700000000007701,0.0
1779,-3025.643,0.0,-0.7700000000007701,0.0
1780,-3025.643,0.0,-0.7700000000007701,0.0
1781,-3025.643,0.0,-0.7700000000007701,0.0
1782,-3025.643,0.0,-0.7700000000007701,0.0
1783,-3025.643,0.7700000000007701,-0.7700000000007701,0.0
1784,-3025.643,0.0,-0.7700000000007701,0.0
1785,-3025.643,0.0,-0.7700000000007701,0.0
1786,-3025.643,0.0,-0.7700000000007701,0.0
1787,-3025.643,0.0,-0.7700000000007701,0.0
1788,-3025.643,0.0,-0.7700000000007701,0.0
1789,-3025.643,0.0,-0.7700000000007701,0.0
1790,-3025.643,0.0,-0.7700000000007701,0.0
1791,-3025.643,0.0,-0.7700000000007701,0.0
1792,-3025.643,0.0,-0.7700000000007701,0.0
1793,-3025.643,0.0,-0.7700000000007701,0.0
1794,-3025.643,0.0,-0.7700000000007701,0.0
1795,-3025.643,0.0,-0.7700000000007701,0.0
1796,-3025.643,0.7700000000007701,-0.7700000000007701,0.0
1797,-3025.643,0.0,-0.7700000000007701,0.0
1798,-3025.643,0.0,-0.7700000000007701,0.0
1799,-3025.643,0.0,-0.7700000000007701,0.0
1800,-3025.643,0.0,-0.7700000000007701,0.0
1801,-3025.643,0.0,-0.7700000000007701,0.0
1802,-3025.643,0.0,-0.7700000000007701,0.0
1803,-3025.643,0.0,-0.7700000000007701,0.0
1804,-3025.643,0.0,-0.7700000000007701,0.0
1805,-3025.643,0.0,-0.7700000000007701,0.0
1806,-3025.643,0.0,-0.7700000000007701,0.0
1807,-3025.643,0.0,-0.7700000000007701,0.0
1808,-3025.643,0.0,-0.7700000000007701,0.0
1809,-3025.643,0.7700000000007701,-0.7700000000007701,0.0
1810,-3025.643,0.0,-0.7700000000007701,0.0
1811,-3025.643,0.0,-0.7700000000007701,0.0
1812,-3025.643,0.0,-0.7700000000007701,0.0
1813,-3025.643,0.0,-0.7700000000007701,0.0
1814,-3025.643,0.0,-0.7700000000007701,0.0
1815,-3025.643,0.0,-0.7700000000007701,0.0
1816,-3025.643,0.0,-0.7700000000007701,0.0
1817,-3025.643,0.0,-0.7700000000007701,0.0
1818,-3025.643,0.0,-0.7700000000007701,0.0
1819,-3025.643,0.0,-0.7700000000007701,0.0
1820,-3025.643,0.0,-0.7700000000007701,0.0
1821,-3025.643,0.0,-0.7700000000007701,0.0
1822,-3025.643,0.7700000000007701,-0.7700000000007701,0.0
1823,-3025.643,0.0,-0.7700000000007701,0.0
1824,-3025.643,0.0,-0.7700000000007701,0.0
1825,-3025.643,0.0,-0.7700000000007701,0.0
1826,-3025.643,0.0,-0.7700000000007701,0.0
1827,-3025.643,0.0,-0.7700000000007701,0.0
1828,-3025.643,0.7700000000007701,-0.7700000000007701,0.0
1829,-3025.643,0.0,-0.7700000000007701,0.0
1830,-3025.643,0.0,-0.7700000000007701,0.0
1831,-3025.643,0.0,-0.7700000000007701,0.0
1832,-3025.643,0.0,-0.7700000000007701,0.0
1833,-3025.643,0.0,-0.7700000000007701,0.0
1834,-3025.643,0.0,-0.7700000000007701,0.0
1835,-3025.643,0.0,-0.7700000000007701,0.0
1836,-3025.643,0.0,-0.7700000000007701,0.0
1837,-3025.643,0.7700000000007701,-0.7700000000007701,0.0
1838,-3025.643,0.0,-0.7700000000007701,0.0
1839,-3025.643,0.0,-0.7700000000007701,0.0
1840,-3025.643,0.0,-0.7700000000007701,0.0
1841,-3025.643,0.7700000000007701,-0.7700000000007701,0.0
1842,-3025.643,0.0,-0.7700000000007701,0.0
1843,-3025.643,0.0,-0.7700000000007701,0.0
1844,-3025.643,0.0,-0.7700000000007701,0.0
1845,-3025.643,0.0,-0.7700000000007701,0.0
1846,-3025.643,0.0,-0.7700000000007701,0.0
1847,-3025.643,0.0,-0.7700000000007701,0.0
1848,-3025.643,0.0,-0.7700000000007701,0.0
1849,-3025.643,0.7700000000007701,-0.7700000000007701,0.0
1850,-3025.643,0.0,-0.7700000000007701,0.0
1851,-3025.643,0.0,-0.7700000000007701,0.0
1852,-3025.643,0.7700000000007701,-0.7700000000007701,0.0
1853,-3025.643,0.0,-0.7700000000007701,0.0
1854,-3025.643,0.0,-0.7700000000007701,0.0
1855,-3025.643,0.0,-0.7700000000007701,0.0
1856,-3025.643,0.0,-0.7700000000007701,0.0
1857,-3025.643,0.0,-0.7700000000007701,0.0
1858,-3025.643,0.0,-0.7700000000007701,0.0
1859,-3025.643,0.0,-0.7700000000007701,0.0
1860,-3025.643,0.0,-0.7700000000007701,0.0
1861,-3025.643,0.0,-0.7700000000007701,0.0
1862,-3025.643,0.0,-0.7700000000007701,0.0
1863,-3025.643,0.0,-0.7700000000007701,0.0
1864,-3025.643,0.7700000000007701,-0.7700000000007701,0.0
1865,-3025.643,0.0,-0.7700000000007701,0.0
1866,-3025.643,0.0,-0.7700000000007701,0.0
1867,-3025.643,0.7700000000007701,-0.7700000000007701,0.0
1868,-3025.643,0.0,-0.7700000000007701,0.0
1869,-3025.643,0.0,-0.7700000000007701,0.0
1870,-3025.643,0.0,-0.7700000000007701,0.0
1871,-3025.643,0.0,-0.7700000000007701,0.0
1872,-3025.643,0.0,-0.7700000000007701,0.0
1873,-3025.643,0.0,-0.7700000000007701,0.0
1874,-3025.643,0.0,-0.7700000000007701,0.0
1875,-3025.643,0.0,-0.7700000000007701,0.0
1876,-3025.643,0.0,-0.7700000000007701,0.0
1877,-3025.643,0.0,-0.7700000000007701,0.0
1878,-3025.643,0.0,-0.7700000000007701,0.0
1879,-3025.643,0.0,-0.7700000000007701,0.0
1880,-3025.643,0.0,-0.7700000000007701,0.0
1881,-3025.643,0.0,-0.7700000000007701,0.0
1882,-3025.643,0.0,-0.7700000000007701,0.0
1883,-3025.643,0.0,-0.7700000000007701,0.0
1884,-3025.643,0.0,-0.7700000000007701,0.0
1885,-3025.643,0.0,-0.7700000000007701,0.0
1886,-3025.643,0.0,-0.7700000000007701,0.0
1887,-3025.643,0.0,-0.7700000000007701,0.0
1888,-3025.643,0.0,-0.7700000000007701,0.0
1889,-3025.643,0.7700000000007701,-0.7700000000007701,0.0
1890,-3025.643,0.0,-0.7700000000007701,0.0
1891,-3025.643,0.0,-0.7700000000007701,0.0
1892,-3025.643,0.0,-0.7700000000007701,0.0
1893,-3025.643,0.0,-0.7700000000007701,0.0
1894,-3025.643,0.7700000000007701,-0.7700000000007701,0.0
1895,-3025.643,0.0,-0.7700000000007701,0.0
1896,-3025.643,0.0,-0.7700000000007701,0.0
1897,-3025.643,0.0,-0.7700000000007701,0.0
1898,-3025.643,0.0,-0.7700000000007701,0.0
1899,-3025.643,0.0,-0.7700000000007701,0.0
1900,-3025.643,0.0,-0.7700000000007701,0.0
1901,-3025.643,0.0,-0.7700000000007701,0.0
1902,-3025.643,0.0,-0.7700000000007701,0.0
1903,-3025.643,0.7700000000007701,-0.7700000000007701,0.0
1904,-3025.643,0.7700000000007701,-0.7700000000007701,0.0
1905,-3025.643,0.0,-0.7700000000007701,0.0
1906,-3025.643,0.0,-0.7700000000007701,0.0
1907,-3025.643,0.0,-0.7700000000007701,0.0
1908,-3025.643,0.0,-0.7700000000007701,0.0
1909,-3025.643,0.0,-0.7700000000007701,0.0
1910,-3025.643,0.0,-0.7700000000007701,0.0
1911,-3025.643,0.0,-0.7700000000007701,0.0
1912,-3025.643,0.0,-0.7700000000007701,0.0
1913,-3025.643,0.0,-0.7700000000007701,0.0
1914,-3025.643,0.0,-0.7700000000007701,0.0
1915,-3025.643,0.0,-0.7700000000007701,0.0
1916,-3025.643,0.0,-0.7700000000007701,0.0
1917,-3025.643,0.0,-0.7700000000007701,0.0
1918,-3025.643,0.0,-0.7700000000007701,0.0
1919,-3025.643,0.0,-0.7700000000007701,0.0
1920,-3025.643,0.0,-0.7700000000007701,0.0
1921,-3025.643,0.0,-0.7700000000007701,0.0
1922,-3025.643,0.0,-0.7700000000007701,0.0
1923,-3025.643,0.0,-0.7700000000007701,0.0
1924,-3025.643,0.0,-0.7700000000007701,0.0
1925,-3025.643,0.7700000000007701,-0.7700000000007701,0.0
1926,-3025.643,0.0,-0.7700000000007701,0.0
1927,-3025.643,0.7700000000007701,-0.7700000000007701,0.0
1928,-3025.643,0.0,-0.7700000000007701,0.0
1929,-3025.643,0.0,-0.7700000000007701,0.0
1930,-3025.643,0.7700000000007701,-0.7700000000007701,0.0
1931,-3025.643,0.7700000000007701,-0.7700000000007701,0.0
1932,-3025.643,0.0,-0.7700000000007701,0.0
1933,-3025.643,0.0,-0.7700000000007701,0.0
1934,-3025.643,0.0,-0.7700000000007701,0.0
1935,-3025.643,0.7700000000007701,-0.7700000000007701,0.0
1936,-3025.643,0.0,-0.7700000000007701,0.0
1937,-3025.643,0.0,-0.7700000000007701,0.0
1938,-3025.643,0.0,-0.7700000000007701,0.0
1939,-3025.643,0.7700000000007701,-0.7700000000007701,0.0
1940,-3025.643,0.0,-0.7700000000007701,0.0
1941,-3025.643,0.0,-0.7700000000007701,0.0
1942,-3025.643,0.0,-0.7700000000007701,0.0
1943,-3025.643,0.7700000000007701,-0.7700000000007701,0.0
1944,-3025.643,0.7700000000007701,-0.7700000000007701,0.0
1945,-3025.643,0.0,-0.7700000000007701,0.0
1946,-3025.643,0.0,-0.7700000000007701,0.0
1947,-3025.643,0.0,-0.7700000000007701,0.0
1948,-3025.643,0.0,-0.7700000000007701,0.0
1949,-3025.643,0.7700000000007701,-0.7700000000007701,0.0
1950,-3025.643,0.0,-0.7700000000007701,0.0
1951,-3025.643,0.0,-0.7700000000007701,0.0
1952,-3025.643,0.0,-0.7700000000007701,0.0
1953,-3025.643,0.0,-0.7700000000007701,0.0
1954,-3025.643,0.0,-0.7700000000007701,0.0
1955,-3025.643,0.0,-0.7700000000007701,0.0
1956,-3025.643,0.0,-0.7700000000007701,0.0
1957,-3025.643,0.0,-0.7700000000007701,0.0
1958,-3025.643,0.7700000000007701,-0.7700000000007701,0.0
1959,-3025.643,0.0,-0.7700000000007701,0.0
1960,-3025.643,0.0,-0.7700000000007701,0.0
1961,-3025.643,0.0,-0.7700000000007701,0.0
1962,-3025.643,0.7700000000007701,-0.7700000000007701,0.0
1963,-3025.643,0.0,-0.7700000000007701,0.0
1964,-3025.643,0.0,-0.7700000000007701,0.0
1965,-3025.643,0.7700000000007701,-0.7700000000007701,0.0
1966,-3025.643,0.0,-0.7700000000007701,0.0
1967,-3025.643,0.0,-0.7700000000007701,0.0
1968,-3025.643,0.0,-0.7700000000007701,0.0
1969,-3025.643,0.0,-0.7700000000007701,0.0
1970,-3025.643,0.0,-0.7700000000007701,0.0
1971,-3025.643,0.0,-0.7700000000007701,0.0
1972,-3025.643,0.0,-0.7700000000007701,0.0
1973,-3025.643,0.0,-0.7700000000007701,0.0
1974,-3025.643,0.0,-0.7700000000007701,0.0
1975,-3025.643,0.0,-0.7700000000007701,0.0
1976,-3025.643,0.0,-0.7700000000007701,0.0
1977,-3025.643,0.0,-0.7700000000007701,0.0
1978,-3025.643,0.0,-0.7700000000007701,0.0
1979,-3025.643,0.0,-0.7700000000007701,0.0
1980,-3025.643,0.0,-0.7700000000007701,0.0
1981,-3025.643,0.0,-0.7700000000007701,0.0
1982,-3025.643,0.0,-0.7700000000007701,0.0
1983,-3025.643,0.7700000000007701,-0.7700000000007701,0.0
1984,-3025.643,0.0,-0.7700000000007701,0.0
1985,-3025.643,0.0,-0.7700000000007701,0.0
1986,-3025.643,0.7700000000007701,-0.7700000000007701,0.0
1987,-3025.643,0.0,-0.7700000000007701,0.0
1988,-3025.643,0.0,-0.7700000000007701,0.0
1989,-3025.643,0.7700000000007701,-0.7700000000007701,0.0
1990,-3025.643,0.0,-0.7700000000007701,0.0
1991,-3025.643,0.0,-0.7700000000007701,0.0
1992,-3025.643,0.0,-0.7700000000007701,0.0
1993,-3025.643,0.0,-0.7700000000007701,0.0
1994,-3025.643,0.0,-0.7700000000007701,0.0
1995,-3025.643,0.0,-0.7700000000007701,0.0
1996,-3025.643,0.0,-0.7700000000007701,0.0
1997,-3025.643,0.0,-0.7700000000007701,0.0
1998,-3025.643,0.0,-0.7700000000007701,0.0
1999,-3025.643,0.0,-0.7700000000007701,0.0
2000,-3025.643,0.0,-0.7700000000007701,0.0
2001,-3025.643,0.0,-0.7700000000007701,0.0
2002,-3025.643,0.0,-0.7700000000007701,0.0
2003,-3025.643,0.0,-0.7700000000007701,0.0
2004,-3025.643,0.0,-0.7700000000007701,0.0
2005,-3025.643,0.0,-0.7700000000007701,0.0
2006,-3025.643,0.0,-0.7700000000007701,0.0
2007,-3025.643,0.0,-0.7700000000007701,0.0
2008,-3025.643,0.0,-0.7700000000007701,0.0
2009,-3025.643,0.0,-0.7700000000007701,0.0
2010,-3025.643,0.0,-0.7700000000007701,0.0
2011,-3025.643,0.0,-0.7700000000007701,0.0
2012,-3025.643,0.0,-0.7700000000007701,0.0
2013,-3025.643,0.0,-0.7700000000007701,0.0
2014,-3025.643,0.0,-0.7700000000007701,0.0
2015,-3025.643,0.0,-0.7700000000007701,0.0
2016,-3025.643,0.0,-0.7700000000007701,0.0
2017,-3025.643,0.0,-0.7700000000007701,0.0
2018,-3025.643,0.0,-0.7700000000007701,0.0
2019,-3025.643,0.0,-0.7700000000007701,0.0
2020,-3025.643,0.0,-0.7700000000007701,0.0
2021,-3025.643,0.7700000000007701,-0.7700000000007701,0.0
2022,-3025.643,0.0,-0.7700000000007701,0.0
2023,-3025.643,0.0,-0.7700000000007701,0.0
2024,-3025.643,0.0,-0.7700000000007701,0.0
2025,-3025.643,0.0,-0.7700000000007701,0.0
2026,-3025.643,0.0,-0.7700000000007701,0.0
2027,-3025.643,0.0,-0.7700000000007701,0.0
2028,-3025.643,0.0,-0.7700000000007701,0.0
2029,-3025.643,0.0,-0.7700000000007701,0.0
2030,-3025.643,0.0,-0.7700000000007701,0.0
2031,-3025.643,0.7700000000007701,-0.7700000000007701,0.0
2032,-3025.643,0.0,-0.7700000000007701,0.0
2033,-3025.643,0.0,-0.7700000000007701,0.0
2034,-3025.643,0.0,-0.7700000000007701,0.0
2035,-3025.643,0.0,-0.7700000000007701,0.0
2036,-3025.643,0.0,-0.7700000000007701,0.0
2037,-3025.643,0.7700000000007701,-0.7700000000007701,0.0
2038,-3025.643,0.0,-0.7700000000007701,0.0
2039,-3025.643,0.7700000000007701,-0.7700000000007701,0.0
2040,-3025.643,0.0,-0.7700000000007701,0.0
2041,-3025.643,0.0,-0.7700000000007701,0.0
2042,-3025.643,0.0,-0.7700000000007701,0.0
2043,-3025.643,0.0,-0.7700000000007701,0.0
2044,-3025.643,0.0,-0.7700000000007701,0.0
2045,-3025.643,0.0,-0.7700000000007701,0.0
2046,-3025.643,0.0,-0.7700000000007701,0.0
2047,-3025.643,0.0,-0.7700000000007701,0.0
2048,-3025.643,0.0,-0.7700000000007701,0.0
2049,-3025.643,0.0,-0.7700000000007701,0.0
2050,-3025.643,0.0,-0.7700000000007701,0.0
2051,-3025.643,0.7700000000007701,-0.7700000000007701,0.0
2052,-3025.643,0.0,-0.7700000000007701,0.0
2053,-3025.643,0.0,-0.7700000000007701,0.0
2054,-3025.643,0.0,-0.7700000000007701,0.0
2055,-3025.643,0.0,-0.7700000000007701,0.0
2056,-3025.643,0.0,-0.7700000000007701,0.0
2057,-3025.643,0.0,-0.7700000000007701,0.0
2058,-3025.643,0.0,-0.7700000000007701,0.0
2059,-3025.643,0.0,-0.7700000000007701,0.0
2060,-3025.643,0.0,-0.7700000000007701,0.0
2061,-3025.643,0.0,-0.7700000000007701,0.0
2062,-3025.643,0.0,-0.7700000000007701,0.0
2063,-3025.643,0.0,-0.7700000000007701,0.0
2064,-3025.643,0.0,-0.7700000000007701,0.0
2065,-3025.643,0.0,-0.7700000000007701,0.0
2066,-3025.643,0.0,-0.7700000000007701,0.0
2067,-3025.643,0.0,-0.7700000000007701,0.0
2068,-3025.643,0.0,-0.7700000000007701,0.0
2069,-3025.643,0.0,-0.7700000000007701,0.0
2070,-3025.643,0.0,-0.7700000000007701,0.0
2071,-3025.643,0.0,-0.7700000000007701,0.0
2072,-3025.643,0.0,-0.7700000000007701,0.0
2073,-3025.643,0.0,-0.7700000000007701,0.0
2074,-3025.643,0.0,-0.7700000000007701,0.0
2075,-3025.643,0.0,-0.7700000000007701,0.0
2076,-3025.643,6.93000000000693,-2.31000000000231,0.0
2077,-3025.643,14.63000000001463,1.5400000000015401,0.0
2078,-3025.643,1.5400000000015401,-0.7700000000007701,0.0
2079,-3025.643,1.5400000000015401,-0.7700000000007701,0.0
2080,-3025.643,0.0,-0.7700000000007701,0.0
2081,-3025.643,0.0,0.0,0.0
2082,-3025.643,0.7700000000007701,-0.7700000000007701,0.0
2083,-3025.643,0.0,0.0,0.0
2084,-3025.643,0.7700000000007701,-0.7700000000007701,0.0
2085,-3025.643,0.0,-0.7700000000007701,0.0
2086,-3025.643,0.0,-0.7700000000007701,0.0
2087,-3025.643,0.7700000000007701,-0.7700000000007701,0.0
2088,-3025.643,0.0,-0.7700000000007701,0.0
2089,-3025.643,0.7700000000007701,-0.7700000000007701,0.0
2090,-3025.643,0.0,-0.7700000000007701,0.0
2091,-3025.643,0.0,-0.7700000000007701,0.0
2092,-3025.643,0.7700000000007701,-0.7700000000007701,0.0
2093,-3025.643,0.7700000000007701,-0.7700000000007701,0.0
2094,-3025.643,0.0,0.0,0.0
2095,-3025.643,0.0,-0.7700000000007701,0.0
2096,-3025.643,0.0,-0.7700000000007701,0.0
2097,-3025.643,0.0,-0.7700000000007701,0.0
2098,-3025.643,0.7700000000007701,-0.7700000000007701,0.0
2099,-3025.643,0.7700000000007701,-0.7700000000007701,0.0
2100,-3025.643,0.0,-0.7700000000007701,0.0
2101,-3025.643,0.7700000000007701,-0.7700000000007701,0.0
2102,-3025.643,0.0,-0.7700000000007701,0.0
2103,-3025.643,0.7700000000007701,-0.7700000000007701,0.0
2104,-3025.643,0.0,-0.7700000000007701,0.0
2105,-3025.643,0.0,-0.7700000000007701,0.0
2106,-3025.643,0.0,-0.7700000000007701,0.0
2107,-3025.643,0.0,-0.7700000000007701,0.0
2108,-3025.643,0.7700000000007701,-0.7700000000007701,0.0
2109,-3025.643,0.0,-0.7700000000007701,0.0
2110,-3025.643,0.0,-0.7700000000007701,0.0
2111,-3025.643,0.7700000000007701,-0.7700000000007701,0.0
2112,-3025.643,0.0,-0.7700000000007701,0.0
2113,-3025.643,0.0,-0.7700000000007701,0.0
2114,-3025.643,0.0,-0.7700000000007701,0.0
2115,-3025.643,0.0,-0.7700000000007701,0.0
2116,-3025.643,0.0,-0.7700000000007701,0.0
2117,-3025.643,0.7700000000007701,-0.7700000000007701,0.0
2118,-3025.643,0.0,-0.7700000000007701,0.0
2119,-3025.643,0.0,-0.7700000000007701,0.0
2120,-3025.643,0.0,-0.7700000000007701,0.0
2121,-3025.643,0.7700000000007701,-0.7700000000007701,0.0
2122,-3025.643,0.0,-0.7700000000007701,0.0
2123,-3025.643,0.0,-0.7700000000007701,0.0
2124,-3025.643,0.0,-0.7700000000007701,0.0
2125,-3025.643,0.0,-0.7700000000007701,0.0
2126,-3025.643,0.0,-0.7700000000007701,0.0
2127,-3025.643,0.7700000000007701,-0.7700000000007701,0.0
2128,-3025.643,0.7700000000007701,-0.7700000000007701,0.0
2129,-3025.643,0.0,-6.1600000000061605,0.0
2130,-3025.643,0.7700000000007701,0.0,0.0
2131,-3025.643,0.0,-0.7700000000007701,0.0
2132,-3025.643,0.0,-0.7700000000007701,0.0
2133,-3025.643,0.0,-0.7700000000007701,0.0
2134,-3025.643,0.0,-0.7700000000007701,0.0
2135,-3025.643,0.7700000000007701,-0.7700000000007701,0.0
2136,-3025.643,0.7700000000007701,-0.7700000000007701,0.0
2137,-3025.643,0.0,-0.7700000000007701,0.0
2138,-3025.643,0.0,-0.7700000000007701,0.0
2139,-3025.643,0.0,-0.7700000000007701,0.0
2140,-3025.643,0.7700000000007701,-0.7700000000007701,0.0
2141,-3025.643,0.0,-0.7700000000007701,0.0
2142,-3025.643,0.0,-0.7700000000007701,0.0
2143,-3025.643,0.7700000000007701,-0.7700000000007701,0.0
2144,-3025.643,0.0,-0.7700000000007701,0.0
2145,-3025.643,0.7700000000007701,-0.7700000000007701,0.0
2146,-3025.643,0.0,-0.7700000000007701,0.0
2147,-3025.643,0.0,-0.7700000000007701,0.0
2148,-3025.643,0.7700000000007701,-0.7700000000007701,0.0
2149,-3025.643,0.0,-0.7700000000007701,0.0
2150,-3025.643,0.0,-0.7700000000007701,0.0
2151,-3025.643,0.0,-0.7700000000007701,0.0
2152,-3025.643,0.0,-0.7700000000007701,0.0
2153,-3025.643,0.7700000000007701,-0.7700000000007701,0.0
2154,-3025.643,0.7700000000007701,-0.7700000000007701,0.0
2155,-3025.643,0.0,-0.7700000000007701,0.0
2156,-3025.643,0.0,-0.7700000000007701,0.0
2157,-3025.643,0.0,-0.7700000000007701,0.0
2158,-3025.643,0.0,-0.7700000000007701,0.0
2159,-3025.643,0.0,-0.7700000000007701,0.0
2160,-3025.643,0.0,-0.7700000000007701,0.0
2161,-3025.643,0.0,-0.7700000000007701,0.0
2162,-3025.643,0.0,-0.7700000000007701,0.0
2163,-3025.643,0.0,-0.7700000000007701,0.0
2164,-3025.643,0.0,-0.7700000000007701,0.0
2165,-3025.643,0.0,-0.7700000000007701,0.0
2166,-3025.643,0.0,-0.7700000000007701,0.0
2167,-3025.643,0.7700000000007701,-0.7700000000007701,0.0
2168,-3025.643,0.0,-0.7700000000007701,0.0
2169,-3025.643,0.0,-0.7700000000007701,0.0
2170,-3025.643,0.0,-0.7700000000007701,0.0
2171,-3025.643,0.0,-0.7700000000007701,0.0
2172,-3025.643,0.0,-0.7700000000007701,0.0
2173,-3025.643,0.0,-0.7700000000007701,0.0
2174,-3025.643,0.0,-0.7700000000007701,0.0
2175,-3025.643,0.0,-0.7700000000007701,0.0
2176,-3025.643,0.0,-0.7700000000007701,0.0
2177,-3025.643,0.0,-0.7700000000007701,0.0
2178,-3025.643,0.0,-0.7700000000007701,0.0
2179,-3025.643,0.7700000000007701,-0.7700000000007701,0.0
2180,-3025.643,0.7700000000007701,-0.7700000000007701,0.0
2181,-3025.643,0.0,-0.7700000000007701,0.0
2182,-3025.643,0.0,-0.7700000000007701,0.0
2183,-3025.643,0.0,-0.7700000000007701,0.0
2184,-3025.643,0.0,-0.7700000000007701,0.0
2185,-3025.643,0.0,-0.7700000000007701,0.0
2186,-3025.643,0.0,-0.7700000000007701,0.0
2187,-3025.643,0.0,-0.7700000000007701,0.0
2188,-3025.643,0.7700000000007701,-0.7700000000007701,0.0
2189,-3025.643,0.0,-0.7700000000007701,0.0
2190,-3025.643,0.0,-0.7700000000007701,0.0
2191,-3025.643,0.0,-0.7700000000007701,0.0
2192,-3025.643,0.0,-0.7700000000007701,0.0
2193,-3025.643,0.0,-0.7700000000007701,0.0
2194,-3025.643,0.0,-0.7700000000007701,0.0
2195,-3025.643,0.0,-0.7700000000007701,0.0
2196,-3025.643,0.0,-0.7700000000007701,0.0
2197,-3025.643,0.0,-0.7700000000007701,0.0
2198,-3025.643,0.0,-0.7700000000007701,0.0
2199,-3025.643,0.0,-0.7700000000007701,0.0
2200,-3025.643,0.0,-0.7700000000007701,0.0
2201,-3025.643,0.0,-0.7700000000007701,0.0
2202,-3025.643,0.0,-0.7700000000007701,0.0
2203,-3025.643,0.7700000000007701,-0.7700000000007701,0.0
2204,-3025.643,0.0,-0.7700000000007701,0.0
2205,-3025.643,0.0,-0.7700000000007701,0.0
2206,-3025.643,0.0,-0.7700000000007701,0.0
2207,-3025.643,0.0,-0.7700000000007701,0.0
