,ts,q0_estimated,q1_estimated,q2_estimated,q3_estimated,q0_raw,q1_raw,q2_raw,q3_raw
0,-0.34,0.4124,0.4952,-0.5677,0.5121,0.4124,0.4952,-0.5677,0.5121
1,-0.33,0.4123,0.4956,-0.568,0.5115,0.4123,0.4956,-0.568,0.5115
2,-0.32,0.4139,0.4941,-0.568,0.5117,0.4139,0.4941,-0.568,0.5117
3,-0.31,0.4141,0.4938,-0.569,0.5106,0.4141,0.4938,-0.569,0.5106
4,-0.3,0.4142,0.4933,-0.5701,0.5098,0.4142,0.4933,-0.5701,0.5098
5,-0.29,0.4135,0.4939,-0.5692,0.5108,0.4135,0.4939,-0.5692,0.5108
6,-0.28,0.4131,0.4942,-0.5688,0.5112,0.4131,0.4942,-0.5688,0.5112
7,-0.27,0.4131,0.4945,-0.5686,0.5113,0.4131,0.4945,-0.5686,0.5113
8,-0.26,0.4122,0.4953,-0.5695,0.5101,0.4122,0.4953,-0.5695,0.5101
9,-0.25,0.4119,0.4956,-0.5702,0.5093,0.4119,0.4956,-0.5702,0.5093
10,-0.24,0.4127,0.4948,-0.5698,0.5098,0.4127,0.4948,-0.5698,0.5098
11,-0.23,0.413,0.4946,-0.5688,0.5109,0.413,0.4946,-0.5688,0.5109
12,-0.22,0.4122,0.4954,-0.5692,0.5103,0.4122,0.4954,-0.5692,0.5103
13,-0.21,0.4115,0.496,-0.57,0.5094,0.4115,0.496,-0.57,0.5094
14,-0.2,0.4112,0.4964,-0.5702,0.5091,0.4112,0.4964,-0.5702,0.5091
15,-0.19,0.4119,0.4957,-0.5698,0.5097,0.4119,0.4957,-0.5698,0.5097
16,-0.18,0.4113,0.4964,-0.5691,0.5103,0.4113,0.4964,-0.5691,0.5103
17,-0.17,0.4109,0.4968,-0.5693,0.51,0.4109,0.4968,-0.5693,0.51
18,-0.16,0.4115,0.4965,-0.5692,0.5099,0.4115,0.4965,-0.5692,0.5099
19,-0.15,0.4117,0.4962,-0.5697,0.5094,0.4117,0.4962,-0.5697,0.5094
20,-0.14,0.4134,0.4945,-0.5695,0.5098,0.4134,0.4945,-0.5695,0.5098
21,-0.13,0.4157,0.4923,-0.5686,0.5112,0.4157,0.4923,-0.5686,0.5112
22,-0.12,0.4156,0.4922,-0.5682,0.5118,0.4156,0.4922,-0.5682,0.5118
23,-0.11,0.4155,0.4922,-0.5679,0.5123,0.4155,0.4922,-0.5679,0.5123
24,-0.1,0.4155,0.4922,-0.5674,0.5127,0.4155,0.4922,-0.5674,0.5127
25,-0.09,0.4156,0.4924,-0.5669,0.5131,0.4156,0.4924,-0.5669,0.5131
26,-0.08,0.4158,0.4925,-0.5662,0.5135,0.4158,0.4925,-0.5662,0.5135
27,-0.07,0.416,0.4926,-0.5656,0.514,0.416,0.4926,-0.5656,0.514
28,-0.06,0.416,0.4928,-0.5652,0.5143,0.416,0.4928,-0.5652,0.5143
29,-0.05,0.4162,0.4928,-0.5647,0.5146,0.4162,0.4928,-0.5647,0.5146
30,-0.04,0.4164,0.4929,-0.5641,0.515,0.4164,0.4929,-0.5641,0.515
31,-0.03,0.4167,0.4931,-0.5636,0.5152,0.4167,0.4931,-0.5636,0.5152
32,-0.02,0.4171,0.4932,-0.5629,0.5155,0.4171,0.4932,-0.5629,0.5155
33,-0.01,0.4173,0.4931,-0.5625,0.5159,0.4173,0.4931,-0.5625,0.5159
34,0.0,0.4174,0.493,-0.5621,0.5163,0.4174,0.493,-0.5621,0.5163
35,0.01,0.4173,0.4925,-0.562,0.5171,0.4173,0.4925,-0.562,0.5171
36,0.02,0.4155,0.4902,-0.5634,0.5191,0.4155,0.4902,-0.5634,0.5191
37,0.03,0.4184,0.4931,-0.5604,0.5172,0.4184,0.4931,-0.5604,0.5172
38,0.04,0.4189,0.4935,-0.5597,0.5173,0.4189,0.4935,-0.5597,0.5173
39,0.05,0.4189,0.4932,-0.5594,0.5178,0.4189,0.4932,-0.5594,0.5178
40,0.06,0.4187,0.4925,-0.5594,0.5186,0.4187,0.4925,-0.5594,0.5186
41,0.07,0.4185,0.4917,-0.5595,0.5194,0.4185,0.4917,-0.5595,0.5194
42,0.08,0.4182,0.4909,-0.5597,0.5203,0.4182,0.4909,-0.5597,0.5203
43,0.09,0.4177,0.4904,-0.56,0.5208,0.4177,0.4904,-0.56,0.5208
44,0.1,0.4175,0.4897,-0.56,0.5216,0.4175,0.4897,-0.56,0.5216
45,0.11,0.4174,0.4887,-0.5599,0.5227,0.4174,0.4887,-0.5599,0.5227
46,0.12,0.4195,0.4906,-0.558,0.5214,0.4195,0.4906,-0.558,0.5214
47,0.13,0.4192,0.4893,-0.5582,0.5226,0.4192,0.4893,-0.5582,0.5226
48,0.14,0.419,0.4878,-0.5584,0.524,0.419,0.4878,-0.5584,0.524
49,0.15,0.4187,0.4869,-0.5586,0.5248,0.4187,0.4869,-0.5586,0.5248
50,0.16,0.4184,0.4862,-0.5588,0.5254,0.4184,0.4862,-0.5588,0.5254
51,0.17,0.4185,0.4855,-0.5585,0.5263,0.4185,0.4855,-0.5585,0.5263
52,0.18,0.418,0.485,-0.5587,0.527,0.418,0.485,-0.5587,0.527
53,0.19,0.4183,0.4854,-0.5582,0.527,0.4183,0.4854,-0.5582,0.527
54,0.2,0.4175,0.4845,-0.5585,0.528,0.4175,0.4845,-0.5585,0.528
55,0.21,0.4161,0.4835,-0.5594,0.5291,0.4161,0.4835,-0.5594,0.5291
56,0.22,0.4153,0.4825,-0.5596,0.5305,0.4153,0.4825,-0.5596,0.5305
57,0.23,0.4142,0.4815,-0.5601,0.5317,0.4142,0.4815,-0.5601,0.5317
58,0.24,0.4125,0.4798,-0.5612,0.5334,0.4125,0.4798,-0.5612,0.5334
59,0.25,0.4127,0.4791,-0.5606,0.5345,0.4127,0.4791,-0.5606,0.5345
60,0.26,0.412,0.4785,-0.5607,0.5355,0.412,0.4785,-0.5607,0.5355
61,0.27,0.4118,0.4782,-0.5606,0.5361,0.4118,0.4782,-0.5606,0.5361
62,0.28,0.4124,0.4777,-0.5597,0.537,0.4124,0.4777,-0.5597,0.537
63,0.29,0.413,0.4778,-0.559,0.5371,0.413,0.4778,-0.559,0.5371
64,0.3,0.413,0.4779,-0.5589,0.537,0.413,0.4779,-0.5589,0.537
65,0.31,0.4132,0.4775,-0.5586,0.5376,0.4132,0.4775,-0.5586,0.5376
66,0.32,0.4131,0.4766,-0.5588,0.5383,0.4131,0.4766,-0.5588,0.5383
67,0.33,0.413,0.4757,-0.559,0.539,0.413,0.4757,-0.559,0.539
68,0.34,0.4123,0.4746,-0.5595,0.5399,0.4123,0.4746,-0.5595,0.5399
69,0.35,0.4114,0.4736,-0.5599,0.541,0.4114,0.4736,-0.5599,0.541
70,0.36,0.4098,0.4729,-0.5605,0.5423,0.4098,0.4729,-0.5605,0.5423
71,0.37,0.4088,0.4724,-0.5602,0.5438,0.4088,0.4724,-0.5602,0.5438
72,0.38,0.4079,0.4717,-0.5598,0.5454,0.4079,0.4717,-0.5598,0.5454
73,0.39,0.4068,0.4714,-0.5599,0.5465,0.4068,0.4714,-0.5599,0.5465
74,0.4,0.4062,0.4707,-0.5592,0.5483,0.4062,0.4707,-0.5592,0.5483
75,0.41,0.4055,0.4697,-0.5582,0.5506,0.4055,0.4697,-0.5582,0.5506
76,0.42,0.4045,0.4695,-0.5577,0.5521,0.4045,0.4695,-0.5577,0.5521
77,0.43,0.4036,0.4697,-0.5572,0.5531,0.4036,0.4697,-0.5572,0.5531
78,0.44,0.403,0.4702,-0.5564,0.5538,0.403,0.4702,-0.5564,0.5538
79,0.45,0.4029,0.4706,-0.5553,0.5546,0.4029,0.4706,-0.5553,0.5546
80,0.46,0.4032,0.4709,-0.5536,0.5558,0.4032,0.4709,-0.5536,0.5558
81,0.47,0.4036,0.4719,-0.5519,0.5565,0.4036,0.4719,-0.5519,0.5565
82,0.48,0.4038,0.4733,-0.5505,0.5565,0.4038,0.4733,-0.5505,0.5565
83,0.49,0.4043,0.4747,-0.549,0.5565,0.4043,0.4747,-0.549,0.5565
84,0.5,0.405,0.4759,-0.5472,0.5567,0.405,0.4759,-0.5472,0.5567
85,0.51,0.4058,0.4768,-0.5451,0.5574,0.4058,0.4768,-0.5451,0.5574
86,0.52,0.4066,0.478,-0.543,0.5579,0.4066,0.478,-0.543,0.5579
87,0.53,0.4071,0.4795,-0.5413,0.5578,0.4071,0.4795,-0.5413,0.5578
88,0.54,0.4076,0.481,-0.5397,0.5577,0.4076,0.481,-0.5397,0.5577
89,0.55,0.4084,0.4821,-0.5378,0.558,0.4084,0.4821,-0.5378,0.558
90,0.56,0.4092,0.4829,-0.5357,0.5587,0.4092,0.4829,-0.5357,0.5587
91,0.57,0.41,0.4838,-0.5338,0.5592,0.41,0.4838,-0.5338,0.5592
92,0.58,0.4106,0.4851,-0.5319,0.5594,0.4106,0.4851,-0.5319,0.5594
93,0.59,0.4112,0.4866,-0.5303,0.5593,0.4112,0.4866,-0.5303,0.5593
94,0.6,0.412,0.4877,-0.5284,0.5594,0.412,0.4877,-0.5284,0.5594
95,0.61,0.4131,0.4886,-0.5262,0.5599,0.4131,0.4886,-0.5262,0.5599
96,0.62,0.4141,0.4897,-0.524,0.5603,0.4141,0.4897,-0.524,0.5603
97,0.63,0.4149,0.4909,-0.5221,0.5604,0.4149,0.4909,-0.5221,0.5604
98,0.64,0.4155,0.4922,-0.5204,0.5604,0.4155,0.4922,-0.5204,0.5604
99,0.65,0.4164,0.4932,-0.5186,0.5605,0.4164,0.4932,-0.5186,0.5605
100,0.66,0.4174,0.494,-0.5165,0.561,0.4174,0.494,-0.5165,0.561
101,0.67,0.4187,0.495,-0.5142,0.5613,0.4187,0.495,-0.5142,0.5613
102,0.68,0.4197,0.4962,-0.5122,0.5614,0.4197,0.4962,-0.5122,0.5614
103,0.69,0.4206,0.4975,-0.5103,0.5612,0.4206,0.4975,-0.5103,0.5612
104,0.7,0.4216,0.4986,-0.5084,0.5612,0.4216,0.4986,-0.5084,0.5612
105,0.71,0.4226,0.4994,-0.5064,0.5616,0.4226,0.4994,-0.5064,0.5616
106,0.72,0.4236,0.5,-0.5044,0.5621,0.4236,0.5,-0.5044,0.5621
107,0.73,0.4244,0.5007,-0.5027,0.5624,0.4244,0.5007,-0.5027,0.5624
108,0.74,0.4251,0.5015,-0.5011,0.5625,0.4251,0.5015,-0.5011,0.5625
109,0.75,0.426,0.5023,-0.4994,0.5627,0.426,0.5023,-0.4994,0.5627
110,0.76,0.427,0.5029,-0.4976,0.563,0.427,0.5029,-0.4976,0.563
111,0.77,0.4281,0.5034,-0.4957,0.5634,0.4281,0.5034,-0.4957,0.5634
112,0.78,0.4291,0.5041,-0.4938,0.5637,0.4291,0.5041,-0.4938,0.5637
113,0.79,0.4298,0.5049,-0.4923,0.5637,0.4298,0.5049,-0.4923,0.5637
114,0.8,0.4308,0.5056,-0.4906,0.5638,0.4308,0.5056,-0.4906,0.5638
115,0.81,0.4319,0.5061,-0.4889,0.564,0.4319,0.5061,-0.4889,0.564
116,0.82,0.433,0.5066,-0.487,0.5643,0.433,0.5066,-0.487,0.5643
117,0.83,0.4341,0.5072,-0.4852,0.5646,0.4341,0.5072,-0.4852,0.5646
118,0.84,0.4351,0.508,-0.4835,0.5645,0.4351,0.508,-0.4835,0.5645
119,0.85,0.436,0.5086,-0.482,0.5645,0.436,0.5086,-0.482,0.5645
120,0.86,0.4371,0.5091,-0.4803,0.5646,0.4371,0.5091,-0.4803,0.5646
121,0.87,0.4385,0.5097,-0.4784,0.5647,0.4385,0.5097,-0.4784,0.5647
122,0.88,0.4397,0.5102,-0.4767,0.5647,0.4397,0.5102,-0.4767,0.5647
123,0.89,0.4401,0.5118,-0.4758,0.5637,0.4401,0.5118,-0.4758,0.5637
124,0.9,0.4413,0.5138,-0.4733,0.5631,0.4413,0.5138,-0.4733,0.5631
125,0.91,0.4404,0.5149,-0.473,0.563,0.4404,0.5149,-0.473,0.563
126,0.92,0.4407,0.5163,-0.4714,0.5629,0.4407,0.5163,-0.4714,0.5629
127,0.93,0.4421,0.5176,-0.4688,0.5627,0.4421,0.5176,-0.4688,0.5627
128,0.94,0.4434,0.5164,-0.4677,0.5637,0.4434,0.5164,-0.4677,0.5637
129,0.95,0.4433,0.5173,-0.4665,0.5639,0.4433,0.5173,-0.4665,0.5639
130,0.96,0.4441,0.5182,-0.4644,0.5642,0.4441,0.5182,-0.4644,0.5642
131,0.97,0.4441,0.5188,-0.463,0.5648,0.4441,0.5188,-0.463,0.5648
132,0.98,0.444,0.5197,-0.4617,0.5651,0.444,0.5197,-0.4617,0.5651
133,0.99,0.4444,0.5206,-0.4599,0.5654,0.4444,0.5206,-0.4599,0.5654
134,1.0,0.4449,0.5215,-0.4581,0.5657,0.4449,0.5215,-0.4581,0.5657
135,1.01,0.4449,0.5224,-0.4565,0.5662,0.4449,0.5224,-0.4565,0.5662
136,1.02,0.445,0.5233,-0.4548,0.5666,0.445,0.5233,-0.4548,0.5666
137,1.03,0.4453,0.5243,-0.4528,0.5671,0.4453,0.5243,-0.4528,0.5671
138,1.04,0.4456,0.5253,-0.4508,0.5675,0.4456,0.5253,-0.4508,0.5675
139,1.05,0.4454,0.5266,-0.4493,0.5676,0.4454,0.5266,-0.4493,0.5676
140,1.06,0.446,0.5303,-0.4464,0.566,0.446,0.5303,-0.4464,0.566
141,1.07,0.4381,0.5361,-0.4489,0.5648,0.4381,0.5361,-0.4489,0.5648
142,1.08,0.431,0.5476,-0.4494,0.5587,0.431,0.5476,-0.4494,0.5587
143,1.09,0.4258,0.5545,-0.4461,0.5585,0.4258,0.5545,-0.4461,0.5585
144,1.1,0.42,0.562,-0.4435,0.5575,0.42,0.562,-0.4435,0.5575
145,1.11,0.4117,0.5738,-0.4431,0.5521,0.4117,0.5738,-0.4431,0.5521
146,1.12,0.4034,0.5856,-0.4422,0.5464,0.4034,0.5856,-0.4422,0.5464
147,1.13,0.3953,0.5962,-0.4403,0.5424,0.3953,0.5962,-0.4403,0.5424
148,1.14,0.3848,0.608,-0.4402,0.5369,0.3848,0.608,-0.4402,0.5369
149,1.15,0.371,0.6211,-0.442,0.5302,0.371,0.6211,-0.442,0.5302
150,1.16,0.3571,0.6344,-0.4426,0.5233,0.3571,0.6344,-0.4426,0.5233
151,1.17,0.3421,0.6479,-0.443,0.5165,0.3421,0.6479,-0.443,0.5165
152,1.18,0.3238,0.6625,-0.4452,0.5078,0.3238,0.6625,-0.4452,0.5078
153,1.19,0.3035,0.6783,-0.4472,0.4976,0.3035,0.6783,-0.4472,0.4976
154,1.2,0.2816,0.6941,-0.4484,0.4876,0.2816,0.6941,-0.4484,0.4876
155,1.21,0.2571,0.7106,-0.4488,0.4768,0.2571,0.7106,-0.4488,0.4768
156,1.22,0.2303,0.7295,-0.4466,0.4638,0.2303,0.7295,-0.4466,0.4638
157,1.23,0.2028,0.752,-0.437,0.4497,0.2028,0.752,-0.437,0.4497
158,1.24,0.1794,0.7829,-0.4101,0.4319,0.1794,0.7829,-0.4101,0.4319
159,1.25,0.0,0.0,0.0,0.0,0.0,0.0,0.0,0.0
160,1.26,0.0,0.0,0.0,0.0,0.0,0.0,0.0,0.0
161,1.27,0.0,0.0,0.0,0.0,0.0,0.0,0.0,0.0
162,1.28,0.0,0.0,0.0,0.0,0.0,0.0,0.0,0.0
163,1.29,0.0,0.0,0.0,0.0,0.0,0.0,0.0,0.0
164,1.3,0.0,0.0,0.0,0.0,0.0,0.0,0.0,0.0
165,1.31,0.0,0.0,0.0,0.0,0.0,0.0,0.0,0.0
166,1.32,0.0,0.0,0.0,0.0,0.0,0.0,0.0,0.0
167,1.33,0.0,0.0,0.0,0.0,0.0,0.0,0.0,0.0
168,1.34,0.0,0.0,0.0,0.0,0.0,0.0,0.0,0.0
169,1.35,0.0,0.0,0.0,0.0,0.0,0.0,0.0,0.0
170,1.36,0.0,0.0,0.0,0.0,0.0,0.0,0.0,0.0
171,1.37,0.0,0.0,0.0,0.0,0.0,0.0,0.0,0.0
172,1.38,0.0,0.0,0.0,0.0,0.0,0.0,0.0,0.0
173,1.39,0.0,0.0,0.0,0.0,0.0,0.0,0.0,0.0
174,1.4,0.0,0.0,0.0,0.0,0.0,0.0,0.0,0.0
175,1.41,0.0,0.0,0.0,0.0,0.0,0.0,0.0,0.0
176,1.42,0.0,0.0,0.0,0.0,0.0,0.0,0.0,0.0
177,1.43,0.0,0.0,0.0,0.0,0.0,0.0,0.0,0.0
178,1.44,0.0,0.0,0.0,0.0,0.0,0.0,0.0,0.0
179,1.45,0.0,0.0,0.0,0.0,0.0,0.0,0.0,0.0
180,1.46,0.0,0.0,0.0,0.0,0.0,0.0,0.0,0.0
181,1.47,0.0,0.0,0.0,0.0,0.0,0.0,0.0,0.0
182,1.48,0.0,0.0,0.0,0.0,0.0,0.0,0.0,0.0
183,1.49,0.0,0.0,0.0,0.0,0.0,0.0,0.0,0.0
184,1.5,0.0,0.0,0.0,0.0,0.0,0.0,0.0,0.0
185,1.51,0.0,0.0,0.0,0.0,0.0,0.0,0.0,0.0
186,1.52,0.0,0.0,0.0,0.0,0.0,0.0,0.0,0.0
187,1.53,0.0,0.0,0.0,0.0,0.0,0.0,0.0,0.0
188,1.54,0.0,0.0,0.0,0.0,0.0,0.0,0.0,0.0
189,1.55,0.0,0.0,0.0,0.0,0.0,0.0,0.0,0.0
190,1.56,0.0,0.0,0.0,0.0,0.0,0.0,0.0,0.0
191,1.57,0.0,0.0,0.0,0.0,0.0,0.0,0.0,0.0
192,1.58,0.0,0.0,0.0,0.0,0.0,0.0,0.0,0.0
193,1.59,0.0,0.0,0.0,0.0,0.0,0.0,0.0,0.0
194,1.6,0.0,0.0,0.0,0.0,0.0,0.0,0.0,0.0
195,1.61,0.0,0.0,0.0,0.0,0.0,0.0,0.0,0.0
196,1.62,0.0,0.0,0.0,0.0,0.0,0.0,0.0,0.0
197,1.63,0.0,0.0,0.0,0.0,0.0,0.0,0.0,0.0
198,1.64,0.0,0.0,0.0,0.0,0.0,0.0,0.0,0.0
199,1.65,0.0,0.0,0.0,0.0,0.0,0.0,0.0,0.0
200,1.66,0.0,0.0,0.0,0.0,0.0,0.0,0.0,0.0
201,1.67,0.0,0.0,0.0,0.0,0.0,0.0,0.0,0.0
202,1.68,0.0,0.0,0.0,0.0,0.0,0.0,0.0,0.0
203,1.69,0.0,0.0,0.0,0.0,0.0,0.0,0.0,0.0
204,1.7,0.0,0.0,0.0,0.0,0.0,0.0,0.0,0.0
205,1.71,0.0,0.0,0.0,0.0,0.0,0.0,0.0,0.0
206,1.72,0.0,0.0,0.0,0.0,0.0,0.0,0.0,0.0
207,1.73,0.0,0.0,0.0,0.0,0.0,0.0,0.0,0.0
208,1.74,0.0,0.0,0.0,0.0,0.0,0.0,0.0,0.0
209,1.75,0.0,0.0,0.0,0.0,0.0,0.0,0.0,0.0
210,1.76,0.0,0.0,0.0,0.0,0.0,0.0,0.0,0.0
211,1.77,0.0,0.0,0.0,0.0,0.0,0.0,0.0,0.0
212,1.78,0.0,0.0,0.0,0.0,0.0,0.0,0.0,0.0
213,1.79,0.0,0.0,0.0,0.0,0.0,0.0,0.0,0.0
214,1.8,0.0,0.0,0.0,0.0,0.0,0.0,0.0,0.0
215,1.81,0.0,0.0,0.0,0.0,0.0,0.0,0.0,0.0
216,1.82,0.0,0.0,0.0,0.0,0.0,0.0,0.0,0.0
217,1.83,0.0,0.0,0.0,0.0,0.0,0.0,0.0,0.0
218,1.84,0.0,0.0,0.0,0.0,0.0,0.0,0.0,0.0
219,1.85,0.0,0.0,0.0,0.0,0.0,0.0,0.0,0.0
220,1.86,0.0,0.0,0.0,0.0,0.0,0.0,0.0,0.0
221,1.87,0.0,0.0,0.0,0.0,0.0,0.0,0.0,0.0
222,1.88,0.0,0.0,0.0,0.0,0.0,0.0,0.0,0.0
223,1.89,0.0,0.0,0.0,0.0,0.0,0.0,0.0,0.0
224,1.9,0.0,0.0,0.0,0.0,0.0,0.0,0.0,0.0
225,1.91,0.0,0.0,0.0,0.0,0.0,0.0,0.0,0.0
226,1.92,0.0,0.0,0.0,0.0,0.0,0.0,0.0,0.0
227,1.93,0.0,0.0,0.0,0.0,0.0,0.0,0.0,0.0
228,1.94,0.0,0.0,0.0,0.0,0.0,0.0,0.0,0.0
229,1.95,0.0,0.0,0.0,0.0,0.0,0.0,0.0,0.0
230,1.96,0.0,0.0,0.0,0.0,0.0,0.0,0.0,0.0
231,1.97,0.0,0.0,0.0,0.0,0.0,0.0,0.0,0.0
232,1.98,0.0,0.0,0.0,0.0,0.0,0.0,0.0,0.0
233,1.99,0.0,0.0,0.0,0.0,0.0,0.0,0.0,0.0
234,2.0,0.0,0.0,0.0,0.0,0.0,0.0,0.0,0.0
235,2.01,0.0,0.0,0.0,0.0,0.0,0.0,0.0,0.0
236,2.02,0.0,0.0,0.0,0.0,0.0,0.0,0.0,0.0
237,2.03,0.0,0.0,0.0,0.0,0.0,0.0,0.0,0.0
238,2.04,0.0,0.0,0.0,0.0,0.0,0.0,0.0,0.0
239,2.05,0.0,0.0,0.0,0.0,0.0,0.0,0.0,0.0
240,2.06,0.0,0.0,0.0,0.0,0.0,0.0,0.0,0.0
241,2.07,0.0,0.0,0.0,0.0,0.0,0.0,0.0,0.0
242,2.08,0.0,0.0,0.0,0.0,0.0,0.0,0.0,0.0
243,2.09,0.0,0.0,0.0,0.0,0.0,0.0,0.0,0.0
244,2.1,0.0,0.0,0.0,0.0,0.0,0.0,0.0,0.0
245,2.11,0.0,0.0,0.0,0.0,0.0,0.0,0.0,0.0
246,2.12,0.0,0.0,0.0,0.0,0.0,0.0,0.0,0.0
247,2.13,0.0,0.0,0.0,0.0,0.0,0.0,0.0,0.0
248,2.14,0.0,0.0,0.0,0.0,0.0,0.0,0.0,0.0
249,2.15,0.0,0.0,0.0,0.0,0.0,0.0,0.0,0.0
250,2.16,0.0,0.0,0.0,0.0,0.0,0.0,0.0,0.0
251,2.17,0.0,0.0,0.0,0.0,0.0,0.0,0.0,0.0
252,2.18,0.0,0.0,0.0,0.0,0.0,0.0,0.0,0.0
253,2.19,0.0,0.0,0.0,0.0,0.0,0.0,0.0,0.0
254,2.2,0.0,0.0,0.0,0.0,0.0,0.0,0.0,0.0
255,2.21,0.0,0.0,0.0,0.0,0.0,0.0,0.0,0.0
256,2.22,0.0,0.0,0.0,0.0,0.0,0.0,0.0,0.0
257,2.23,0.0,0.0,0.0,0.0,0.0,0.0,0.0,0.0
258,2.24,0.0,0.0,0.0,0.0,0.0,0.0,0.0,0.0
259,2.25,0.0,0.0,0.0,0.0,0.0,0.0,0.0,0.0
260,2.26,0.0,0.0,0.0,0.0,0.0,0.0,0.0,0.0
261,2.27,0.0,0.0,0.0,0.0,0.0,0.0,0.0,0.0
262,2.28,0.0,0.0,0.0,0.0,0.0,0.0,0.0,0.0
263,2.29,0.0,0.0,0.0,0.0,0.0,0.0,0.0,0.0
264,2.3,0.0,0.0,0.0,0.0,0.0,0.0,0.0,0.0
265,2.31,0.0,0.0,0.0,0.0,0.0,0.0,0.0,0.0
266,2.32,0.0,0.0,0.0,0.0,0.0,0.0,0.0,0.0
267,2.33,0.0,0.0,0.0,0.0,0.0,0.0,0.0,0.0
268,2.34,0.0,0.0,0.0,0.0,0.0,0.0,0.0,0.0
269,2.35,0.0,0.0,0.0,0.0,0.0,0.0,0.0,0.0
270,2.36,0.0,0.0,0.0,0.0,0.0,0.0,0.0,0.0
271,2.37,0.0,0.0,0.0,0.0,0.0,0.0,0.0,0.0
272,2.38,0.0,0.0,0.0,0.0,0.0,0.0,0.0,0.0
273,2.39,0.0,0.0,0.0,0.0,0.0,0.0,0.0,0.0
274,2.4,0.0,0.0,0.0,0.0,0.0,0.0,0.0,0.0
275,2.41,0.0,0.0,0.0,0.0,0.0,0.0,0.0,0.0
276,2.42,0.0,0.0,0.0,0.0,0.0,0.0,0.0,0.0
277,2.43,0.0,0.0,0.0,0.0,0.0,0.0,0.0,0.0
278,2.44,0.0,0.0,0.0,0.0,0.0,0.0,0.0,0.0
279,2.45,0.0,0.0,0.0,0.0,0.0,0.0,0.0,0.0
280,2.46,0.0,0.0,0.0,0.0,0.0,0.0,0.0,0.0
281,2.47,0.0,0.0,0.0,0.0,0.0,0.0,0.0,0.0
282,2.48,0.0,0.0,0.0,0.0,0.0,0.0,0.0,0.0
283,2.49,0.0,0.0,0.0,0.0,0.0,0.0,0.0,0.0
284,2.5,0.0,0.0,0.0,0.0,0.0,0.0,0.0,0.0
285,2.51,0.0,0.0,0.0,0.0,0.0,0.0,0.0,0.0
286,2.52,0.0,0.0,0.0,0.0,0.0,0.0,0.0,0.0
287,2.53,0.0,0.0,0.0,0.0,0.0,0.0,0.0,0.0
288,2.54,0.0,0.0,0.0,0.0,0.0,0.0,0.0,0.0
289,2.55,0.0,0.0,0.0,0.0,0.0,0.0,0.0,0.0
290,2.56,0.0,0.0,0.0,0.0,0.0,0.0,0.0,0.0
291,2.57,0.0,0.0,0.0,0.0,0.0,0.0,0.0,0.0
292,2.58,0.0,0.0,0.0,0.0,0.0,0.0,0.0,0.0
293,2.59,0.0,0.0,0.0,0.0,0.0,0.0,0.0,0.0
294,2.6,0.0,0.0,0.0,0.0,0.0,0.0,0.0,0.0
295,2.61,0.0,0.0,0.0,0.0,0.0,0.0,0.0,0.0
296,2.62,0.0,0.0,0.0,0.0,0.0,0.0,0.0,0.0
297,2.63,0.0,0.0,0.0,0.0,0.0,0.0,0.0,0.0
298,2.64,0.0,0.0,0.0,0.0,0.0,0.0,0.0,0.0
299,2.65,0.0,0.0,0.0,0.0,0.0,0.0,0.0,0.0
300,2.66,0.0,0.0,0.0,0.0,0.0,0.0,0.0,0.0
301,2.67,0.0,0.0,0.0,0.0,0.0,0.0,0.0,0.0
302,2.68,0.0,0.0,0.0,0.0,0.0,0.0,0.0,0.0
303,2.69,0.0,0.0,0.0,0.0,0.0,0.0,0.0,0.0
304,2.7,0.0,0.0,0.0,0.0,0.0,0.0,0.0,0.0
305,2.71,0.0,0.0,0.0,0.0,0.0,0.0,0.0,0.0
306,2.72,0.0,0.0,0.0,0.0,0.0,0.0,0.0,0.0
307,2.73,0.0,0.0,0.0,0.0,0.0,0.0,0.0,0.0
308,2.74,0.0,0.0,0.0,0.0,0.0,0.0,0.0,0.0
309,2.75,0.0,0.0,0.0,0.0,0.0,0.0,0.0,0.0
310,2.76,0.0,0.0,0.0,0.0,0.0,0.0,0.0,0.0
311,2.77,0.0,0.0,0.0,0.0,0.0,0.0,0.0,0.0
312,2.78,0.0,0.0,0.0,0.0,0.0,0.0,0.0,0.0
313,2.79,0.0,0.0,0.0,0.0,0.0,0.0,0.0,0.0
314,2.8,0.0,0.0,0.0,0.0,0.0,0.0,0.0,0.0
315,2.81,0.0,0.0,0.0,0.0,0.0,0.0,0.0,0.0
316,2.82,0.0,0.0,0.0,0.0,0.0,0.0,0.0,0.0
317,2.83,0.0,0.0,0.0,0.0,0.0,0.0,0.0,0.0
318,2.84,0.0,0.0,0.0,0.0,0.0,0.0,0.0,0.0
319,2.85,0.0,0.0,0.0,0.0,0.0,0.0,0.0,0.0
320,2.86,0.0,0.0,0.0,0.0,0.0,0.0,0.0,0.0
321,2.87,0.0,0.0,0.0,0.0,0.0,0.0,0.0,0.0
322,2.88,0.0,0.0,0.0,0.0,0.0,0.0,0.0,0.0
323,2.89,0.0,0.0,0.0,0.0,0.0,0.0,0.0,0.0
324,2.9,0.0,0.0,0.0,0.0,0.0,0.0,0.0,0.0
325,2.91,0.0,0.0,0.0,0.0,0.0,0.0,0.0,0.0
326,2.92,0.0,0.0,0.0,0.0,0.0,0.0,0.0,0.0
327,2.93,0.0,0.0,0.0,0.0,0.0,0.0,0.0,0.0
328,2.94,0.0,0.0,0.0,0.0,0.0,0.0,0.0,0.0
329,2.95,0.0,0.0,0.0,0.0,0.0,0.0,0.0,0.0
330,2.96,0.0,0.0,0.0,0.0,0.0,0.0,0.0,0.0
331,2.97,0.0,0.0,0.0,0.0,0.0,0.0,0.0,0.0
332,2.98,0.0,0.0,0.0,0.0,0.0,0.0,0.0,0.0
333,2.99,0.0,0.0,0.0,0.0,0.0,0.0,0.0,0.0
334,3.0,0.0,0.0,0.0,0.0,0.0,0.0,0.0,0.0
335,3.01,0.0,0.0,0.0,0.0,0.0,0.0,0.0,0.0
336,3.02,0.0,0.0,0.0,0.0,0.0,0.0,0.0,0.0
337,3.03,0.0,0.0,0.0,0.0,0.0,0.0,0.0,0.0
338,3.04,0.0,0.0,0.0,0.0,0.0,0.0,0.0,0.0
339,3.05,0.0,0.0,0.0,0.0,0.0,0.0,0.0,0.0
340,3.06,0.0,0.0,0.0,0.0,0.0,0.0,0.0,0.0
341,3.07,0.0,0.0,0.0,0.0,0.0,0.0,0.0,0.0
342,3.08,0.0,0.0,0.0,0.0,0.0,0.0,0.0,0.0
343,3.09,0.0,0.0,0.0,0.0,0.0,0.0,0.0,0.0
344,3.1,0.0,0.0,0.0,0.0,0.0,0.0,0.0,0.0
345,3.11,0.0,0.0,0.0,0.0,0.0,0.0,0.0,0.0
346,3.12,0.0,0.0,0.0,0.0,0.0,0.0,0.0,0.0
347,3.13,0.0,0.0,0.0,0.0,0.0,0.0,0.0,0.0
348,3.14,0.0,0.0,0.0,0.0,0.0,0.0,0.0,0.0
349,3.15,0.0,0.0,0.0,0.0,0.0,0.0,0.0,0.0
350,3.16,0.0,0.0,0.0,0.0,0.0,0.0,0.0,0.0
351,3.17,0.0,0.0,0.0,0.0,0.0,0.0,0.0,0.0
352,3.18,0.0,0.0,0.0,0.0,0.0,0.0,0.0,0.0
353,3.19,0.0,0.0,0.0,0.0,0.0,0.0,0.0,0.0
354,3.2,0.0,0.0,0.0,0.0,0.0,0.0,0.0,0.0
355,3.21,0.0,0.0,0.0,0.0,0.0,0.0,0.0,0.0
356,3.22,0.0,0.0,0.0,0.0,0.0,0.0,0.0,0.0
357,3.23,0.0,0.0,0.0,0.0,0.0,0.0,0.0,0.0
358,3.24,0.0,0.0,0.0,0.0,0.0,0.0,0.0,0.0
359,3.25,0.0,0.0,0.0,0.0,0.0,0.0,0.0,0.0
360,3.26,0.0,0.0,0.0,0.0,0.0,0.0,0.0,0.0
361,3.27,0.0,0.0,0.0,0.0,0.0,0.0,0.0,0.0
362,3.28,0.0,0.0,0.0,0.0,0.0,0.0,0.0,0.0
363,3.29,0.0,0.0,0.0,0.0,0.0,0.0,0.0,0.0
364,3.3,0.0,0.0,0.0,0.0,0.0,0.0,0.0,0.0
365,3.31,0.0,0.0,0.0,0.0,0.0,0.0,0.0,0.0
366,3.32,0.0,0.0,0.0,0.0,0.0,0.0,0.0,0.0
367,3.33,0.0,0.0,0.0,0.0,0.0,0.0,0.0,0.0
368,3.34,0.0,0.0,0.0,0.0,0.0,0.0,0.0,0.0
369,3.35,0.0,0.0,0.0,0.0,0.0,0.0,0.0,0.0
370,3.36,0.0,0.0,0.0,0.0,0.0,0.0,0.0,0.0
371,3.37,0.0,0.0,0.0,0.0,0.0,0.0,0.0,0.0
372,3.38,0.0,0.0,0.0,0.0,0.0,0.0,0.0,0.0
373,3.39,0.0,0.0,0.0,0.0,0.0,0.0,0.0,0.0
374,3.4,0.0,0.0,0.0,0.0,0.0,0.0,0.0,0.0
375,3.41,0.0,0.0,0.0,0.0,0.0,0.0,0.0,0.0
376,3.42,0.0,0.0,0.0,0.0,0.0,0.0,0.0,0.0
377,3.43,0.0,0.0,0.0,0.0,0.0,0.0,0.0,0.0
378,3.44,0.0,0.0,0.0,0.0,0.0,0.0,0.0,0.0
379,3.45,0.0,0.0,0.0,0.0,0.0,0.0,0.0,0.0
380,3.46,0.0,0.0,0.0,0.0,0.0,0.0,0.0,0.0
381,3.47,0.0,0.0,0.0,0.0,0.0,0.0,0.0,0.0
382,3.48,0.0,0.0,0.0,0.0,0.0,0.0,0.0,0.0
383,3.49,0.0,0.0,0.0,0.0,0.0,0.0,0.0,0.0
384,3.5,0.0,0.0,0.0,0.0,0.0,0.0,0.0,0.0
385,3.51,0.0,0.0,0.0,0.0,0.0,0.0,0.0,0.0
386,3.52,0.0,0.0,0.0,0.0,0.0,0.0,0.0,0.0
387,3.53,0.0,0.0,0.0,0.0,0.0,0.0,0.0,0.0
388,3.54,0.0,0.0,0.0,0.0,0.0,0.0,0.0,0.0
389,3.55,0.0,0.0,0.0,0.0,0.0,0.0,0.0,0.0
390,3.56,0.0,0.0,0.0,0.0,0.0,0.0,0.0,0.0
391,3.57,0.0,0.0,0.0,0.0,0.0,0.0,0.0,0.0
392,3.58,0.0,0.0,0.0,0.0,0.0,0.0,0.0,0.0
393,3.59,0.0,0.0,0.0,0.0,0.0,0.0,0.0,0.0
394,3.6,0.0,0.0,0.0,0.0,0.0,0.0,0.0,0.0
395,3.61,0.0,0.0,0.0,0.0,0.0,0.0,0.0,0.0
396,3.62,0.0,0.0,0.0,0.0,0.0,0.0,0.0,0.0
397,3.63,0.0,0.0,0.0,0.0,0.0,0.0,0.0,0.0
398,3.64,0.0,0.0,0.0,0.0,0.0,0.0,0.0,0.0
399,3.65,0.0,0.0,0.0,0.0,0.0,0.0,0.0,0.0
400,3.66,0.0,0.0,0.0,0.0,0.0,0.0,0.0,0.0
401,3.67,0.0,0.0,0.0,0.0,0.0,0.0,0.0,0.0
402,3.68,0.0,0.0,0.0,0.0,0.0,0.0,0.0,0.0
403,3.69,0.0,0.0,0.0,0.0,0.0,0.0,0.0,0.0
404,3.7,0.0,0.0,0.0,0.0,0.0,0.0,0.0,0.0
405,3.71,0.0,0.0,0.0,0.0,0.0,0.0,0.0,0.0
406,3.72,0.0,0.0,0.0,0.0,0.0,0.0,0.0,0.0
407,3.73,0.0,0.0,0.0,0.0,0.0,0.0,0.0,0.0
408,3.74,0.0,0.0,0.0,0.0,0.0,0.0,0.0,0.0
409,3.75,0.0,0.0,0.0,0.0,0.0,0.0,0.0,0.0
410,3.76,0.0,0.0,0.0,0.0,0.0,0.0,0.0,0.0
411,3.77,0.0,0.0,0.0,0.0,0.0,0.0,0.0,0.0
412,3.78,0.0,0.0,0.0,0.0,0.0,0.0,0.0,0.0
413,3.79,0.0,0.0,0.0,0.0,0.0,0.0,0.0,0.0
414,3.8,0.0,0.0,0.0,0.0,0.0,0.0,0.0,0.0
415,3.81,0.0,0.0,0.0,0.0,0.0,0.0,0.0,0.0
416,3.82,0.0,0.0,0.0,0.0,0.0,0.0,0.0,0.0
417,3.83,0.0,0.0,0.0,0.0,0.0,0.0,0.0,0.0
418,3.84,0.0,0.0,0.0,0.0,0.0,0.0,0.0,0.0
419,3.85,0.0,0.0,0.0,0.0,0.0,0.0,0.0,0.0
420,3.86,0.0,0.0,0.0,0.0,0.0,0.0,0.0,0.0
421,3.87,0.0,0.0,0.0,0.0,0.0,0.0,0.0,0.0
422,3.88,0.0,0.0,0.0,0.0,0.0,0.0,0.0,0.0
423,3.89,0.0,0.0,0.0,0.0,0.0,0.0,0.0,0.0
424,3.9,0.0,0.0,0.0,0.0,0.0,0.0,0.0,0.0
425,3.91,0.0,0.0,0.0,0.0,0.0,0.0,0.0,0.0
426,3.92,0.0,0.0,0.0,0.0,0.0,0.0,0.0,0.0
427,3.93,0.0,0.0,0.0,0.0,0.0,0.0,0.0,0.0
428,3.94,0.0,0.0,0.0,0.0,0.0,0.0,0.0,0.0
429,3.95,0.0,0.0,0.0,0.0,0.0,0.0,0.0,0.0
430,3.96,0.0,0.0,0.0,0.0,0.0,0.0,0.0,0.0
431,3.97,0.0,0.0,0.0,0.0,0.0,0.0,0.0,0.0
432,3.98,0.0,0.0,0.0,0.0,0.0,0.0,0.0,0.0
433,3.99,0.0,0.0,0.0,0.0,0.0,0.0,0.0,0.0
434,4.0,0.0,0.0,0.0,0.0,0.0,0.0,0.0,0.0
435,4.01,0.0,0.0,0.0,0.0,0.0,0.0,0.0,0.0
436,4.02,0.0,0.0,0.0,0.0,0.0,0.0,0.0,0.0
437,4.03,0.0,0.0,0.0,0.0,0.0,0.0,0.0,0.0
438,4.04,0.0,0.0,0.0,0.0,0.0,0.0,0.0,0.0
439,4.05,0.0,0.0,0.0,0.0,0.0,0.0,0.0,0.0
440,4.06,0.0,0.0,0.0,0.0,0.0,0.0,0.0,0.0
441,4.07,0.0,0.0,0.0,0.0,0.0,0.0,0.0,0.0
442,4.08,0.0,0.0,0.0,0.0,0.0,0.0,0.0,0.0
443,4.09,0.0,0.0,0.0,0.0,0.0,0.0,0.0,0.0
444,4.1,0.0,0.0,0.0,0.0,0.0,0.0,0.0,0.0
445,4.11,0.0,0.0,0.0,0.0,0.0,0.0,0.0,0.0
446,4.12,0.0,0.0,0.0,0.0,0.0,0.0,0.0,0.0
447,4.13,0.0,0.0,0.0,0.0,0.0,0.0,0.0,0.0
448,4.14,0.0,0.0,0.0,0.0,0.0,0.0,0.0,0.0
449,4.15,0.0,0.0,0.0,0.0,0.0,0.0,0.0,0.0
450,4.16,0.0,0.0,0.0,0.0,0.0,0.0,0.0,0.0
451,4.17,0.0,0.0,0.0,0.0,0.0,0.0,0.0,0.0
452,4.18,0.0,0.0,0.0,0.0,0.0,0.0,0.0,0.0
453,4.19,0.0,0.0,0.0,0.0,0.0,0.0,0.0,0.0
454,4.2,0.0,0.0,0.0,0.0,0.0,0.0,0.0,0.0
455,4.21,0.0,0.0,0.0,0.0,0.0,0.0,0.0,0.0
456,4.22,0.0,0.0,0.0,0.0,0.0,0.0,0.0,0.0
457,4.23,0.0,0.0,0.0,0.0,0.0,0.0,0.0,0.0
458,4.24,0.0,0.0,0.0,0.0,0.0,0.0,0.0,0.0
459,4.25,0.0,0.0,0.0,0.0,0.0,0.0,0.0,0.0
460,4.26,0.0,0.0,0.0,0.0,0.0,0.0,0.0,0.0
461,4.27,0.0,0.0,0.0,0.0,0.0,0.0,0.0,0.0
462,4.28,0.0,0.0,0.0,0.0,0.0,0.0,0.0,0.0
463,4.29,0.0,0.0,0.0,0.0,0.0,0.0,0.0,0.0
464,4.3,0.0,0.0,0.0,0.0,0.0,0.0,0.0,0.0
465,4.31,0.0,0.0,0.0,0.0,0.0,0.0,0.0,0.0
466,4.32,0.0,0.0,0.0,0.0,0.0,0.0,0.0,0.0
467,4.33,0.0,0.0,0.0,0.0,0.0,0.0,0.0,0.0
468,4.34,0.0,0.0,0.0,0.0,0.0,0.0,0.0,0.0
469,4.35,0.0,0.0,0.0,0.0,0.0,0.0,0.0,0.0
470,4.36,0.0,0.0,0.0,0.0,0.0,0.0,0.0,0.0
471,4.37,0.0,0.0,0.0,0.0,0.0,0.0,0.0,0.0
472,4.38,0.0,0.0,0.0,0.0,0.0,0.0,0.0,0.0
473,4.39,0.0,0.0,0.0,0.0,0.0,0.0,0.0,0.0
474,4.4,0.0,0.0,0.0,0.0,0.0,0.0,0.0,0.0
475,4.41,0.0,0.0,0.0,0.0,0.0,0.0,0.0,0.0
476,4.42,0.0,0.0,0.0,0.0,0.0,0.0,0.0,0.0
477,4.43,0.0,0.0,0.0,0.0,0.0,0.0,0.0,0.0
478,4.44,0.0,0.0,0.0,0.0,0.0,0.0,0.0,0.0
479,4.45,0.0,0.0,0.0,0.0,0.0,0.0,0.0,0.0
480,4.46,0.0,0.0,0.0,0.0,0.0,0.0,0.0,0.0
481,4.47,0.0,0.0,0.0,0.0,0.0,0.0,0.0,0.0
482,4.48,0.0,0.0,0.0,0.0,0.0,0.0,0.0,0.0
483,4.49,0.0,0.0,0.0,0.0,0.0,0.0,0.0,0.0
484,4.5,0.0,0.0,0.0,0.0,0.0,0.0,0.0,0.0
485,4.51,0.0,0.0,0.0,0.0,0.0,0.0,0.0,0.0
486,4.52,0.0,0.0,0.0,0.0,0.0,0.0,0.0,0.0
487,4.53,0.0,0.0,0.0,0.0,0.0,0.0,0.0,0.0
488,4.54,0.0,0.0,0.0,0.0,0.0,0.0,0.0,0.0
489,4.55,0.0,0.0,0.0,0.0,0.0,0.0,0.0,0.0
490,4.56,0.0,0.0,0.0,0.0,0.0,0.0,0.0,0.0
491,4.57,0.0,0.0,0.0,0.0,0.0,0.0,0.0,0.0
492,4.58,0.0,0.0,0.0,0.0,0.0,0.0,0.0,0.0
493,4.59,0.0,0.0,0.0,0.0,0.0,0.0,0.0,0.0
494,4.6,0.0,0.0,0.0,0.0,0.0,0.0,0.0,0.0
495,4.61,0.0,0.0,0.0,0.0,0.0,0.0,0.0,0.0
496,4.62,0.0,0.0,0.0,0.0,0.0,0.0,0.0,0.0
497,4.63,0.0,0.0,0.0,0.0,0.0,0.0,0.0,0.0
498,4.64,0.0,0.0,0.0,0.0,0.0,0.0,0.0,0.0
499,4.65,0.0,0.0,0.0,0.0,0.0,0.0,0.0,0.0
500,4.66,0.0,0.0,0.0,0.0,0.0,0.0,0.0,0.0
501,4.67,0.0,0.0,0.0,0.0,0.0,0.0,0.0,0.0
502,4.68,0.0,0.0,0.0,0.0,0.0,0.0,0.0,0.0
503,4.69,0.0,0.0,0.0,0.0,0.0,0.0,0.0,0.0
504,4.7,0.0,0.0,0.0,0.0,0.0,0.0,0.0,0.0
505,4.71,0.0,0.0,0.0,0.0,0.0,0.0,0.0,0.0
506,4.72,0.0,0.0,0.0,0.0,0.0,0.0,0.0,0.0
507,4.73,0.0,0.0,0.0,0.0,0.0,0.0,0.0,0.0
508,4.74,0.0,0.0,0.0,0.0,0.0,0.0,0.0,0.0
509,4.75,0.0,0.0,0.0,0.0,0.0,0.0,0.0,0.0
510,4.76,0.0,0.0,0.0,0.0,0.0,0.0,0.0,0.0
511,4.77,0.0,0.0,0.0,0.0,0.0,0.0,0.0,0.0
512,4.78,0.0,0.0,0.0,0.0,0.0,0.0,0.0,0.0
513,4.79,0.0,0.0,0.0,0.0,0.0,0.0,0.0,0.0
514,4.8,0.0,0.0,0.0,0.0,0.0,0.0,0.0,0.0
515,4.81,0.0,0.0,0.0,0.0,0.0,0.0,0.0,0.0
516,4.82,0.0,0.0,0.0,0.0,0.0,0.0,0.0,0.0
517,4.83,0.0,0.0,0.0,0.0,0.0,0.0,0.0,0.0
518,4.84,0.0,0.0,0.0,0.0,0.0,0.0,0.0,0.0
519,4.85,0.0,0.0,0.0,0.0,0.0,0.0,0.0,0.0
520,4.86,0.0,0.0,0.0,0.0,0.0,0.0,0.0,0.0
521,4.87,0.0,0.0,0.0,0.0,0.0,0.0,0.0,0.0
522,4.88,0.0,0.0,0.0,0.0,0.0,0.0,0.0,0.0
523,4.89,0.0,0.0,0.0,0.0,0.0,0.0,0.0,0.0
524,4.9,0.0,0.0,0.0,0.0,0.0,0.0,0.0,0.0
525,4.91,0.0,0.0,0.0,0.0,0.0,0.0,0.0,0.0
526,4.92,0.0,0.0,0.0,0.0,0.0,0.0,0.0,0.0
527,4.93,0.0,0.0,0.0,0.0,0.0,0.0,0.0,0.0
528,4.94,0.0,0.0,0.0,0.0,0.0,0.0,0.0,0.0
529,4.95,0.0,0.0,0.0,0.0,0.0,0.0,0.0,0.0
530,4.96,0.0,0.0,0.0,0.0,0.0,0.0,0.0,0.0
531,4.97,0.0,0.0,0.0,0.0,0.0,0.0,0.0,0.0
532,4.98,0.0,0.0,0.0,0.0,0.0,0.0,0.0,0.0
533,4.99,0.0,0.0,0.0,0.0,0.0,0.0,0.0,0.0
534,5.0,0.0,0.0,0.0,0.0,0.0,0.0,0.0,0.0
535,5.01,0.0,0.0,0.0,0.0,0.0,0.0,0.0,0.0
536,5.02,0.0,0.0,0.0,0.0,0.0,0.0,0.0,0.0
537,5.03,0.0,0.0,0.0,0.0,0.0,0.0,0.0,0.0
538,5.04,0.0,0.0,0.0,0.0,0.0,0.0,0.0,0.0
539,5.05,0.0,0.0,0.0,0.0,0.0,0.0,0.0,0.0
540,5.06,0.0,0.0,0.0,0.0,0.0,0.0,0.0,0.0
541,5.07,0.0,0.0,0.0,0.0,0.0,0.0,0.0,0.0
542,5.08,0.0,0.0,0.0,0.0,0.0,0.0,0.0,0.0
543,5.09,0.0,0.0,0.0,0.0,0.0,0.0,0.0,0.0
544,5.1,0.0,0.0,0.0,0.0,0.0,0.0,0.0,0.0
545,5.11,0.0,0.0,0.0,0.0,0.0,0.0,0.0,0.0
546,5.12,0.0,0.0,0.0,0.0,0.0,0.0,0.0,0.0
547,5.13,0.0,0.0,0.0,0.0,0.0,0.0,0.0,0.0
548,5.14,0.0,0.0,0.0,0.0,0.0,0.0,0.0,0.0
549,5.15,0.0,0.0,0.0,0.0,0.0,0.0,0.0,0.0
550,5.16,0.0,0.0,0.0,0.0,0.0,0.0,0.0,0.0
551,5.17,0.0,0.0,0.0,0.0,0.0,0.0,0.0,0.0
552,5.18,0.0,0.0,0.0,0.0,0.0,0.0,0.0,0.0
553,5.19,0.0,0.0,0.0,0.0,0.0,0.0,0.0,0.0
554,5.2,0.0,0.0,0.0,0.0,0.0,0.0,0.0,0.0
555,5.21,0.0,0.0,0.0,0.0,0.0,0.0,0.0,0.0
556,5.22,0.0,0.0,0.0,0.0,0.0,0.0,0.0,0.0
557,5.23,0.0,0.0,0.0,0.0,0.0,0.0,0.0,0.0
558,5.24,0.0,0.0,0.0,0.0,0.0,0.0,0.0,0.0
559,5.25,0.0,0.0,0.0,0.0,0.0,0.0,0.0,0.0
560,5.26,0.0,0.0,0.0,0.0,0.0,0.0,0.0,0.0
561,5.27,0.0,0.0,0.0,0.0,0.0,0.0,0.0,0.0
562,5.28,0.0,0.0,0.0,0.0,0.0,0.0,0.0,0.0
563,5.29,0.0,0.0,0.0,0.0,0.0,0.0,0.0,0.0
564,5.3,0.0,0.0,0.0,0.0,0.0,0.0,0.0,0.0
565,5.31,0.0,0.0,0.0,0.0,0.0,0.0,0.0,0.0
566,5.32,0.0,0.0,0.0,0.0,0.0,0.0,0.0,0.0
567,5.33,0.0,0.0,0.0,0.0,0.0,0.0,0.0,0.0
568,5.34,0.0,0.0,0.0,0.0,0.0,0.0,0.0,0.0
569,5.35,0.0,0.0,0.0,0.0,0.0,0.0,0.0,0.0
570,5.36,0.0,0.0,0.0,0.0,0.0,0.0,0.0,0.0
571,5.37,0.0,0.0,0.0,0.0,0.0,0.0,0.0,0.0
572,5.38,0.0,0.0,0.0,0.0,0.0,0.0,0.0,0.0
573,5.39,0.0,0.0,0.0,0.0,0.0,0.0,0.0,0.0
574,5.4,0.0,0.0,0.0,0.0,0.0,0.0,0.0,0.0
575,5.41,0.0,0.0,0.0,0.0,0.0,0.0,0.0,0.0
576,5.42,0.0,0.0,0.0,0.0,0.0,0.0,0.0,0.0
577,5.43,0.0,0.0,0.0,0.0,0.0,0.0,0.0,0.0
578,5.44,0.0,0.0,0.0,0.0,0.0,0.0,0.0,0.0
579,5.45,0.0,0.0,0.0,0.0,0.0,0.0,0.0,0.0
580,5.46,0.0,0.0,0.0,0.0,0.0,0.0,0.0,0.0
581,5.47,0.0,0.0,0.0,0.0,0.0,0.0,0.0,0.0
582,5.48,0.0,0.0,0.0,0.0,0.0,0.0,0.0,0.0
583,5.49,0.0,0.0,0.0,0.0,0.0,0.0,0.0,0.0
584,5.5,0.0,0.0,0.0,0.0,0.0,0.0,0.0,0.0
585,5.51,0.0,0.0,0.0,0.0,0.0,0.0,0.0,0.0
586,5.52,0.0,0.0,0.0,0.0,0.0,0.0,0.0,0.0
587,5.53,0.0,0.0,0.0,0.0,0.0,0.0,0.0,0.0
588,5.54,0.0,0.0,0.0,0.0,0.0,0.0,0.0,0.0
589,5.55,0.0,0.0,0.0,0.0,0.0,0.0,0.0,0.0
590,5.56,0.0,0.0,0.0,0.0,0.0,0.0,0.0,0.0
591,5.57,0.0,0.0,0.0,0.0,0.0,0.0,0.0,0.0
592,5.58,0.0,0.0,0.0,0.0,0.0,0.0,0.0,0.0
593,5.59,0.0,0.0,0.0,0.0,0.0,0.0,0.0,0.0
594,5.6,0.0,0.0,0.0,0.0,0.0,0.0,0.0,0.0
595,5.61,0.0,0.0,0.0,0.0,0.0,0.0,0.0,0.0
596,5.62,0.0,0.0,0.0,0.0,0.0,0.0,0.0,0.0
597,5.63,0.0,0.0,0.0,0.0,0.0,0.0,0.0,0.0
598,5.64,0.0,0.0,0.0,0.0,0.0,0.0,0.0,0.0
599,5.65,0.0,0.0,0.0,0.0,0.0,0.0,0.0,0.0
600,5.66,0.0,0.0,0.0,0.0,0.0,0.0,0.0,0.0
601,5.67,0.0,0.0,0.0,0.0,0.0,0.0,0.0,0.0
602,5.68,0.0,0.0,0.0,0.0,0.0,0.0,0.0,0.0
603,5.69,0.0,0.0,0.0,0.0,0.0,0.0,0.0,0.0
604,5.7,0.0,0.0,0.0,0.0,0.0,0.0,0.0,0.0
605,5.71,0.0,0.0,0.0,0.0,0.0,0.0,0.0,0.0
606,5.72,0.0,0.0,0.0,0.0,0.0,0.0,0.0,0.0
607,5.73,0.0,0.0,0.0,0.0,0.0,0.0,0.0,0.0
608,5.74,0.0,0.0,0.0,0.0,0.0,0.0,0.0,0.0
609,5.75,0.0,0.0,0.0,0.0,0.0,0.0,0.0,0.0
610,5.76,0.0,0.0,0.0,0.0,0.0,0.0,0.0,0.0
611,5.77,0.0,0.0,0.0,0.0,0.0,0.0,0.0,0.0
612,5.78,0.0,0.0,0.0,0.0,0.0,0.0,0.0,0.0
613,5.79,0.0,0.0,0.0,0.0,0.0,0.0,0.0,0.0
614,5.8,0.0,0.0,0.0,0.0,0.0,0.0,0.0,0.0
615,5.81,0.0,0.0,0.0,0.0,0.0,0.0,0.0,0.0
616,5.82,0.0,0.0,0.0,0.0,0.0,0.0,0.0,0.0
617,5.83,0.0,0.0,0.0,0.0,0.0,0.0,0.0,0.0
618,5.84,0.0,0.0,0.0,0.0,0.0,0.0,0.0,0.0
619,5.85,0.0,0.0,0.0,0.0,0.0,0.0,0.0,0.0
620,5.86,0.0,0.0,0.0,0.0,0.0,0.0,0.0,0.0
621,5.87,0.0,0.0,0.0,0.0,0.0,0.0,0.0,0.0
622,5.88,0.0,0.0,0.0,0.0,0.0,0.0,0.0,0.0
623,5.89,0.0,0.0,0.0,0.0,0.0,0.0,0.0,0.0
624,5.9,0.0,0.0,0.0,0.0,0.0,0.0,0.0,0.0
625,5.91,0.0,0.0,0.0,0.0,0.0,0.0,0.0,0.0
626,5.92,0.0,0.0,0.0,0.0,0.0,0.0,0.0,0.0
627,5.93,0.0,0.0,0.0,0.0,0.0,0.0,0.0,0.0
628,5.94,0.0,0.0,0.0,0.0,0.0,0.0,0.0,0.0
629,5.95,0.0,0.0,0.0,0.0,0.0,0.0,0.0,0.0
630,5.96,0.0,0.0,0.0,0.0,0.0,0.0,0.0,0.0
631,5.97,0.0,0.0,0.0,0.0,0.0,0.0,0.0,0.0
632,5.98,0.0,0.0,0.0,0.0,0.0,0.0,0.0,0.0
633,5.99,0.0,0.0,0.0,0.0,0.0,0.0,0.0,0.0
634,6.0,0.0,0.0,0.0,0.0,0.0,0.0,0.0,0.0
635,6.01,0.0,0.0,0.0,0.0,0.0,0.0,0.0,0.0
636,6.02,0.0,0.0,0.0,0.0,0.0,0.0,0.0,0.0
637,6.03,0.0,0.0,0.0,0.0,0.0,0.0,0.0,0.0
638,6.04,0.0,0.0,0.0,0.0,0.0,0.0,0.0,0.0
639,6.05,0.0,0.0,0.0,0.0,0.0,0.0,0.0,0.0
640,6.06,0.0,0.0,0.0,0.0,0.0,0.0,0.0,0.0
641,6.07,0.0,0.0,0.0,0.0,0.0,0.0,0.0,0.0
642,6.08,0.0,0.0,0.0,0.0,0.0,0.0,0.0,0.0
643,6.09,0.0,0.0,0.0,0.0,0.0,0.0,0.0,0.0
644,6.1,0.0,0.0,0.0,0.0,0.0,0.0,0.0,0.0
645,6.11,0.0,0.0,0.0,0.0,0.0,0.0,0.0,0.0
646,6.12,0.0,0.0,0.0,0.0,0.0,0.0,0.0,0.0
647,6.13,0.0,0.0,0.0,0.0,0.0,0.0,0.0,0.0
648,6.14,0.0,0.0,0.0,0.0,0.0,0.0,0.0,0.0
649,6.15,0.0,0.0,0.0,0.0,0.0,0.0,0.0,0.0
650,6.16,0.0,0.0,0.0,0.0,0.0,0.0,0.0,0.0
651,6.17,0.0,0.0,0.0,0.0,0.0,0.0,0.0,0.0
652,6.18,0.0,0.0,0.0,0.0,0.0,0.0,0.0,0.0
653,6.19,0.0,0.0,0.0,0.0,0.0,0.0,0.0,0.0
654,6.2,0.0,0.0,0.0,0.0,0.0,0.0,0.0,0.0
655,6.21,0.0,0.0,0.0,0.0,0.0,0.0,0.0,0.0
656,6.22,0.0,0.0,0.0,0.0,0.0,0.0,0.0,0.0
657,6.23,0.0,0.0,0.0,0.0,0.0,0.0,0.0,0.0
658,6.24,0.0,0.0,0.0,0.0,0.0,0.0,0.0,0.0
659,6.25,0.0,0.0,0.0,0.0,0.0,0.0,0.0,0.0
660,6.26,0.0,0.0,0.0,0.0,0.0,0.0,0.0,0.0
661,6.27,0.0,0.0,0.0,0.0,0.0,0.0,0.0,0.0
662,6.28,0.0,0.0,0.0,0.0,0.0,0.0,0.0,0.0
663,6.29,0.0,0.0,0.0,0.0,0.0,0.0,0.0,0.0
664,6.3,0.0,0.0,0.0,0.0,0.0,0.0,0.0,0.0
665,6.31,0.0,0.0,0.0,0.0,0.0,0.0,0.0,0.0
666,6.32,0.0,0.0,0.0,0.0,0.0,0.0,0.0,0.0
667,6.33,0.0,0.0,0.0,0.0,0.0,0.0,0.0,0.0
668,6.34,0.0,0.0,0.0,0.0,0.0,0.0,0.0,0.0
669,6.35,0.0,0.0,0.0,0.0,0.0,0.0,0.0,0.0
670,6.36,0.0,0.0,0.0,0.0,0.0,0.0,0.0,0.0
671,6.37,0.0,0.0,0.0,0.0,0.0,0.0,0.0,0.0
672,6.38,0.0,0.0,0.0,0.0,0.0,0.0,0.0,0.0
673,6.39,0.0,0.0,0.0,0.0,0.0,0.0,0.0,0.0
674,6.4,0.0,0.0,0.0,0.0,0.0,0.0,0.0,0.0
675,6.41,0.0,0.0,0.0,0.0,0.0,0.0,0.0,0.0
676,6.42,0.0,0.0,0.0,0.0,0.0,0.0,0.0,0.0
677,6.43,0.0,0.0,0.0,0.0,0.0,0.0,0.0,0.0
678,6.44,0.0,0.0,0.0,0.0,0.0,0.0,0.0,0.0
679,6.45,0.0,0.0,0.0,0.0,0.0,0.0,0.0,0.0
680,6.46,0.0,0.0,0.0,0.0,0.0,0.0,0.0,0.0
681,6.47,0.0,0.0,0.0,0.0,0.0,0.0,0.0,0.0
682,6.48,0.0,0.0,0.0,0.0,0.0,0.0,0.0,0.0
683,6.49,0.0,0.0,0.0,0.0,0.0,0.0,0.0,0.0
684,6.5,0.0,0.0,0.0,0.0,0.0,0.0,0.0,0.0
685,6.51,0.0,0.0,0.0,0.0,0.0,0.0,0.0,0.0
686,6.52,0.0,0.0,0.0,0.0,0.0,0.0,0.0,0.0
687,6.53,0.0,0.0,0.0,0.0,0.0,0.0,0.0,0.0
688,6.54,0.0,0.0,0.0,0.0,0.0,0.0,0.0,0.0
689,6.55,0.0,0.0,0.0,0.0,0.0,0.0,0.0,0.0
690,6.56,0.0,0.0,0.0,0.0,0.0,0.0,0.0,0.0
691,6.57,0.0,0.0,0.0,0.0,0.0,0.0,0.0,0.0
692,6.58,0.0,0.0,0.0,0.0,0.0,0.0,0.0,0.0
693,6.59,0.0,0.0,0.0,0.0,0.0,0.0,0.0,0.0
694,6.6,0.0,0.0,0.0,0.0,0.0,0.0,0.0,0.0
695,6.61,0.0,0.0,0.0,0.0,0.0,0.0,0.0,0.0
696,6.62,0.0,0.0,0.0,0.0,0.0,0.0,0.0,0.0
697,6.63,0.0,0.0,0.0,0.0,0.0,0.0,0.0,0.0
698,6.64,0.0,0.0,0.0,0.0,0.0,0.0,0.0,0.0
699,6.65,0.0,0.0,0.0,0.0,0.0,0.0,0.0,0.0
700,6.66,0.0,0.0,0.0,0.0,0.0,0.0,0.0,0.0
701,6.67,0.0,0.0,0.0,0.0,0.0,0.0,0.0,0.0
702,6.68,0.0,0.0,0.0,0.0,0.0,0.0,0.0,0.0
703,6.69,0.0,0.0,0.0,0.0,0.0,0.0,0.0,0.0
704,6.7,0.0,0.0,0.0,0.0,0.0,0.0,0.0,0.0
705,6.71,0.0,0.0,0.0,0.0,0.0,0.0,0.0,0.0
706,6.72,0.0,0.0,0.0,0.0,0.0,0.0,0.0,0.0
707,6.73,0.0,0.0,0.0,0.0,0.0,0.0,0.0,0.0
708,6.74,0.0,0.0,0.0,0.0,0.0,0.0,0.0,0.0
709,6.75,0.0,0.0,0.0,0.0,0.0,0.0,0.0,0.0
710,6.76,0.0,0.0,0.0,0.0,0.0,0.0,0.0,0.0
711,6.77,0.0,0.0,0.0,0.0,0.0,0.0,0.0,0.0
712,6.78,0.0,0.0,0.0,0.0,0.0,0.0,0.0,0.0
713,6.79,0.0,0.0,0.0,0.0,0.0,0.0,0.0,0.0
714,6.8,0.0,0.0,0.0,0.0,0.0,0.0,0.0,0.0
715,6.81,0.0,0.0,0.0,0.0,0.0,0.0,0.0,0.0
716,6.82,0.0,0.0,0.0,0.0,0.0,0.0,0.0,0.0
717,6.83,0.0,0.0,0.0,0.0,0.0,0.0,0.0,0.0
718,6.84,0.0,0.0,0.0,0.0,0.0,0.0,0.0,0.0
719,6.85,0.0,0.0,0.0,0.0,0.0,0.0,0.0,0.0
720,6.86,0.0,0.0,0.0,0.0,0.0,0.0,0.0,0.0
721,6.87,0.0,0.0,0.0,0.0,0.0,0.0,0.0,0.0
722,6.88,0.0,0.0,0.0,0.0,0.0,0.0,0.0,0.0
723,6.89,0.0,0.0,0.0,0.0,0.0,0.0,0.0,0.0
724,6.9,0.0,0.0,0.0,0.0,0.0,0.0,0.0,0.0
725,6.91,0.0,0.0,0.0,0.0,0.0,0.0,0.0,0.0
726,6.92,0.0,0.0,0.0,0.0,0.0,0.0,0.0,0.0
727,6.93,0.0,0.0,0.0,0.0,0.0,0.0,0.0,0.0
728,6.94,0.0,0.0,0.0,0.0,0.0,0.0,0.0,0.0
729,6.95,0.0,0.0,0.0,0.0,0.0,0.0,0.0,0.0
730,6.96,0.0,0.0,0.0,0.0,0.0,0.0,0.0,0.0
731,6.97,0.0,0.0,0.0,0.0,0.0,0.0,0.0,0.0
732,6.98,0.0,0.0,0.0,0.0,0.0,0.0,0.0,0.0
733,6.99,0.0,0.0,0.0,0.0,0.0,0.0,0.0,0.0
734,7.0,0.0,0.0,0.0,0.0,0.0,0.0,0.0,0.0
735,7.01,0.0,0.0,0.0,0.0,0.0,0.0,0.0,0.0
736,7.02,0.0,0.0,0.0,0.0,0.0,0.0,0.0,0.0
737,7.03,0.0,0.0,0.0,0.0,0.0,0.0,0.0,0.0
738,7.04,0.0,0.0,0.0,0.0,0.0,0.0,0.0,0.0
739,7.05,0.0,0.0,0.0,0.0,0.0,0.0,0.0,0.0
740,7.06,0.0,0.0,0.0,0.0,0.0,0.0,0.0,0.0
741,7.07,0.0,0.0,0.0,0.0,0.0,0.0,0.0,0.0
742,7.08,0.0,0.0,0.0,0.0,0.0,0.0,0.0,0.0
743,7.09,0.0,0.0,0.0,0.0,0.0,0.0,0.0,0.0
744,7.1,0.0,0.0,0.0,0.0,0.0,0.0,0.0,0.0
745,7.11,0.0,0.0,0.0,0.0,0.0,0.0,0.0,0.0
746,7.12,0.0,0.0,0.0,0.0,0.0,0.0,0.0,0.0
747,7.13,0.0,0.0,0.0,0.0,0.0,0.0,0.0,0.0
748,7.14,0.0,0.0,0.0,0.0,0.0,0.0,0.0,0.0
749,7.15,0.0,0.0,0.0,0.0,0.0,0.0,0.0,0.0
750,7.16,0.0,0.0,0.0,0.0,0.0,0.0,0.0,0.0
751,7.17,0.0,0.0,0.0,0.0,0.0,0.0,0.0,0.0
752,7.18,0.0,0.0,0.0,0.0,0.0,0.0,0.0,0.0
753,7.19,0.0,0.0,0.0,0.0,0.0,0.0,0.0,0.0
754,7.2,0.0,0.0,0.0,0.0,0.0,0.0,0.0,0.0
755,7.21,0.0,0.0,0.0,0.0,0.0,0.0,0.0,0.0
756,7.22,0.0,0.0,0.0,0.0,0.0,0.0,0.0,0.0
757,7.23,0.0,0.0,0.0,0.0,0.0,0.0,0.0,0.0
758,7.24,0.0,0.0,0.0,0.0,0.0,0.0,0.0,0.0
759,7.25,0.0,0.0,0.0,0.0,0.0,0.0,0.0,0.0
760,7.26,0.0,0.0,0.0,0.0,0.0,0.0,0.0,0.0
761,7.27,0.0,0.0,0.0,0.0,0.0,0.0,0.0,0.0
762,7.28,0.0,0.0,0.0,0.0,0.0,0.0,0.0,0.0
763,7.29,0.0,0.0,0.0,0.0,0.0,0.0,0.0,0.0
764,7.3,0.0,0.0,0.0,0.0,0.0,0.0,0.0,0.0
765,7.31,0.0,0.0,0.0,0.0,0.0,0.0,0.0,0.0
766,7.32,0.0,0.0,0.0,0.0,0.0,0.0,0.0,0.0
767,7.33,0.0,0.0,0.0,0.0,0.0,0.0,0.0,0.0
768,7.34,0.0,0.0,0.0,0.0,0.0,0.0,0.0,0.0
769,7.35,0.0,0.0,0.0,0.0,0.0,0.0,0.0,0.0
770,7.36,0.0,0.0,0.0,0.0,0.0,0.0,0.0,0.0
771,7.37,0.0,0.0,0.0,0.0,0.0,0.0,0.0,0.0
772,7.38,0.0,0.0,0.0,0.0,0.0,0.0,0.0,0.0
773,7.39,0.0,0.0,0.0,0.0,0.0,0.0,0.0,0.0
774,7.4,0.0,0.0,0.0,0.0,0.0,0.0,0.0,0.0
775,7.41,0.0,0.0,0.0,0.0,0.0,0.0,0.0,0.0
776,7.42,0.0,0.0,0.0,0.0,0.0,0.0,0.0,0.0
777,7.43,0.0,0.0,0.0,0.0,0.0,0.0,0.0,0.0
778,7.44,0.0,0.0,0.0,0.0,0.0,0.0,0.0,0.0
779,7.45,0.0,0.0,0.0,0.0,0.0,0.0,0.0,0.0
780,7.46,0.0,0.0,0.0,0.0,0.0,0.0,0.0,0.0
781,7.47,0.0,0.0,0.0,0.0,0.0,0.0,0.0,0.0
782,7.48,0.0,0.0,0.0,0.0,0.0,0.0,0.0,0.0
783,7.49,0.0,0.0,0.0,0.0,0.0,0.0,0.0,0.0
784,7.5,0.0,0.0,0.0,0.0,0.0,0.0,0.0,0.0
785,7.51,0.0,0.0,0.0,0.0,0.0,0.0,0.0,0.0
786,7.52,0.0,0.0,0.0,0.0,0.0,0.0,0.0,0.0
787,7.53,0.0,0.0,0.0,0.0,0.0,0.0,0.0,0.0
788,7.54,0.0,0.0,0.0,0.0,0.0,0.0,0.0,0.0
789,7.55,0.0,0.0,0.0,0.0,0.0,0.0,0.0,0.0
790,7.56,0.0,0.0,0.0,0.0,0.0,0.0,0.0,0.0
791,7.57,0.0,0.0,0.0,0.0,0.0,0.0,0.0,0.0
792,7.58,0.0,0.0,0.0,0.0,0.0,0.0,0.0,0.0
793,7.59,0.0,0.0,0.0,0.0,0.0,0.0,0.0,0.0
794,7.6,0.0,0.0,0.0,0.0,0.0,0.0,0.0,0.0
795,7.61,0.0,0.0,0.0,0.0,0.0,0.0,0.0,0.0
796,7.62,0.0,0.0,0.0,0.0,0.0,0.0,0.0,0.0
797,7.63,0.0,0.0,0.0,0.0,0.0,0.0,0.0,0.0
798,7.64,0.0,0.0,0.0,0.0,0.0,0.0,0.0,0.0
799,7.65,0.0,0.0,0.0,0.0,0.0,0.0,0.0,0.0
800,7.66,0.0,0.0,0.0,0.0,0.0,0.0,0.0,0.0
801,7.67,0.0,0.0,0.0,0.0,0.0,0.0,0.0,0.0
802,7.68,0.0,0.0,0.0,0.0,0.0,0.0,0.0,0.0
803,7.69,0.0,0.0,0.0,0.0,0.0,0.0,0.0,0.0
804,7.7,0.0,0.0,0.0,0.0,0.0,0.0,0.0,0.0
805,7.71,0.0,0.0,0.0,0.0,0.0,0.0,0.0,0.0
806,7.72,0.0,0.0,0.0,0.0,0.0,0.0,0.0,0.0
807,7.73,0.0,0.0,0.0,0.0,0.0,0.0,0.0,0.0
808,7.74,0.0,0.0,0.0,0.0,0.0,0.0,0.0,0.0
809,7.75,0.0,0.0,0.0,0.0,0.0,0.0,0.0,0.0
810,7.76,0.0,0.0,0.0,0.0,0.0,0.0,0.0,0.0
811,7.77,0.0,0.0,0.0,0.0,0.0,0.0,0.0,0.0
812,7.78,0.0,0.0,0.0,0.0,0.0,0.0,0.0,0.0
813,7.79,0.0,0.0,0.0,0.0,0.0,0.0,0.0,0.0
814,7.8,0.0,0.0,0.0,0.0,0.0,0.0,0.0,0.0
815,7.81,0.0,0.0,0.0,0.0,0.0,0.0,0.0,0.0
816,7.82,0.0,0.0,0.0,0.0,0.0,0.0,0.0,0.0
817,7.83,0.0,0.0,0.0,0.0,0.0,0.0,0.0,0.0
818,7.84,0.0,0.0,0.0,0.0,0.0,0.0,0.0,0.0
819,7.85,0.0,0.0,0.0,0.0,0.0,0.0,0.0,0.0
820,7.86,0.0,0.0,0.0,0.0,0.0,0.0,0.0,0.0
821,7.87,0.0,0.0,0.0,0.0,0.0,0.0,0.0,0.0
822,7.88,0.0,0.0,0.0,0.0,0.0,0.0,0.0,0.0
823,7.89,0.0,0.0,0.0,0.0,0.0,0.0,0.0,0.0
824,7.9,0.0,0.0,0.0,0.0,0.0,0.0,0.0,0.0
825,7.91,0.0,0.0,0.0,0.0,0.0,0.0,0.0,0.0
826,7.92,0.0,0.0,0.0,0.0,0.0,0.0,0.0,0.0
827,7.93,0.0,0.0,0.0,0.0,0.0,0.0,0.0,0.0
828,7.94,0.0,0.0,0.0,0.0,0.0,0.0,0.0,0.0
829,7.95,0.0,0.0,0.0,0.0,0.0,0.0,0.0,0.0
830,7.96,0.0,0.0,0.0,0.0,0.0,0.0,0.0,0.0
831,7.97,0.0,0.0,0.0,0.0,0.0,0.0,0.0,0.0
832,7.98,0.0,0.0,0.0,0.0,0.0,0.0,0.0,0.0
833,7.99,0.0,0.0,0.0,0.0,0.0,0.0,0.0,0.0
834,8.0,0.0,0.0,0.0,0.0,0.0,0.0,0.0,0.0
835,8.01,0.0,0.0,0.0,0.0,0.0,0.0,0.0,0.0
836,8.02,0.0,0.0,0.0,0.0,0.0,0.0,0.0,0.0
837,8.03,0.0,0.0,0.0,0.0,0.0,0.0,0.0,0.0
838,8.04,0.0,0.0,0.0,0.0,0.0,0.0,0.0,0.0
839,8.05,0.0,0.0,0.0,0.0,0.0,0.0,0.0,0.0
840,8.06,0.0,0.0,0.0,0.0,0.0,0.0,0.0,0.0
841,8.07,0.0,0.0,0.0,0.0,0.0,0.0,0.0,0.0
842,8.08,0.0,0.0,0.0,0.0,0.0,0.0,0.0,0.0
843,8.09,0.0,0.0,0.0,0.0,0.0,0.0,0.0,0.0
844,8.1,0.0,0.0,0.0,0.0,0.0,0.0,0.0,0.0
845,8.11,0.0,0.0,0.0,0.0,0.0,0.0,0.0,0.0
846,8.12,0.0,0.0,0.0,0.0,0.0,0.0,0.0,0.0
847,8.13,0.0,0.0,0.0,0.0,0.0,0.0,0.0,0.0
848,8.14,0.0,0.0,0.0,0.0,0.0,0.0,0.0,0.0
849,8.15,0.0,0.0,0.0,0.0,0.0,0.0,0.0,0.0
850,8.16,0.0,0.0,0.0,0.0,0.0,0.0,0.0,0.0
851,8.17,0.0,0.0,0.0,0.0,0.0,0.0,0.0,0.0
852,8.18,0.0,0.0,0.0,0.0,0.0,0.0,0.0,0.0
853,8.19,0.0,0.0,0.0,0.0,0.0,0.0,0.0,0.0
854,8.2,0.0,0.0,0.0,0.0,0.0,0.0,0.0,0.0
855,8.21,0.0,0.0,0.0,0.0,0.0,0.0,0.0,0.0
856,8.22,0.0,0.0,0.0,0.0,0.0,0.0,0.0,0.0
857,8.23,0.0,0.0,0.0,0.0,0.0,0.0,0.0,0.0
858,8.24,0.0,0.0,0.0,0.0,0.0,0.0,0.0,0.0
859,8.25,0.0,0.0,0.0,0.0,0.0,0.0,0.0,0.0
860,8.26,0.0,0.0,0.0,0.0,0.0,0.0,0.0,0.0
861,8.27,0.0,0.0,0.0,0.0,0.0,0.0,0.0,0.0
862,8.28,0.0,0.0,0.0,0.0,0.0,0.0,0.0,0.0
863,8.29,0.0,0.0,0.0,0.0,0.0,0.0,0.0,0.0
864,8.3,0.0,0.0,0.0,0.0,0.0,0.0,0.0,0.0
865,8.31,0.0,0.0,0.0,0.0,0.0,0.0,0.0,0.0
866,8.32,0.0,0.0,0.0,0.0,0.0,0.0,0.0,0.0
867,8.33,0.0,0.0,0.0,0.0,0.0,0.0,0.0,0.0
868,8.34,0.0,0.0,0.0,0.0,0.0,0.0,0.0,0.0
869,8.35,0.0,0.0,0.0,0.0,0.0,0.0,0.0,0.0
870,8.36,0.0,0.0,0.0,0.0,0.0,0.0,0.0,0.0
871,8.37,0.0,0.0,0.0,0.0,0.0,0.0,0.0,0.0
872,8.38,0.0,0.0,0.0,0.0,0.0,0.0,0.0,0.0
873,8.39,0.0,0.0,0.0,0.0,0.0,0.0,0.0,0.0
874,8.4,0.0,0.0,0.0,0.0,0.0,0.0,0.0,0.0
875,8.41,0.0,0.0,0.0,0.0,0.0,0.0,0.0,0.0
876,8.42,0.0,0.0,0.0,0.0,0.0,0.0,0.0,0.0
877,8.43,0.0,0.0,0.0,0.0,0.0,0.0,0.0,0.0
878,8.44,0.0,0.0,0.0,0.0,0.0,0.0,0.0,0.0
879,8.45,0.0,0.0,0.0,0.0,0.0,0.0,0.0,0.0
880,8.46,0.0,0.0,0.0,0.0,0.0,0.0,0.0,0.0
881,8.47,0.0,0.0,0.0,0.0,0.0,0.0,0.0,0.0
882,8.48,0.0,0.0,0.0,0.0,0.0,0.0,0.0,0.0
883,8.49,0.0,0.0,0.0,0.0,0.0,0.0,0.0,0.0
884,8.5,0.0,0.0,0.0,0.0,0.0,0.0,0.0,0.0
885,8.51,0.0,0.0,0.0,0.0,0.0,0.0,0.0,0.0
886,8.52,0.0,0.0,0.0,0.0,0.0,0.0,0.0,0.0
887,8.53,0.0,0.0,0.0,0.0,0.0,0.0,0.0,0.0
888,8.54,0.0,0.0,0.0,0.0,0.0,0.0,0.0,0.0
889,8.55,0.0,0.0,0.0,0.0,0.0,0.0,0.0,0.0
890,8.56,0.0,0.0,0.0,0.0,0.0,0.0,0.0,0.0
891,8.57,0.0,0.0,0.0,0.0,0.0,0.0,0.0,0.0
892,8.58,0.0,0.0,0.0,0.0,0.0,0.0,0.0,0.0
893,8.59,0.0,0.0,0.0,0.0,0.0,0.0,0.0,0.0
894,8.6,0.0,0.0,0.0,0.0,0.0,0.0,0.0,0.0
895,8.61,0.0,0.0,0.0,0.0,0.0,0.0,0.0,0.0
896,8.62,0.0,0.0,0.0,0.0,0.0,0.0,0.0,0.0
897,8.63,0.0,0.0,0.0,0.0,0.0,0.0,0.0,0.0
898,8.64,0.0,0.0,0.0,0.0,0.0,0.0,0.0,0.0
899,8.65,0.0,0.0,0.0,0.0,0.0,0.0,0.0,0.0
900,8.66,0.0,0.0,0.0,0.0,0.0,0.0,0.0,0.0
901,8.67,0.0,0.0,0.0,0.0,0.0,0.0,0.0,0.0
902,8.68,0.0,0.0,0.0,0.0,0.0,0.0,0.0,0.0
903,8.69,0.0,0.0,0.0,0.0,0.0,0.0,0.0,0.0
904,8.7,0.0,0.0,0.0,0.0,0.0,0.0,0.0,0.0
905,8.71,0.0,0.0,0.0,0.0,0.0,0.0,0.0,0.0
906,8.72,0.0,0.0,0.0,0.0,0.0,0.0,0.0,0.0
907,8.73,0.0,0.0,0.0,0.0,0.0,0.0,0.0,0.0
908,8.74,0.0,0.0,0.0,0.0,0.0,0.0,0.0,0.0
909,8.75,0.0,0.0,0.0,0.0,0.0,0.0,0.0,0.0
910,8.76,0.0,0.0,0.0,0.0,0.0,0.0,0.0,0.0
911,8.77,0.0,0.0,0.0,0.0,0.0,0.0,0.0,0.0
912,8.78,0.0,0.0,0.0,0.0,0.0,0.0,0.0,0.0
913,8.79,0.0,0.0,0.0,0.0,0.0,0.0,0.0,0.0
914,8.8,0.0,0.0,0.0,0.0,0.0,0.0,0.0,0.0
915,8.81,0.0,0.0,0.0,0.0,0.0,0.0,0.0,0.0
916,8.82,0.0,0.0,0.0,0.0,0.0,0.0,0.0,0.0
917,8.83,0.0,0.0,0.0,0.0,0.0,0.0,0.0,0.0
918,8.84,0.0,0.0,0.0,0.0,0.0,0.0,0.0,0.0
919,8.85,0.0,0.0,0.0,0.0,0.0,0.0,0.0,0.0
920,8.86,0.0,0.0,0.0,0.0,0.0,0.0,0.0,0.0
921,8.87,0.0,0.0,0.0,0.0,0.0,0.0,0.0,0.0
922,8.88,0.0,0.0,0.0,0.0,0.0,0.0,0.0,0.0
923,8.89,0.0,0.0,0.0,0.0,0.0,0.0,0.0,0.0
924,8.9,0.0,0.0,0.0,0.0,0.0,0.0,0.0,0.0
925,8.91,0.0,0.0,0.0,0.0,0.0,0.0,0.0,0.0
926,8.92,0.0,0.0,0.0,0.0,0.0,0.0,0.0,0.0
927,8.93,0.0,0.0,0.0,0.0,0.0,0.0,0.0,0.0
928,8.94,0.0,0.0,0.0,0.0,0.0,0.0,0.0,0.0
929,8.95,0.0,0.0,0.0,0.0,0.0,0.0,0.0,0.0
930,8.96,0.0,0.0,0.0,0.0,0.0,0.0,0.0,0.0
931,8.97,0.0,0.0,0.0,0.0,0.0,0.0,0.0,0.0
932,8.98,0.0,0.0,0.0,0.0,0.0,0.0,0.0,0.0
933,8.99,0.0,0.0,0.0,0.0,0.0,0.0,0.0,0.0
934,9.0,0.0,0.0,0.0,0.0,0.0,0.0,0.0,0.0
935,9.01,0.0,0.0,0.0,0.0,0.0,0.0,0.0,0.0
936,9.02,0.0,0.0,0.0,0.0,0.0,0.0,0.0,0.0
937,9.03,0.0,0.0,0.0,0.0,0.0,0.0,0.0,0.0
938,9.04,0.0,0.0,0.0,0.0,0.0,0.0,0.0,0.0
939,9.05,0.0,0.0,0.0,0.0,0.0,0.0,0.0,0.0
940,9.06,0.0,0.0,0.0,0.0,0.0,0.0,0.0,0.0
941,9.07,0.0,0.0,0.0,0.0,0.0,0.0,0.0,0.0
942,9.08,0.0,0.0,0.0,0.0,0.0,0.0,0.0,0.0
943,9.09,0.0,0.0,0.0,0.0,0.0,0.0,0.0,0.0
944,9.1,0.0,0.0,0.0,0.0,0.0,0.0,0.0,0.0
945,9.11,0.0,0.0,0.0,0.0,0.0,0.0,0.0,0.0
946,9.12,0.0,0.0,0.0,0.0,0.0,0.0,0.0,0.0
947,9.13,0.0,0.0,0.0,0.0,0.0,0.0,0.0,0.0
948,9.14,0.0,0.0,0.0,0.0,0.0,0.0,0.0,0.0
949,9.15,0.0,0.0,0.0,0.0,0.0,0.0,0.0,0.0
950,9.16,0.0,0.0,0.0,0.0,0.0,0.0,0.0,0.0
951,9.17,0.0,0.0,0.0,0.0,0.0,0.0,0.0,0.0
952,9.18,0.0,0.0,0.0,0.0,0.0,0.0,0.0,0.0
953,9.19,0.0,0.0,0.0,0.0,0.0,0.0,0.0,0.0
954,9.2,0.0,0.0,0.0,0.0,0.0,0.0,0.0,0.0
955,9.21,0.0,0.0,0.0,0.0,0.0,0.0,0.0,0.0
956,9.22,0.0,0.0,0.0,0.0,0.0,0.0,0.0,0.0
957,9.23,0.0,0.0,0.0,0.0,0.0,0.0,0.0,0.0
958,9.24,0.0,0.0,0.0,0.0,0.0,0.0,0.0,0.0
959,9.25,0.0,0.0,0.0,0.0,0.0,0.0,0.0,0.0
960,9.26,0.0,0.0,0.0,0.0,0.0,0.0,0.0,0.0
961,9.27,0.0,0.0,0.0,0.0,0.0,0.0,0.0,0.0
962,9.28,0.0,0.0,0.0,0.0,0.0,0.0,0.0,0.0
963,9.29,0.0,0.0,0.0,0.0,0.0,0.0,0.0,0.0
964,9.3,0.0,0.0,0.0,0.0,0.0,0.0,0.0,0.0
965,9.31,0.0,0.0,0.0,0.0,0.0,0.0,0.0,0.0
966,9.32,0.0,0.0,0.0,0.0,0.0,0.0,0.0,0.0
967,9.33,0.0,0.0,0.0,0.0,0.0,0.0,0.0,0.0
968,9.34,0.0,0.0,0.0,0.0,0.0,0.0,0.0,0.0
969,9.35,0.0,0.0,0.0,0.0,0.0,0.0,0.0,0.0
970,9.36,0.0,0.0,0.0,0.0,0.0,0.0,0.0,0.0
971,9.37,0.0,0.0,0.0,0.0,0.0,0.0,0.0,0.0
972,9.38,0.0,0.0,0.0,0.0,0.0,0.0,0.0,0.0
973,9.39,0.0,0.0,0.0,0.0,0.0,0.0,0.0,0.0
974,9.4,0.0,0.0,0.0,0.0,0.0,0.0,0.0,0.0
975,9.41,0.0,0.0,0.0,0.0,0.0,0.0,0.0,0.0
976,9.42,0.0,0.0,0.0,0.0,0.0,0.0,0.0,0.0
977,9.43,0.0,0.0,0.0,0.0,0.0,0.0,0.0,0.0
978,9.44,0.0,0.0,0.0,0.0,0.0,0.0,0.0,0.0
979,9.45,0.0,0.0,0.0,0.0,0.0,0.0,0.0,0.0
980,9.46,0.0,0.0,0.0,0.0,0.0,0.0,0.0,0.0
981,9.47,0.0,0.0,0.0,0.0,0.0,0.0,0.0,0.0
982,9.48,0.0,0.0,0.0,0.0,0.0,0.0,0.0,0.0
983,9.49,0.0,0.0,0.0,0.0,0.0,0.0,0.0,0.0
984,9.5,0.0,0.0,0.0,0.0,0.0,0.0,0.0,0.0
985,9.51,0.0,0.0,0.0,0.0,0.0,0.0,0.0,0.0
986,9.52,0.0,0.0,0.0,0.0,0.0,0.0,0.0,0.0
987,9.53,0.0,0.0,0.0,0.0,0.0,0.0,0.0,0.0
988,9.54,0.0,0.0,0.0,0.0,0.0,0.0,0.0,0.0
989,9.55,0.0,0.0,0.0,0.0,0.0,0.0,0.0,0.0
990,9.56,0.0,0.0,0.0,0.0,0.0,0.0,0.0,0.0
991,9.57,0.0,0.0,0.0,0.0,0.0,0.0,0.0,0.0
992,9.58,0.0,0.0,0.0,0.0,0.0,0.0,0.0,0.0
993,9.59,0.0,0.0,0.0,0.0,0.0,0.0,0.0,0.0
994,9.6,0.0,0.0,0.0,0.0,0.0,0.0,0.0,0.0
995,9.61,0.0,0.0,0.0,0.0,0.0,0.0,0.0,0.0
996,9.62,0.0,0.0,0.0,0.0,0.0,0.0,0.0,0.0
997,9.63,0.0,0.0,0.0,0.0,0.0,0.0,0.0,0.0
998,9.64,0.0,0.0,0.0,0.0,0.0,0.0,0.0,0.0
999,9.65,0.0,0.0,0.0,0.0,0.0,0.0,0.0,0.0
1000,9.66,0.0,0.0,0.0,0.0,0.0,0.0,0.0,0.0
1001,9.67,0.0,0.0,0.0,0.0,0.0,0.0,0.0,0.0
1002,9.68,0.0,0.0,0.0,0.0,0.0,0.0,0.0,0.0
1003,9.69,0.0,0.0,0.0,0.0,0.0,0.0,0.0,0.0
1004,9.7,0.0,0.0,0.0,0.0,0.0,0.0,0.0,0.0
1005,9.71,0.0,0.0,0.0,0.0,0.0,0.0,0.0,0.0
1006,9.72,0.0,0.0,0.0,0.0,0.0,0.0,0.0,0.0
1007,9.73,0.0,0.0,0.0,0.0,0.0,0.0,0.0,0.0
1008,9.74,0.0,0.0,0.0,0.0,0.0,0.0,0.0,0.0
1009,9.75,0.0,0.0,0.0,0.0,0.0,0.0,0.0,0.0
1010,9.76,0.0,0.0,0.0,0.0,0.0,0.0,0.0,0.0
1011,9.77,0.0,0.0,0.0,0.0,0.0,0.0,0.0,0.0
1012,9.78,0.0,0.0,0.0,0.0,0.0,0.0,0.0,0.0
1013,9.79,0.0,0.0,0.0,0.0,0.0,0.0,0.0,0.0
1014,9.8,0.0,0.0,0.0,0.0,0.0,0.0,0.0,0.0
1015,9.81,0.0,0.0,0.0,0.0,0.0,0.0,0.0,0.0
1016,9.82,0.0,0.0,0.0,0.0,0.0,0.0,0.0,0.0
1017,9.83,0.0,0.0,0.0,0.0,0.0,0.0,0.0,0.0
1018,9.84,0.0,0.0,0.0,0.0,0.0,0.0,0.0,0.0
1019,9.85,0.0,0.0,0.0,0.0,0.0,0.0,0.0,0.0
1020,9.86,0.0,0.0,0.0,0.0,0.0,0.0,0.0,0.0
1021,9.87,0.0,0.0,0.0,0.0,0.0,0.0,0.0,0.0
1022,9.88,0.0,0.0,0.0,0.0,0.0,0.0,0.0,0.0
1023,9.89,0.0,0.0,0.0,0.0,0.0,0.0,0.0,0.0
1024,9.9,0.0,0.0,0.0,0.0,0.0,0.0,0.0,0.0
1025,9.91,0.0,0.0,0.0,0.0,0.0,0.0,0.0,0.0
1026,9.92,0.0,0.0,0.0,0.0,0.0,0.0,0.0,0.0
1027,9.93,0.0,0.0,0.0,0.0,0.0,0.0,0.0,0.0
1028,9.94,0.0,0.0,0.0,0.0,0.0,0.0,0.0,0.0
1029,9.95,0.0,0.0,0.0,0.0,0.0,0.0,0.0,0.0
1030,9.96,0.0,0.0,0.0,0.0,0.0,0.0,0.0,0.0
1031,9.97,0.0,0.0,0.0,0.0,0.0,0.0,0.0,0.0
1032,9.98,0.0,0.0,0.0,0.0,0.0,0.0,0.0,0.0
1033,9.99,0.0,0.0,0.0,0.0,0.0,0.0,0.0,0.0
1034,10.0,0.0,0.0,0.0,0.0,0.0,0.0,0.0,0.0
1035,10.01,0.0,0.0,0.0,0.0,0.0,0.0,0.0,0.0
1036,10.02,0.0,0.0,0.0,0.0,0.0,0.0,0.0,0.0
1037,10.03,0.0,0.0,0.0,0.0,0.0,0.0,0.0,0.0
1038,10.04,0.0,0.0,0.0,0.0,0.0,0.0,0.0,0.0
1039,10.05,0.0,0.0,0.0,0.0,0.0,0.0,0.0,0.0
1040,10.06,0.0,0.0,0.0,0.0,0.0,0.0,0.0,0.0
1041,10.07,0.0,0.0,0.0,0.0,0.0,0.0,0.0,0.0
1042,10.08,0.0,0.0,0.0,0.0,0.0,0.0,0.0,0.0
1043,10.09,0.0,0.0,0.0,0.0,0.0,0.0,0.0,0.0
1044,10.1,0.0,0.0,0.0,0.0,0.0,0.0,0.0,0.0
1045,10.11,0.0,0.0,0.0,0.0,0.0,0.0,0.0,0.0
1046,10.12,0.0,0.0,0.0,0.0,0.0,0.0,0.0,0.0
1047,10.13,0.0,0.0,0.0,0.0,0.0,0.0,0.0,0.0
1048,10.14,0.0,0.0,0.0,0.0,0.0,0.0,0.0,0.0
1049,10.15,0.0,0.0,0.0,0.0,0.0,0.0,0.0,0.0
1050,10.16,0.0,0.0,0.0,0.0,0.0,0.0,0.0,0.0
1051,10.17,0.0,0.0,0.0,0.0,0.0,0.0,0.0,0.0
1052,10.18,0.0,0.0,0.0,0.0,0.0,0.0,0.0,0.0
1053,10.19,0.0,0.0,0.0,0.0,0.0,0.0,0.0,0.0
1054,10.2,0.0,0.0,0.0,0.0,0.0,0.0,0.0,0.0
1055,10.21,0.0,0.0,0.0,0.0,0.0,0.0,0.0,0.0
1056,10.22,0.0,0.0,0.0,0.0,0.0,0.0,0.0,0.0
1057,10.23,0.0,0.0,0.0,0.0,0.0,0.0,0.0,0.0
1058,10.24,0.0,0.0,0.0,0.0,0.0,0.0,0.0,0.0
1059,10.25,0.0,0.0,0.0,0.0,0.0,0.0,0.0,0.0
1060,10.26,0.0,0.0,0.0,0.0,0.0,0.0,0.0,0.0
1061,10.27,0.0,0.0,0.0,0.0,0.0,0.0,0.0,0.0
1062,10.28,0.0,0.0,0.0,0.0,0.0,0.0,0.0,0.0
1063,10.29,0.0,0.0,0.0,0.0,0.0,0.0,0.0,0.0
1064,10.3,0.0,0.0,0.0,0.0,0.0,0.0,0.0,0.0
1065,10.31,0.0,0.0,0.0,0.0,0.0,0.0,0.0,0.0
1066,10.32,0.0,0.0,0.0,0.0,0.0,0.0,0.0,0.0
1067,10.33,0.0,0.0,0.0,0.0,0.0,0.0,0.0,0.0
1068,10.34,0.0,0.0,0.0,0.0,0.0,0.0,0.0,0.0
1069,10.35,0.0,0.0,0.0,0.0,0.0,0.0,0.0,0.0
1070,10.36,0.0,0.0,0.0,0.0,0.0,0.0,0.0,0.0
1071,10.37,0.0,0.0,0.0,0.0,0.0,0.0,0.0,0.0
1072,10.38,0.0,0.0,0.0,0.0,0.0,0.0,0.0,0.0
1073,10.39,0.0,0.0,0.0,0.0,0.0,0.0,0.0,0.0
1074,10.4,0.0,0.0,0.0,0.0,0.0,0.0,0.0,0.0
1075,10.41,0.0,0.0,0.0,0.0,0.0,0.0,0.0,0.0
1076,10.42,0.0,0.0,0.0,0.0,0.0,0.0,0.0,0.0
1077,10.43,0.0,0.0,0.0,0.0,0.0,0.0,0.0,0.0
1078,10.44,0.0,0.0,0.0,0.0,0.0,0.0,0.0,0.0
1079,10.45,0.0,0.0,0.0,0.0,0.0,0.0,0.0,0.0
1080,10.46,0.0,0.0,0.0,0.0,0.0,0.0,0.0,0.0
1081,10.47,0.0,0.0,0.0,0.0,0.0,0.0,0.0,0.0
1082,10.48,0.0,0.0,0.0,0.0,0.0,0.0,0.0,0.0
1083,10.49,0.0,0.0,0.0,0.0,0.0,0.0,0.0,0.0
1084,10.5,0.0,0.0,0.0,0.0,0.0,0.0,0.0,0.0
1085,10.51,0.0,0.0,0.0,0.0,0.0,0.0,0.0,0.0
1086,10.52,0.0,0.0,0.0,0.0,0.0,0.0,0.0,0.0
1087,10.53,0.0,0.0,0.0,0.0,0.0,0.0,0.0,0.0
1088,10.54,0.0,0.0,0.0,0.0,0.0,0.0,0.0,0.0
1089,10.55,0.0,0.0,0.0,0.0,0.0,0.0,0.0,0.0
1090,10.56,0.0,0.0,0.0,0.0,0.0,0.0,0.0,0.0
1091,10.57,0.0,0.0,0.0,0.0,0.0,0.0,0.0,0.0
1092,10.58,0.0,0.0,0.0,0.0,0.0,0.0,0.0,0.0
1093,10.59,0.0,0.0,0.0,0.0,0.0,0.0,0.0,0.0
1094,10.6,0.0,0.0,0.0,0.0,0.0,0.0,0.0,0.0
1095,10.61,0.0,0.0,0.0,0.0,0.0,0.0,0.0,0.0
1096,10.62,0.0,0.0,0.0,0.0,0.0,0.0,0.0,0.0
1097,10.63,0.0,0.0,0.0,0.0,0.0,0.0,0.0,0.0
1098,10.64,0.0,0.0,0.0,0.0,0.0,0.0,0.0,0.0
1099,10.65,0.0,0.0,0.0,0.0,0.0,0.0,0.0,0.0
1100,10.66,0.0,0.0,0.0,0.0,0.0,0.0,0.0,0.0
1101,10.67,0.0,0.0,0.0,0.0,0.0,0.0,0.0,0.0
1102,10.68,0.0,0.0,0.0,0.0,0.0,0.0,0.0,0.0
1103,10.69,0.0,0.0,0.0,0.0,0.0,0.0,0.0,0.0
1104,10.7,0.0,0.0,0.0,0.0,0.0,0.0,0.0,0.0
1105,10.71,0.0,0.0,0.0,0.0,0.0,0.0,0.0,0.0
1106,10.72,0.0,0.0,0.0,0.0,0.0,0.0,0.0,0.0
1107,10.73,0.0,0.0,0.0,0.0,0.0,0.0,0.0,0.0
1108,10.74,0.0,0.0,0.0,0.0,0.0,0.0,0.0,0.0
1109,10.75,0.0,0.0,0.0,0.0,0.0,0.0,0.0,0.0
1110,10.76,0.0,0.0,0.0,0.0,0.0,0.0,0.0,0.0
1111,10.77,0.0,0.0,0.0,0.0,0.0,0.0,0.0,0.0
1112,10.78,0.0,0.0,0.0,0.0,0.0,0.0,0.0,0.0
1113,10.79,0.0,0.0,0.0,0.0,0.0,0.0,0.0,0.0
1114,10.8,0.0,0.0,0.0,0.0,0.0,0.0,0.0,0.0
1115,10.81,0.0,0.0,0.0,0.0,0.0,0.0,0.0,0.0
1116,10.82,0.0,0.0,0.0,0.0,0.0,0.0,0.0,0.0
1117,10.83,0.0,0.0,0.0,0.0,0.0,0.0,0.0,0.0
1118,10.84,0.0,0.0,0.0,0.0,0.0,0.0,0.0,0.0
1119,10.85,0.0,0.0,0.0,0.0,0.0,0.0,0.0,0.0
1120,10.86,0.0,0.0,0.0,0.0,0.0,0.0,0.0,0.0
1121,10.87,0.0,0.0,0.0,0.0,0.0,0.0,0.0,0.0
1122,10.88,0.0,0.0,0.0,0.0,0.0,0.0,0.0,0.0
1123,10.89,0.0,0.0,0.0,0.0,0.0,0.0,0.0,0.0
1124,10.9,0.0,0.0,0.0,0.0,0.0,0.0,0.0,0.0
1125,10.91,0.0,0.0,0.0,0.0,0.0,0.0,0.0,0.0
1126,10.92,0.0,0.0,0.0,0.0,0.0,0.0,0.0,0.0
1127,10.93,0.0,0.0,0.0,0.0,0.0,0.0,0.0,0.0
1128,10.94,0.0,0.0,0.0,0.0,0.0,0.0,0.0,0.0
1129,10.95,0.0,0.0,0.0,0.0,0.0,0.0,0.0,0.0
1130,10.96,0.0,0.0,0.0,0.0,0.0,0.0,0.0,0.0
1131,10.97,0.0,0.0,0.0,0.0,0.0,0.0,0.0,0.0
1132,10.98,0.0,0.0,0.0,0.0,0.0,0.0,0.0,0.0
1133,10.99,0.0,0.0,0.0,0.0,0.0,0.0,0.0,0.0
1134,11.0,0.0,0.0,0.0,0.0,0.0,0.0,0.0,0.0
1135,11.01,0.0,0.0,0.0,0.0,0.0,0.0,0.0,0.0
1136,11.02,0.0,0.0,0.0,0.0,0.0,0.0,0.0,0.0
1137,11.03,0.0,0.0,0.0,0.0,0.0,0.0,0.0,0.0
1138,11.04,0.0,0.0,0.0,0.0,0.0,0.0,0.0,0.0
1139,11.05,0.0,0.0,0.0,0.0,0.0,0.0,0.0,0.0
1140,11.06,0.0,0.0,0.0,0.0,0.0,0.0,0.0,0.0
1141,11.07,0.0,0.0,0.0,0.0,0.0,0.0,0.0,0.0
1142,11.08,0.0,0.0,0.0,0.0,0.0,0.0,0.0,0.0
1143,11.09,0.0,0.0,0.0,0.0,0.0,0.0,0.0,0.0
1144,11.1,0.0,0.0,0.0,0.0,0.0,0.0,0.0,0.0
1145,11.11,0.0,0.0,0.0,0.0,0.0,0.0,0.0,0.0
1146,11.12,0.0,0.0,0.0,0.0,0.0,0.0,0.0,0.0
1147,11.13,0.0,0.0,0.0,0.0,0.0,0.0,0.0,0.0
1148,11.14,0.0,0.0,0.0,0.0,0.0,0.0,0.0,0.0
1149,11.15,0.0,0.0,0.0,0.0,0.0,0.0,0.0,0.0
1150,11.16,0.0,0.0,0.0,0.0,0.0,0.0,0.0,0.0
1151,11.17,0.0,0.0,0.0,0.0,0.0,0.0,0.0,0.0
1152,11.18,0.0,0.0,0.0,0.0,0.0,0.0,0.0,0.0
1153,11.19,0.0,0.0,0.0,0.0,0.0,0.0,0.0,0.0
1154,11.2,0.0,0.0,0.0,0.0,0.0,0.0,0.0,0.0
1155,11.21,0.0,0.0,0.0,0.0,0.0,0.0,0.0,0.0
1156,11.22,0.0,0.0,0.0,0.0,0.0,0.0,0.0,0.0
1157,11.23,0.0,0.0,0.0,0.0,0.0,0.0,0.0,0.0
1158,11.24,0.0,0.0,0.0,0.0,0.0,0.0,0.0,0.0
1159,11.25,0.0,0.0,0.0,0.0,0.0,0.0,0.0,0.0
1160,11.26,0.0,0.0,0.0,0.0,0.0,0.0,0.0,0.0
1161,11.27,0.0,0.0,0.0,0.0,0.0,0.0,0.0,0.0
1162,11.28,0.0,0.0,0.0,0.0,0.0,0.0,0.0,0.0
1163,11.29,0.0,0.0,0.0,0.0,0.0,0.0,0.0,0.0
1164,11.3,0.0,0.0,0.0,0.0,0.0,0.0,0.0,0.0
1165,11.31,0.0,0.0,0.0,0.0,0.0,0.0,0.0,0.0
1166,11.32,0.0,0.0,0.0,0.0,0.0,0.0,0.0,0.0
1167,11.33,0.0,0.0,0.0,0.0,0.0,0.0,0.0,0.0
1168,11.34,0.0,0.0,0.0,0.0,0.0,0.0,0.0,0.0
1169,11.35,0.0,0.0,0.0,0.0,0.0,0.0,0.0,0.0
1170,11.36,0.0,0.0,0.0,0.0,0.0,0.0,0.0,0.0
1171,11.37,0.0,0.0,0.0,0.0,0.0,0.0,0.0,0.0
1172,11.38,0.0,0.0,0.0,0.0,0.0,0.0,0.0,0.0
1173,11.39,0.0,0.0,0.0,0.0,0.0,0.0,0.0,0.0
1174,11.4,0.0,0.0,0.0,0.0,0.0,0.0,0.0,0.0
1175,11.41,0.0,0.0,0.0,0.0,0.0,0.0,0.0,0.0
1176,11.42,0.0,0.0,0.0,0.0,0.0,0.0,0.0,0.0
1177,11.43,0.0,0.0,0.0,0.0,0.0,0.0,0.0,0.0
1178,11.44,0.0,0.0,0.0,0.0,0.0,0.0,0.0,0.0
1179,11.45,0.0,0.0,0.0,0.0,0.0,0.0,0.0,0.0
1180,11.46,0.0,0.0,0.0,0.0,0.0,0.0,0.0,0.0
1181,11.47,0.0,0.0,0.0,0.0,0.0,0.0,0.0,0.0
1182,11.48,0.0,0.0,0.0,0.0,0.0,0.0,0.0,0.0
1183,11.49,0.0,0.0,0.0,0.0,0.0,0.0,0.0,0.0
1184,11.5,0.0,0.0,0.0,0.0,0.0,0.0,0.0,0.0
1185,11.51,0.0,0.0,0.0,0.0,0.0,0.0,0.0,0.0
1186,11.52,0.0,0.0,0.0,0.0,0.0,0.0,0.0,0.0
1187,11.53,0.0,0.0,0.0,0.0,0.0,0.0,0.0,0.0
1188,11.54,0.0,0.0,0.0,0.0,0.0,0.0,0.0,0.0
1189,11.55,0.0,0.0,0.0,0.0,0.0,0.0,0.0,0.0
1190,11.56,0.0,0.0,0.0,0.0,0.0,0.0,0.0,0.0
1191,11.57,0.0,0.0,0.0,0.0,0.0,0.0,0.0,0.0
1192,11.58,0.0,0.0,0.0,0.0,0.0,0.0,0.0,0.0
1193,11.59,0.0,0.0,0.0,0.0,0.0,0.0,0.0,0.0
1194,11.6,0.0,0.0,0.0,0.0,0.0,0.0,0.0,0.0
1195,11.61,0.0,0.0,0.0,0.0,0.0,0.0,0.0,0.0
1196,11.62,0.0,0.0,0.0,0.0,0.0,0.0,0.0,0.0
1197,11.63,0.0,0.0,0.0,0.0,0.0,0.0,0.0,0.0
1198,11.64,0.0,0.0,0.0,0.0,0.0,0.0,0.0,0.0
1199,11.65,0.0,0.0,0.0,0.0,0.0,0.0,0.0,0.0
1200,11.66,0.0,0.0,0.0,0.0,0.0,0.0,0.0,0.0
1201,11.67,0.0,0.0,0.0,0.0,0.0,0.0,0.0,0.0
1202,11.68,0.0,0.0,0.0,0.0,0.0,0.0,0.0,0.0
1203,11.69,0.0,0.0,0.0,0.0,0.0,0.0,0.0,0.0
1204,11.7,0.0,0.0,0.0,0.0,0.0,0.0,0.0,0.0
1205,11.71,0.0,0.0,0.0,0.0,0.0,0.0,0.0,0.0
1206,11.72,0.0,0.0,0.0,0.0,0.0,0.0,0.0,0.0
1207,11.73,0.0,0.0,0.0,0.0,0.0,0.0,0.0,0.0
1208,11.74,0.0,0.0,0.0,0.0,0.0,0.0,0.0,0.0
1209,11.75,0.0,0.0,0.0,0.0,0.0,0.0,0.0,0.0
1210,11.76,0.0,0.0,0.0,0.0,0.0,0.0,0.0,0.0
1211,11.77,0.0,0.0,0.0,0.0,0.0,0.0,0.0,0.0
1212,11.78,0.0,0.0,0.0,0.0,0.0,0.0,0.0,0.0
1213,11.79,0.0,0.0,0.0,0.0,0.0,0.0,0.0,0.0
1214,11.8,0.0,0.0,0.0,0.0,0.0,0.0,0.0,0.0
1215,11.81,0.0,0.0,0.0,0.0,0.0,0.0,0.0,0.0
1216,11.82,0.0,0.0,0.0,0.0,0.0,0.0,0.0,0.0
1217,11.83,0.0,0.0,0.0,0.0,0.0,0.0,0.0,0.0
1218,11.84,0.0,0.0,0.0,0.0,0.0,0.0,0.0,0.0
1219,11.85,0.0,0.0,0.0,0.0,0.0,0.0,0.0,0.0
1220,11.86,0.0,0.0,0.0,0.0,0.0,0.0,0.0,0.0
1221,11.87,0.0,0.0,0.0,0.0,0.0,0.0,0.0,0.0
1222,11.88,0.0,0.0,0.0,0.0,0.0,0.0,0.0,0.0
1223,11.89,0.0,0.0,0.0,0.0,0.0,0.0,0.0,0.0
1224,11.9,0.0,0.0,0.0,0.0,0.0,0.0,0.0,0.0
1225,11.91,0.0,0.0,0.0,0.0,0.0,0.0,0.0,0.0
1226,11.92,0.0,0.0,0.0,0.0,0.0,0.0,0.0,0.0
1227,11.93,0.0,0.0,0.0,0.0,0.0,0.0,0.0,0.0
1228,11.94,0.0,0.0,0.0,0.0,0.0,0.0,0.0,0.0
1229,11.95,0.0,0.0,0.0,0.0,0.0,0.0,0.0,0.0
1230,11.96,0.0,0.0,0.0,0.0,0.0,0.0,0.0,0.0
1231,11.97,0.0,0.0,0.0,0.0,0.0,0.0,0.0,0.0
1232,11.98,0.0,0.0,0.0,0.0,0.0,0.0,0.0,0.0
1233,11.99,0.0,0.0,0.0,0.0,0.0,0.0,0.0,0.0
1234,12.0,0.0,0.0,0.0,0.0,0.0,0.0,0.0,0.0
1235,12.01,0.0,0.0,0.0,0.0,0.0,0.0,0.0,0.0
1236,12.02,0.0,0.0,0.0,0.0,0.0,0.0,0.0,0.0
1237,12.03,0.0,0.0,0.0,0.0,0.0,0.0,0.0,0.0
1238,12.04,0.0,0.0,0.0,0.0,0.0,0.0,0.0,0.0
1239,12.05,0.0,0.0,0.0,0.0,0.0,0.0,0.0,0.0
1240,12.06,0.0,0.0,0.0,0.0,0.0,0.0,0.0,0.0
1241,12.07,0.0,0.0,0.0,0.0,0.0,0.0,0.0,0.0
1242,12.08,0.0,0.0,0.0,0.0,0.0,0.0,0.0,0.0
1243,12.09,0.0,0.0,0.0,0.0,0.0,0.0,0.0,0.0
1244,12.1,0.0,0.0,0.0,0.0,0.0,0.0,0.0,0.0
1245,12.11,0.0,0.0,0.0,0.0,0.0,0.0,0.0,0.0
1246,12.12,0.0,0.0,0.0,0.0,0.0,0.0,0.0,0.0
1247,12.13,0.0,0.0,0.0,0.0,0.0,0.0,0.0,0.0
1248,12.14,0.0,0.0,0.0,0.0,0.0,0.0,0.0,0.0
1249,12.15,0.0,0.0,0.0,0.0,0.0,0.0,0.0,0.0
1250,12.16,0.0,0.0,0.0,0.0,0.0,0.0,0.0,0.0
1251,12.17,0.0,0.0,0.0,0.0,0.0,0.0,0.0,0.0
1252,12.18,0.0,0.0,0.0,0.0,0.0,0.0,0.0,0.0
1253,12.19,0.0,0.0,0.0,0.0,0.0,0.0,0.0,0.0
1254,12.2,0.0,0.0,0.0,0.0,0.0,0.0,0.0,0.0
1255,12.21,0.0,0.0,0.0,0.0,0.0,0.0,0.0,0.0
1256,12.22,0.0,0.0,0.0,0.0,0.0,0.0,0.0,0.0
1257,12.23,0.0,0.0,0.0,0.0,0.0,0.0,0.0,0.0
1258,12.24,0.0,0.0,0.0,0.0,0.0,0.0,0.0,0.0
1259,12.25,0.0,0.0,0.0,0.0,0.0,0.0,0.0,0.0
1260,12.26,0.0,0.0,0.0,0.0,0.0,0.0,0.0,0.0
1261,12.27,0.0,0.0,0.0,0.0,0.0,0.0,0.0,0.0
1262,12.28,0.0,0.0,0.0,0.0,0.0,0.0,0.0,0.0
1263,12.29,0.0,0.0,0.0,0.0,0.0,0.0,0.0,0.0
1264,12.3,0.0,0.0,0.0,0.0,0.0,0.0,0.0,0.0
1265,12.31,0.0,0.0,0.0,0.0,0.0,0.0,0.0,0.0
1266,12.32,0.0,0.0,0.0,0.0,0.0,0.0,0.0,0.0
1267,12.33,0.0,0.0,0.0,0.0,0.0,0.0,0.0,0.0
1268,12.34,0.0,0.0,0.0,0.0,0.0,0.0,0.0,0.0
1269,12.35,0.0,0.0,0.0,0.0,0.0,0.0,0.0,0.0
1270,12.36,0.0,0.0,0.0,0.0,0.0,0.0,0.0,0.0
1271,12.37,0.0,0.0,0.0,0.0,0.0,0.0,0.0,0.0
1272,12.38,0.0,0.0,0.0,0.0,0.0,0.0,0.0,0.0
1273,12.39,0.0,0.0,0.0,0.0,0.0,0.0,0.0,0.0
1274,12.4,0.0,0.0,0.0,0.0,0.0,0.0,0.0,0.0
1275,12.41,0.0,0.0,0.0,0.0,0.0,0.0,0.0,0.0
1276,12.42,0.0,0.0,0.0,0.0,0.0,0.0,0.0,0.0
1277,12.43,0.0,0.0,0.0,0.0,0.0,0.0,0.0,0.0
1278,12.44,0.0,0.0,0.0,0.0,0.0,0.0,0.0,0.0
1279,12.45,0.0,0.0,0.0,0.0,0.0,0.0,0.0,0.0
1280,12.46,0.0,0.0,0.0,0.0,0.0,0.0,0.0,0.0
1281,12.47,0.0,0.0,0.0,0.0,0.0,0.0,0.0,0.0
1282,12.48,0.0,0.0,0.0,0.0,0.0,0.0,0.0,0.0
1283,12.49,0.0,0.0,0.0,0.0,0.0,0.0,0.0,0.0
1284,12.5,0.0,0.0,0.0,0.0,0.0,0.0,0.0,0.0
1285,12.51,0.0,0.0,0.0,0.0,0.0,0.0,0.0,0.0
1286,12.52,0.0,0.0,0.0,0.0,0.0,0.0,0.0,0.0
1287,12.53,0.0,0.0,0.0,0.0,0.0,0.0,0.0,0.0
1288,12.54,0.0,0.0,0.0,0.0,0.0,0.0,0.0,0.0
1289,12.55,0.0,0.0,0.0,0.0,0.0,0.0,0.0,0.0
1290,12.56,0.0,0.0,0.0,0.0,0.0,0.0,0.0,0.0
1291,12.57,0.0,0.0,0.0,0.0,0.0,0.0,0.0,0.0
1292,12.58,0.0,0.0,0.0,0.0,0.0,0.0,0.0,0.0
1293,12.59,0.0,0.0,0.0,0.0,0.0,0.0,0.0,0.0
1294,12.6,0.0,0.0,0.0,0.0,0.0,0.0,0.0,0.0
1295,12.61,0.0,0.0,0.0,0.0,0.0,0.0,0.0,0.0
1296,12.62,0.0,0.0,0.0,0.0,0.0,0.0,0.0,0.0
1297,12.63,0.0,0.0,0.0,0.0,0.0,0.0,0.0,0.0
1298,12.64,0.0,0.0,0.0,0.0,0.0,0.0,0.0,0.0
1299,12.65,0.0,0.0,0.0,0.0,0.0,0.0,0.0,0.0
1300,12.66,0.0,0.0,0.0,0.0,0.0,0.0,0.0,0.0
1301,12.67,0.0,0.0,0.0,0.0,0.0,0.0,0.0,0.0
1302,12.68,0.0,0.0,0.0,0.0,0.0,0.0,0.0,0.0
1303,12.69,0.0,0.0,0.0,0.0,0.0,0.0,0.0,0.0
1304,12.7,0.0,0.0,0.0,0.0,0.0,0.0,0.0,0.0
1305,12.71,0.0,0.0,0.0,0.0,0.0,0.0,0.0,0.0
1306,12.72,0.0,0.0,0.0,0.0,0.0,0.0,0.0,0.0
1307,12.73,0.0,0.0,0.0,0.0,0.0,0.0,0.0,0.0
1308,12.74,0.0,0.0,0.0,0.0,0.0,0.0,0.0,0.0
1309,12.75,0.0,0.0,0.0,0.0,0.0,0.0,0.0,0.0
1310,12.76,0.0,0.0,0.0,0.0,0.0,0.0,0.0,0.0
1311,12.77,0.0,0.0,0.0,0.0,0.0,0.0,0.0,0.0
1312,12.78,0.0,0.0,0.0,0.0,0.0,0.0,0.0,0.0
1313,12.79,0.0,0.0,0.0,0.0,0.0,0.0,0.0,0.0
1314,12.8,0.0,0.0,0.0,0.0,0.0,0.0,0.0,0.0
1315,12.81,0.0,0.0,0.0,0.0,0.0,0.0,0.0,0.0
1316,12.82,0.0,0.0,0.0,0.0,0.0,0.0,0.0,0.0
1317,12.83,0.0,0.0,0.0,0.0,0.0,0.0,0.0,0.0
1318,12.84,0.0,0.0,0.0,0.0,0.0,0.0,0.0,0.0
1319,12.85,0.0,0.0,0.0,0.0,0.0,0.0,0.0,0.0
1320,12.86,0.0,0.0,0.0,0.0,0.0,0.0,0.0,0.0
1321,12.87,0.0,0.0,0.0,0.0,0.0,0.0,0.0,0.0
1322,12.88,0.0,0.0,0.0,0.0,0.0,0.0,0.0,0.0
1323,12.89,0.0,0.0,0.0,0.0,0.0,0.0,0.0,0.0
1324,12.9,0.0,0.0,0.0,0.0,0.0,0.0,0.0,0.0
1325,12.91,0.0,0.0,0.0,0.0,0.0,0.0,0.0,0.0
1326,12.92,0.0,0.0,0.0,0.0,0.0,0.0,0.0,0.0
1327,12.93,0.0,0.0,0.0,0.0,0.0,0.0,0.0,0.0
1328,12.94,0.0,0.0,0.0,0.0,0.0,0.0,0.0,0.0
1329,12.95,0.0,0.0,0.0,0.0,0.0,0.0,0.0,0.0
1330,12.96,0.0,0.0,0.0,0.0,0.0,0.0,0.0,0.0
1331,12.97,0.0,0.0,0.0,0.0,0.0,0.0,0.0,0.0
1332,12.98,0.0,0.0,0.0,0.0,0.0,0.0,0.0,0.0
1333,12.99,0.0,0.0,0.0,0.0,0.0,0.0,0.0,0.0
1334,13.0,0.0,0.0,0.0,0.0,0.0,0.0,0.0,0.0
1335,13.01,0.0,0.0,0.0,0.0,0.0,0.0,0.0,0.0
1336,13.02,0.0,0.0,0.0,0.0,0.0,0.0,0.0,0.0
1337,13.03,0.0,0.0,0.0,0.0,0.0,0.0,0.0,0.0
1338,13.04,0.0,0.0,0.0,0.0,0.0,0.0,0.0,0.0
1339,13.05,0.0,0.0,0.0,0.0,0.0,0.0,0.0,0.0
1340,13.06,0.0,0.0,0.0,0.0,0.0,0.0,0.0,0.0
1341,13.07,0.0,0.0,0.0,0.0,0.0,0.0,0.0,0.0
1342,13.08,0.0,0.0,0.0,0.0,0.0,0.0,0.0,0.0
1343,13.09,0.0,0.0,0.0,0.0,0.0,0.0,0.0,0.0
1344,13.1,0.0,0.0,0.0,0.0,0.0,0.0,0.0,0.0
1345,13.11,0.0,0.0,0.0,0.0,0.0,0.0,0.0,0.0
1346,13.12,0.0,0.0,0.0,0.0,0.0,0.0,0.0,0.0
1347,13.13,0.0,0.0,0.0,0.0,0.0,0.0,0.0,0.0
1348,13.14,0.0,0.0,0.0,0.0,0.0,0.0,0.0,0.0
1349,13.15,0.0,0.0,0.0,0.0,0.0,0.0,0.0,0.0
1350,13.16,0.0,0.0,0.0,0.0,0.0,0.0,0.0,0.0
1351,13.17,0.0,0.0,0.0,0.0,0.0,0.0,0.0,0.0
1352,13.18,0.0,0.0,0.0,0.0,0.0,0.0,0.0,0.0
1353,13.19,0.0,0.0,0.0,0.0,0.0,0.0,0.0,0.0
1354,13.2,0.0,0.0,0.0,0.0,0.0,0.0,0.0,0.0
1355,13.21,0.0,0.0,0.0,0.0,0.0,0.0,0.0,0.0
1356,13.22,0.0,0.0,0.0,0.0,0.0,0.0,0.0,0.0
1357,13.23,0.0,0.0,0.0,0.0,0.0,0.0,0.0,0.0
1358,13.24,0.0,0.0,0.0,0.0,0.0,0.0,0.0,0.0
1359,13.25,0.0,0.0,0.0,0.0,0.0,0.0,0.0,0.0
1360,13.26,0.0,0.0,0.0,0.0,0.0,0.0,0.0,0.0
1361,13.27,0.0,0.0,0.0,0.0,0.0,0.0,0.0,0.0
1362,13.28,0.0,0.0,0.0,0.0,0.0,0.0,0.0,0.0
1363,13.29,0.0,0.0,0.0,0.0,0.0,0.0,0.0,0.0
1364,13.3,0.0,0.0,0.0,0.0,0.0,0.0,0.0,0.0
1365,13.31,0.0,0.0,0.0,0.0,0.0,0.0,0.0,0.0
1366,13.32,0.0,0.0,0.0,0.0,0.0,0.0,0.0,0.0
1367,13.33,0.0,0.0,0.0,0.0,0.0,0.0,0.0,0.0
1368,13.34,0.0,0.0,0.0,0.0,0.0,0.0,0.0,0.0
1369,13.35,0.0,0.0,0.0,0.0,0.0,0.0,0.0,0.0
1370,13.36,0.0,0.0,0.0,0.0,0.0,0.0,0.0,0.0
1371,13.37,0.0,0.0,0.0,0.0,0.0,0.0,0.0,0.0
1372,13.38,0.0,0.0,0.0,0.0,0.0,0.0,0.0,0.0
1373,13.39,0.0,0.0,0.0,0.0,0.0,0.0,0.0,0.0
1374,13.4,0.0,0.0,0.0,0.0,0.0,0.0,0.0,0.0
1375,13.41,0.0,0.0,0.0,0.0,0.0,0.0,0.0,0.0
1376,13.42,0.0,0.0,0.0,0.0,0.0,0.0,0.0,0.0
1377,13.43,0.0,0.0,0.0,0.0,0.0,0.0,0.0,0.0
1378,13.44,0.0,0.0,0.0,0.0,0.0,0.0,0.0,0.0
1379,13.45,0.0,0.0,0.0,0.0,0.0,0.0,0.0,0.0
1380,13.46,0.0,0.0,0.0,0.0,0.0,0.0,0.0,0.0
1381,13.47,0.0,0.0,0.0,0.0,0.0,0.0,0.0,0.0
1382,13.48,0.0,0.0,0.0,0.0,0.0,0.0,0.0,0.0
1383,13.49,0.0,0.0,0.0,0.0,0.0,0.0,0.0,0.0
1384,13.5,0.0,0.0,0.0,0.0,0.0,0.0,0.0,0.0
1385,13.51,0.0,0.0,0.0,0.0,0.0,0.0,0.0,0.0
1386,13.52,0.0,0.0,0.0,0.0,0.0,0.0,0.0,0.0
1387,13.53,0.0,0.0,0.0,0.0,0.0,0.0,0.0,0.0
1388,13.54,0.0,0.0,0.0,0.0,0.0,0.0,0.0,0.0
1389,13.55,0.0,0.0,0.0,0.0,0.0,0.0,0.0,0.0
1390,13.56,0.0,0.0,0.0,0.0,0.0,0.0,0.0,0.0
1391,13.57,0.0,0.0,0.0,0.0,0.0,0.0,0.0,0.0
1392,13.58,0.0,0.0,0.0,0.0,0.0,0.0,0.0,0.0
1393,13.59,0.0,0.0,0.0,0.0,0.0,0.0,0.0,0.0
1394,13.6,0.0,0.0,0.0,0.0,0.0,0.0,0.0,0.0
1395,13.61,0.0,0.0,0.0,0.0,0.0,0.0,0.0,0.0
1396,13.62,0.0,0.0,0.0,0.0,0.0,0.0,0.0,0.0
1397,13.63,0.0,0.0,0.0,0.0,0.0,0.0,0.0,0.0
1398,13.64,0.0,0.0,0.0,0.0,0.0,0.0,0.0,0.0
1399,13.65,0.0,0.0,0.0,0.0,0.0,0.0,0.0,0.0
1400,13.66,0.0,0.0,0.0,0.0,0.0,0.0,0.0,0.0
1401,13.67,0.0,0.0,0.0,0.0,0.0,0.0,0.0,0.0
1402,13.68,0.0,0.0,0.0,0.0,0.0,0.0,0.0,0.0
1403,13.69,0.0,0.0,0.0,0.0,0.0,0.0,0.0,0.0
1404,13.7,0.0,0.0,0.0,0.0,0.0,0.0,0.0,0.0
1405,13.71,0.0,0.0,0.0,0.0,0.0,0.0,0.0,0.0
1406,13.72,0.0,0.0,0.0,0.0,0.0,0.0,0.0,0.0
1407,13.73,0.0,0.0,0.0,0.0,0.0,0.0,0.0,0.0
1408,13.74,0.0,0.0,0.0,0.0,0.0,0.0,0.0,0.0
1409,13.75,0.0,0.0,0.0,0.0,0.0,0.0,0.0,0.0
1410,13.76,0.0,0.0,0.0,0.0,0.0,0.0,0.0,0.0
1411,13.77,0.0,0.0,0.0,0.0,0.0,0.0,0.0,0.0
1412,13.78,0.0,0.0,0.0,0.0,0.0,0.0,0.0,0.0
1413,13.79,0.0,0.0,0.0,0.0,0.0,0.0,0.0,0.0
1414,13.8,0.0,0.0,0.0,0.0,0.0,0.0,0.0,0.0
1415,13.81,0.0,0.0,0.0,0.0,0.0,0.0,0.0,0.0
1416,13.82,0.0,0.0,0.0,0.0,0.0,0.0,0.0,0.0
1417,13.83,0.0,0.0,0.0,0.0,0.0,0.0,0.0,0.0
1418,13.84,0.0,0.0,0.0,0.0,0.0,0.0,0.0,0.0
1419,13.85,0.0,0.0,0.0,0.0,0.0,0.0,0.0,0.0
1420,13.86,0.0,0.0,0.0,0.0,0.0,0.0,0.0,0.0
1421,13.87,0.0,0.0,0.0,0.0,0.0,0.0,0.0,0.0
1422,13.88,0.0,0.0,0.0,0.0,0.0,0.0,0.0,0.0
1423,13.89,0.0,0.0,0.0,0.0,0.0,0.0,0.0,0.0
1424,13.9,0.0,0.0,0.0,0.0,0.0,0.0,0.0,0.0
1425,13.91,0.0,0.0,0.0,0.0,0.0,0.0,0.0,0.0
1426,13.92,0.0,0.0,0.0,0.0,0.0,0.0,0.0,0.0
1427,13.93,0.0,0.0,0.0,0.0,0.0,0.0,0.0,0.0
1428,13.94,0.0,0.0,0.0,0.0,0.0,0.0,0.0,0.0
1429,13.95,0.0,0.0,0.0,0.0,0.0,0.0,0.0,0.0
1430,13.96,0.0,0.0,0.0,0.0,0.0,0.0,0.0,0.0
1431,13.97,0.0,0.0,0.0,0.0,0.0,0.0,0.0,0.0
1432,13.98,0.0,0.0,0.0,0.0,0.0,0.0,0.0,0.0
1433,13.99,0.0,0.0,0.0,0.0,0.0,0.0,0.0,0.0
1434,14.0,0.0,0.0,0.0,0.0,0.0,0.0,0.0,0.0
1435,14.01,0.0,0.0,0.0,0.0,0.0,0.0,0.0,0.0
1436,14.02,0.0,0.0,0.0,0.0,0.0,0.0,0.0,0.0
1437,14.03,0.0,0.0,0.0,0.0,0.0,0.0,0.0,0.0
1438,14.04,0.0,0.0,0.0,0.0,0.0,0.0,0.0,0.0
1439,14.05,0.0,0.0,0.0,0.0,0.0,0.0,0.0,0.0
1440,14.06,0.0,0.0,0.0,0.0,0.0,0.0,0.0,0.0
1441,14.07,0.0,0.0,0.0,0.0,0.0,0.0,0.0,0.0
1442,14.08,0.0,0.0,0.0,0.0,0.0,0.0,0.0,0.0
1443,14.09,0.0,0.0,0.0,0.0,0.0,0.0,0.0,0.0
1444,14.1,0.0,0.0,0.0,0.0,0.0,0.0,0.0,0.0
1445,14.11,0.0,0.0,0.0,0.0,0.0,0.0,0.0,0.0
1446,14.12,0.0,0.0,0.0,0.0,0.0,0.0,0.0,0.0
1447,14.13,0.0,0.0,0.0,0.0,0.0,0.0,0.0,0.0
1448,14.14,0.0,0.0,0.0,0.0,0.0,0.0,0.0,0.0
1449,14.15,0.0,0.0,0.0,0.0,0.0,0.0,0.0,0.0
1450,14.16,0.0,0.0,0.0,0.0,0.0,0.0,0.0,0.0
1451,14.17,0.0,0.0,0.0,0.0,0.0,0.0,0.0,0.0
1452,14.18,0.0,0.0,0.0,0.0,0.0,0.0,0.0,0.0
1453,14.19,0.0,0.0,0.0,0.0,0.0,0.0,0.0,0.0
1454,14.2,0.0,0.0,0.0,0.0,0.0,0.0,0.0,0.0
1455,14.21,0.0,0.0,0.0,0.0,0.0,0.0,0.0,0.0
1456,14.22,0.0,0.0,0.0,0.0,0.0,0.0,0.0,0.0
1457,14.23,0.0,0.0,0.0,0.0,0.0,0.0,0.0,0.0
1458,14.24,0.0,0.0,0.0,0.0,0.0,0.0,0.0,0.0
1459,14.25,0.0,0.0,0.0,0.0,0.0,0.0,0.0,0.0
1460,14.26,0.0,0.0,0.0,0.0,0.0,0.0,0.0,0.0
1461,14.27,0.0,0.0,0.0,0.0,0.0,0.0,0.0,0.0
1462,14.28,0.0,0.0,0.0,0.0,0.0,0.0,0.0,0.0
1463,14.29,0.0,0.0,0.0,0.0,0.0,0.0,0.0,0.0
1464,14.3,0.0,0.0,0.0,0.0,0.0,0.0,0.0,0.0
1465,14.31,0.0,0.0,0.0,0.0,0.0,0.0,0.0,0.0
1466,14.32,0.0,0.0,0.0,0.0,0.0,0.0,0.0,0.0
1467,14.33,0.0,0.0,0.0,0.0,0.0,0.0,0.0,0.0
1468,14.34,0.0,0.0,0.0,0.0,0.0,0.0,0.0,0.0
1469,14.35,0.0,0.0,0.0,0.0,0.0,0.0,0.0,0.0
1470,14.36,0.0,0.0,0.0,0.0,0.0,0.0,0.0,0.0
1471,14.37,0.0,0.0,0.0,0.0,0.0,0.0,0.0,0.0
1472,14.38,0.0,0.0,0.0,0.0,0.0,0.0,0.0,0.0
1473,14.39,0.0,0.0,0.0,0.0,0.0,0.0,0.0,0.0
1474,14.4,0.0,0.0,0.0,0.0,0.0,0.0,0.0,0.0
1475,14.41,0.0,0.0,0.0,0.0,0.0,0.0,0.0,0.0
1476,14.42,0.0,0.0,0.0,0.0,0.0,0.0,0.0,0.0
1477,14.43,0.0,0.0,0.0,0.0,0.0,0.0,0.0,0.0
1478,14.44,0.0,0.0,0.0,0.0,0.0,0.0,0.0,0.0
1479,14.45,0.0,0.0,0.0,0.0,0.0,0.0,0.0,0.0
1480,14.46,0.0,0.0,0.0,0.0,0.0,0.0,0.0,0.0
1481,14.47,0.0,0.0,0.0,0.0,0.0,0.0,0.0,0.0
1482,14.48,0.0,0.0,0.0,0.0,0.0,0.0,0.0,0.0
1483,14.49,0.0,0.0,0.0,0.0,0.0,0.0,0.0,0.0
1484,14.5,0.0,0.0,0.0,0.0,0.0,0.0,0.0,0.0
1485,14.51,0.0,0.0,0.0,0.0,0.0,0.0,0.0,0.0
1486,14.52,0.0,0.0,0.0,0.0,0.0,0.0,0.0,0.0
1487,14.53,0.0,0.0,0.0,0.0,0.0,0.0,0.0,0.0
1488,14.54,0.0,0.0,0.0,0.0,0.0,0.0,0.0,0.0
1489,14.55,0.0,0.0,0.0,0.0,0.0,0.0,0.0,0.0
1490,14.56,0.0,0.0,0.0,0.0,0.0,0.0,0.0,0.0
1491,14.57,0.0,0.0,0.0,0.0,0.0,0.0,0.0,0.0
1492,14.58,0.0,0.0,0.0,0.0,0.0,0.0,0.0,0.0
1493,14.59,0.0,0.0,0.0,0.0,0.0,0.0,0.0,0.0
1494,14.6,0.0,0.0,0.0,0.0,0.0,0.0,0.0,0.0
1495,14.61,0.0,0.0,0.0,0.0,0.0,0.0,0.0,0.0
1496,14.62,0.0,0.0,0.0,0.0,0.0,0.0,0.0,0.0
1497,14.63,0.0,0.0,0.0,0.0,0.0,0.0,0.0,0.0
1498,14.64,0.0,0.0,0.0,0.0,0.0,0.0,0.0,0.0
1499,14.65,0.0,0.0,0.0,0.0,0.0,0.0,0.0,0.0
1500,14.66,0.0,0.0,0.0,0.0,0.0,0.0,0.0,0.0
1501,14.67,0.0,0.0,0.0,0.0,0.0,0.0,0.0,0.0
1502,14.68,0.0,0.0,0.0,0.0,0.0,0.0,0.0,0.0
1503,14.69,0.0,0.0,0.0,0.0,0.0,0.0,0.0,0.0
1504,14.7,0.0,0.0,0.0,0.0,0.0,0.0,0.0,0.0
1505,14.71,0.0,0.0,0.0,0.0,0.0,0.0,0.0,0.0
1506,14.72,0.0,0.0,0.0,0.0,0.0,0.0,0.0,0.0
1507,14.73,0.0,0.0,0.0,0.0,0.0,0.0,0.0,0.0
1508,14.74,0.0,0.0,0.0,0.0,0.0,0.0,0.0,0.0
1509,14.75,0.0,0.0,0.0,0.0,0.0,0.0,0.0,0.0
1510,14.76,0.0,0.0,0.0,0.0,0.0,0.0,0.0,0.0
1511,14.77,0.0,0.0,0.0,0.0,0.0,0.0,0.0,0.0
1512,14.78,0.0,0.0,0.0,0.0,0.0,0.0,0.0,0.0
1513,14.79,0.0,0.0,0.0,0.0,0.0,0.0,0.0,0.0
1514,14.8,0.0,0.0,0.0,0.0,0.0,0.0,0.0,0.0
1515,14.81,0.0,0.0,0.0,0.0,0.0,0.0,0.0,0.0
1516,14.82,0.0,0.0,0.0,0.0,0.0,0.0,0.0,0.0
1517,14.83,0.0,0.0,0.0,0.0,0.0,0.0,0.0,0.0
1518,14.84,0.0,0.0,0.0,0.0,0.0,0.0,0.0,0.0
1519,14.85,0.0,0.0,0.0,0.0,0.0,0.0,0.0,0.0
1520,14.86,0.0,0.0,0.0,0.0,0.0,0.0,0.0,0.0
1521,14.87,0.0,0.0,0.0,0.0,0.0,0.0,0.0,0.0
1522,14.88,0.0,0.0,0.0,0.0,0.0,0.0,0.0,0.0
1523,14.89,0.0,0.0,0.0,0.0,0.0,0.0,0.0,0.0
1524,14.9,0.0,0.0,0.0,0.0,0.0,0.0,0.0,0.0
1525,14.91,0.0,0.0,0.0,0.0,0.0,0.0,0.0,0.0
1526,14.92,0.0,0.0,0.0,0.0,0.0,0.0,0.0,0.0
1527,14.93,0.0,0.0,0.0,0.0,0.0,0.0,0.0,0.0
1528,14.94,0.0,0.0,0.0,0.0,0.0,0.0,0.0,0.0
1529,14.95,0.0,0.0,0.0,0.0,0.0,0.0,0.0,0.0
1530,14.96,0.0,0.0,0.0,0.0,0.0,0.0,0.0,0.0
1531,14.97,0.0,0.0,0.0,0.0,0.0,0.0,0.0,0.0
1532,14.98,0.0,0.0,0.0,0.0,0.0,0.0,0.0,0.0
1533,14.99,0.0,0.0,0.0,0.0,0.0,0.0,0.0,0.0
1534,15.0,0.0,0.0,0.0,0.0,0.0,0.0,0.0,0.0
1535,15.01,0.0,0.0,0.0,0.0,0.0,0.0,0.0,0.0
1536,15.02,0.0,0.0,0.0,0.0,0.0,0.0,0.0,0.0
1537,15.03,0.0,0.0,0.0,0.0,0.0,0.0,0.0,0.0
1538,15.04,0.0,0.0,0.0,0.0,0.0,0.0,0.0,0.0
1539,15.05,0.0,0.0,0.0,0.0,0.0,0.0,0.0,0.0
1540,15.06,0.0,0.0,0.0,0.0,0.0,0.0,0.0,0.0
1541,15.07,0.0,0.0,0.0,0.0,0.0,0.0,0.0,0.0
1542,15.08,0.0,0.0,0.0,0.0,0.0,0.0,0.0,0.0
1543,15.09,0.0,0.0,0.0,0.0,0.0,0.0,0.0,0.0
1544,15.1,0.0,0.0,0.0,0.0,0.0,0.0,0.0,0.0
1545,15.11,0.0,0.0,0.0,0.0,0.0,0.0,0.0,0.0
1546,15.12,0.0,0.0,0.0,0.0,0.0,0.0,0.0,0.0
1547,15.13,0.0,0.0,0.0,0.0,0.0,0.0,0.0,0.0
1548,15.14,0.0,0.0,0.0,0.0,0.0,0.0,0.0,0.0
1549,15.15,0.0,0.0,0.0,0.0,0.0,0.0,0.0,0.0
1550,15.16,0.0,0.0,0.0,0.0,0.0,0.0,0.0,0.0
1551,15.17,0.0,0.0,0.0,0.0,0.0,0.0,0.0,0.0
1552,15.18,0.0,0.0,0.0,0.0,0.0,0.0,0.0,0.0
1553,15.19,0.0,0.0,0.0,0.0,0.0,0.0,0.0,0.0
1554,15.2,0.0,0.0,0.0,0.0,0.0,0.0,0.0,0.0
1555,15.21,0.0,0.0,0.0,0.0,0.0,0.0,0.0,0.0
1556,15.22,0.0,0.0,0.0,0.0,0.0,0.0,0.0,0.0
1557,15.23,0.0,0.0,0.0,0.0,0.0,0.0,0.0,0.0
1558,15.24,0.0,0.0,0.0,0.0,0.0,0.0,0.0,0.0
1559,15.25,0.0,0.0,0.0,0.0,0.0,0.0,0.0,0.0
1560,15.26,0.0,0.0,0.0,0.0,0.0,0.0,0.0,0.0
1561,15.27,0.0,0.0,0.0,0.0,0.0,0.0,0.0,0.0
1562,15.28,0.0,0.0,0.0,0.0,0.0,0.0,0.0,0.0
1563,15.29,0.0,0.0,0.0,0.0,0.0,0.0,0.0,0.0
1564,15.3,0.0,0.0,0.0,0.0,0.0,0.0,0.0,0.0
1565,15.31,0.0,0.0,0.0,0.0,0.0,0.0,0.0,0.0
1566,15.32,0.0,0.0,0.0,0.0,0.0,0.0,0.0,0.0
1567,15.33,0.0,0.0,0.0,0.0,0.0,0.0,0.0,0.0
1568,15.34,0.0,0.0,0.0,0.0,0.0,0.0,0.0,0.0
1569,15.35,0.0,0.0,0.0,0.0,0.0,0.0,0.0,0.0
1570,15.36,0.0,0.0,0.0,0.0,0.0,0.0,0.0,0.0
1571,15.37,0.0,0.0,0.0,0.0,0.0,0.0,0.0,0.0
1572,15.38,0.0,0.0,0.0,0.0,0.0,0.0,0.0,0.0
1573,15.39,0.0,0.0,0.0,0.0,0.0,0.0,0.0,0.0
1574,15.4,0.0,0.0,0.0,0.0,0.0,0.0,0.0,0.0
1575,15.41,0.0,0.0,0.0,0.0,0.0,0.0,0.0,0.0
1576,15.42,0.0,0.0,0.0,0.0,0.0,0.0,0.0,0.0
1577,15.43,0.0,0.0,0.0,0.0,0.0,0.0,0.0,0.0
1578,15.44,0.0,0.0,0.0,0.0,0.0,0.0,0.0,0.0
1579,15.45,0.0,0.0,0.0,0.0,0.0,0.0,0.0,0.0
1580,15.46,0.0,0.0,0.0,0.0,0.0,0.0,0.0,0.0
1581,15.47,0.0,0.0,0.0,0.0,0.0,0.0,0.0,0.0
1582,15.48,0.0,0.0,0.0,0.0,0.0,0.0,0.0,0.0
1583,15.49,0.0,0.0,0.0,0.0,0.0,0.0,0.0,0.0
1584,15.5,0.0,0.0,0.0,0.0,0.0,0.0,0.0,0.0
1585,15.51,0.0,0.0,0.0,0.0,0.0,0.0,0.0,0.0
1586,15.52,0.0,0.0,0.0,0.0,0.0,0.0,0.0,0.0
1587,15.53,0.0,0.0,0.0,0.0,0.0,0.0,0.0,0.0
1588,15.54,0.0,0.0,0.0,0.0,0.0,0.0,0.0,0.0
1589,15.55,0.0,0.0,0.0,0.0,0.0,0.0,0.0,0.0
1590,15.56,0.0,0.0,0.0,0.0,0.0,0.0,0.0,0.0
1591,15.57,0.0,0.0,0.0,0.0,0.0,0.0,0.0,0.0
1592,15.58,0.0,0.0,0.0,0.0,0.0,0.0,0.0,0.0
1593,15.59,0.0,0.0,0.0,0.0,0.0,0.0,0.0,0.0
1594,15.6,0.0,0.0,0.0,0.0,0.0,0.0,0.0,0.0
1595,15.61,0.0,0.0,0.0,0.0,0.0,0.0,0.0,0.0
1596,15.62,0.0,0.0,0.0,0.0,0.0,0.0,0.0,0.0
1597,15.63,0.0,0.0,0.0,0.0,0.0,0.0,0.0,0.0
1598,15.64,0.0,0.0,0.0,0.0,0.0,0.0,0.0,0.0
1599,15.65,0.0,0.0,0.0,0.0,0.0,0.0,0.0,0.0
1600,15.66,0.0,0.0,0.0,0.0,0.0,0.0,0.0,0.0
1601,15.67,0.0,0.0,0.0,0.0,0.0,0.0,0.0,0.0
1602,15.68,0.0,0.0,0.0,0.0,0.0,0.0,0.0,0.0
1603,15.69,0.0,0.0,0.0,0.0,0.0,0.0,0.0,0.0
1604,15.7,0.0,0.0,0.0,0.0,0.0,0.0,0.0,0.0
1605,15.71,0.0,0.0,0.0,0.0,0.0,0.0,0.0,0.0
1606,15.72,0.0,0.0,0.0,0.0,0.0,0.0,0.0,0.0
1607,15.73,0.0,0.0,0.0,0.0,0.0,0.0,0.0,0.0
1608,15.74,0.0,0.0,0.0,0.0,0.0,0.0,0.0,0.0
1609,15.75,0.0,0.0,0.0,0.0,0.0,0.0,0.0,0.0
1610,15.76,0.0,0.0,0.0,0.0,0.0,0.0,0.0,0.0
1611,15.77,0.0,0.0,0.0,0.0,0.0,0.0,0.0,0.0
1612,15.78,0.0,0.0,0.0,0.0,0.0,0.0,0.0,0.0
1613,15.79,0.0,0.0,0.0,0.0,0.0,0.0,0.0,0.0
1614,15.8,0.0,0.0,0.0,0.0,0.0,0.0,0.0,0.0
1615,15.81,0.0,0.0,0.0,0.0,0.0,0.0,0.0,0.0
1616,15.82,0.0,0.0,0.0,0.0,0.0,0.0,0.0,0.0
1617,15.83,0.0,0.0,0.0,0.0,0.0,0.0,0.0,0.0
1618,15.84,0.0,0.0,0.0,0.0,0.0,0.0,0.0,0.0
1619,15.85,0.0,0.0,0.0,0.0,0.0,0.0,0.0,0.0
1620,15.86,0.0,0.0,0.0,0.0,0.0,0.0,0.0,0.0
1621,15.87,0.0,0.0,0.0,0.0,0.0,0.0,0.0,0.0
1622,15.88,0.0,0.0,0.0,0.0,0.0,0.0,0.0,0.0
1623,15.89,0.0,0.0,0.0,0.0,0.0,0.0,0.0,0.0
1624,15.9,0.0,0.0,0.0,0.0,0.0,0.0,0.0,0.0
1625,15.91,0.0,0.0,0.0,0.0,0.0,0.0,0.0,0.0
1626,15.92,0.0,0.0,0.0,0.0,0.0,0.0,0.0,0.0
1627,15.93,0.0,0.0,0.0,0.0,0.0,0.0,0.0,0.0
1628,15.94,0.0,0.0,0.0,0.0,0.0,0.0,0.0,0.0
1629,15.95,0.0,0.0,0.0,0.0,0.0,0.0,0.0,0.0
1630,15.96,0.0,0.0,0.0,0.0,0.0,0.0,0.0,0.0
1631,15.97,0.0,0.0,0.0,0.0,0.0,0.0,0.0,0.0
1632,15.98,0.0,0.0,0.0,0.0,0.0,0.0,0.0,0.0
1633,15.99,0.0,0.0,0.0,0.0,0.0,0.0,0.0,0.0
1634,16.0,0.0,0.0,0.0,0.0,0.0,0.0,0.0,0.0
1635,16.01,0.0,0.0,0.0,0.0,0.0,0.0,0.0,0.0
1636,16.02,0.0,0.0,0.0,0.0,0.0,0.0,0.0,0.0
1637,16.03,0.0,0.0,0.0,0.0,0.0,0.0,0.0,0.0
1638,16.04,0.0,0.0,0.0,0.0,0.0,0.0,0.0,0.0
1639,16.05,0.0,0.0,0.0,0.0,0.0,0.0,0.0,0.0
1640,16.06,0.0,0.0,0.0,0.0,0.0,0.0,0.0,0.0
1641,16.07,0.0,0.0,0.0,0.0,0.0,0.0,0.0,0.0
1642,16.08,0.0,0.0,0.0,0.0,0.0,0.0,0.0,0.0
1643,16.09,0.0,0.0,0.0,0.0,0.0,0.0,0.0,0.0
1644,16.1,0.0,0.0,0.0,0.0,0.0,0.0,0.0,0.0
1645,16.11,0.0,0.0,0.0,0.0,0.0,0.0,0.0,0.0
1646,16.12,0.0,0.0,0.0,0.0,0.0,0.0,0.0,0.0
1647,16.13,0.0,0.0,0.0,0.0,0.0,0.0,0.0,0.0
1648,16.14,0.0,0.0,0.0,0.0,0.0,0.0,0.0,0.0
1649,16.15,0.0,0.0,0.0,0.0,0.0,0.0,0.0,0.0
1650,16.16,0.0,0.0,0.0,0.0,0.0,0.0,0.0,0.0
1651,16.17,0.0,0.0,0.0,0.0,0.0,0.0,0.0,0.0
1652,16.18,0.0,0.0,0.0,0.0,0.0,0.0,0.0,0.0
1653,16.19,0.0,0.0,0.0,0.0,0.0,0.0,0.0,0.0
1654,16.2,0.0,0.0,0.0,0.0,0.0,0.0,0.0,0.0
1655,16.21,0.0,0.0,0.0,0.0,0.0,0.0,0.0,0.0
1656,16.22,0.0,0.0,0.0,0.0,0.0,0.0,0.0,0.0
1657,16.23,0.0,0.0,0.0,0.0,0.0,0.0,0.0,0.0
1658,16.24,0.0,0.0,0.0,0.0,0.0,0.0,0.0,0.0
1659,16.25,0.0,0.0,0.0,0.0,0.0,0.0,0.0,0.0
1660,16.26,0.0,0.0,0.0,0.0,0.0,0.0,0.0,0.0
1661,16.27,0.0,0.0,0.0,0.0,0.0,0.0,0.0,0.0
1662,16.28,0.0,0.0,0.0,0.0,0.0,0.0,0.0,0.0
1663,16.29,0.0,0.0,0.0,0.0,0.0,0.0,0.0,0.0
1664,16.3,0.0,0.0,0.0,0.0,0.0,0.0,0.0,0.0
1665,16.31,0.0,0.0,0.0,0.0,0.0,0.0,0.0,0.0
1666,16.32,0.0,0.0,0.0,0.0,0.0,0.0,0.0,0.0
1667,16.33,0.0,0.0,0.0,0.0,0.0,0.0,0.0,0.0
1668,16.34,0.0,0.0,0.0,0.0,0.0,0.0,0.0,0.0
1669,16.35,0.0,0.0,0.0,0.0,0.0,0.0,0.0,0.0
1670,16.36,0.0,0.0,0.0,0.0,0.0,0.0,0.0,0.0
1671,16.37,0.0,0.0,0.0,0.0,0.0,0.0,0.0,0.0
1672,16.38,0.0,0.0,0.0,0.0,0.0,0.0,0.0,0.0
1673,16.39,0.0,0.0,0.0,0.0,0.0,0.0,0.0,0.0
1674,16.4,0.0,0.0,0.0,0.0,0.0,0.0,0.0,0.0
1675,16.41,0.0,0.0,0.0,0.0,0.0,0.0,0.0,0.0
1676,16.42,0.0,0.0,0.0,0.0,0.0,0.0,0.0,0.0
1677,16.43,0.0,0.0,0.0,0.0,0.0,0.0,0.0,0.0
1678,16.44,0.0,0.0,0.0,0.0,0.0,0.0,0.0,0.0
1679,16.45,0.0,0.0,0.0,0.0,0.0,0.0,0.0,0.0
1680,16.46,0.0,0.0,0.0,0.0,0.0,0.0,0.0,0.0
1681,16.47,0.0,0.0,0.0,0.0,0.0,0.0,0.0,0.0
1682,16.48,0.0,0.0,0.0,0.0,0.0,0.0,0.0,0.0
1683,16.49,0.0,0.0,0.0,0.0,0.0,0.0,0.0,0.0
1684,16.5,0.0,0.0,0.0,0.0,0.0,0.0,0.0,0.0
1685,16.51,0.0,0.0,0.0,0.0,0.0,0.0,0.0,0.0
1686,16.52,0.0,0.0,0.0,0.0,0.0,0.0,0.0,0.0
1687,16.53,0.0,0.0,0.0,0.0,0.0,0.0,0.0,0.0
1688,16.54,0.0,0.0,0.0,0.0,0.0,0.0,0.0,0.0
1689,16.55,0.0,0.0,0.0,0.0,0.0,0.0,0.0,0.0
1690,16.56,0.0,0.0,0.0,0.0,0.0,0.0,0.0,0.0
1691,16.57,0.0,0.0,0.0,0.0,0.0,0.0,0.0,0.0
1692,16.58,0.0,0.0,0.0,0.0,0.0,0.0,0.0,0.0
1693,16.59,0.0,0.0,0.0,0.0,0.0,0.0,0.0,0.0
1694,16.6,0.0,0.0,0.0,0.0,0.0,0.0,0.0,0.0
1695,16.61,0.0,0.0,0.0,0.0,0.0,0.0,0.0,0.0
1696,16.62,0.0,0.0,0.0,0.0,0.0,0.0,0.0,0.0
1697,16.63,0.0,0.0,0.0,0.0,0.0,0.0,0.0,0.0
1698,16.64,0.0,0.0,0.0,0.0,0.0,0.0,0.0,0.0
1699,16.65,0.0,0.0,0.0,0.0,0.0,0.0,0.0,0.0
1700,16.66,0.0,0.0,0.0,0.0,0.0,0.0,0.0,0.0
1701,16.67,0.0,0.0,0.0,0.0,0.0,0.0,0.0,0.0
1702,16.68,0.0,0.0,0.0,0.0,0.0,0.0,0.0,0.0
1703,16.69,0.0,0.0,0.0,0.0,0.0,0.0,0.0,0.0
1704,16.7,0.0,0.0,0.0,0.0,0.0,0.0,0.0,0.0
1705,16.71,0.0,0.0,0.0,0.0,0.0,0.0,0.0,0.0
1706,16.72,0.0,0.0,0.0,0.0,0.0,0.0,0.0,0.0
1707,16.73,0.0,0.0,0.0,0.0,0.0,0.0,0.0,0.0
1708,16.74,0.0,0.0,0.0,0.0,0.0,0.0,0.0,0.0
1709,16.75,0.0,0.0,0.0,0.0,0.0,0.0,0.0,0.0
1710,16.76,0.0,0.0,0.0,0.0,0.0,0.0,0.0,0.0
1711,16.77,0.0,0.0,0.0,0.0,0.0,0.0,0.0,0.0
1712,16.78,0.0,0.0,0.0,0.0,0.0,0.0,0.0,0.0
1713,16.79,0.0,0.0,0.0,0.0,0.0,0.0,0.0,0.0
1714,16.8,0.0,0.0,0.0,0.0,0.0,0.0,0.0,0.0
1715,16.81,0.0,0.0,0.0,0.0,0.0,0.0,0.0,0.0
1716,16.82,0.0,0.0,0.0,0.0,0.0,0.0,0.0,0.0
1717,16.83,0.0,0.0,0.0,0.0,0.0,0.0,0.0,0.0
1718,16.84,0.0,0.0,0.0,0.0,0.0,0.0,0.0,0.0
1719,16.85,0.0,0.0,0.0,0.0,0.0,0.0,0.0,0.0
1720,16.86,0.0,0.0,0.0,0.0,0.0,0.0,0.0,0.0
1721,16.87,0.0,0.0,0.0,0.0,0.0,0.0,0.0,0.0
1722,16.88,0.0,0.0,0.0,0.0,0.0,0.0,0.0,0.0
1723,16.89,0.0,0.0,0.0,0.0,0.0,0.0,0.0,0.0
1724,16.9,0.0,0.0,0.0,0.0,0.0,0.0,0.0,0.0
1725,16.91,0.0,0.0,0.0,0.0,0.0,0.0,0.0,0.0
1726,16.92,0.0,0.0,0.0,0.0,0.0,0.0,0.0,0.0
1727,16.93,0.0,0.0,0.0,0.0,0.0,0.0,0.0,0.0
1728,16.94,0.0,0.0,0.0,0.0,0.0,0.0,0.0,0.0
1729,16.95,0.0,0.0,0.0,0.0,0.0,0.0,0.0,0.0
1730,16.96,0.0,0.0,0.0,0.0,0.0,0.0,0.0,0.0
1731,16.97,0.0,0.0,0.0,0.0,0.0,0.0,0.0,0.0
1732,16.98,0.0,0.0,0.0,0.0,0.0,0.0,0.0,0.0
1733,16.99,0.0,0.0,0.0,0.0,0.0,0.0,0.0,0.0
1734,17.0,0.0,0.0,0.0,0.0,0.0,0.0,0.0,0.0
1735,17.01,0.0,0.0,0.0,0.0,0.0,0.0,0.0,0.0
1736,17.02,0.0,0.0,0.0,0.0,0.0,0.0,0.0,0.0
1737,17.03,0.0,0.0,0.0,0.0,0.0,0.0,0.0,0.0
1738,17.04,0.0,0.0,0.0,0.0,0.0,0.0,0.0,0.0
1739,17.05,0.0,0.0,0.0,0.0,0.0,0.0,0.0,0.0
1740,17.06,0.0,0.0,0.0,0.0,0.0,0.0,0.0,0.0
1741,17.07,0.0,0.0,0.0,0.0,0.0,0.0,0.0,0.0
1742,17.08,0.0,0.0,0.0,0.0,0.0,0.0,0.0,0.0
1743,17.09,0.0,0.0,0.0,0.0,0.0,0.0,0.0,0.0
1744,17.1,0.0,0.0,0.0,0.0,0.0,0.0,0.0,0.0
1745,17.11,0.0,0.0,0.0,0.0,0.0,0.0,0.0,0.0
1746,17.12,0.0,0.0,0.0,0.0,0.0,0.0,0.0,0.0
1747,17.13,0.0,0.0,0.0,0.0,0.0,0.0,0.0,0.0
1748,17.14,0.0,0.0,0.0,0.0,0.0,0.0,0.0,0.0
1749,17.15,0.0,0.0,0.0,0.0,0.0,0.0,0.0,0.0
1750,17.16,0.0,0.0,0.0,0.0,0.0,0.0,0.0,0.0
1751,17.17,0.0,0.0,0.0,0.0,0.0,0.0,0.0,0.0
1752,17.18,0.0,0.0,0.0,0.0,0.0,0.0,0.0,0.0
1753,17.19,0.0,0.0,0.0,0.0,0.0,0.0,0.0,0.0
1754,17.2,0.0,0.0,0.0,0.0,0.0,0.0,0.0,0.0
1755,17.21,0.0,0.0,0.0,0.0,0.0,0.0,0.0,0.0
1756,17.22,0.0,0.0,0.0,0.0,0.0,0.0,0.0,0.0
1757,17.23,0.0,0.0,0.0,0.0,0.0,0.0,0.0,0.0
1758,17.24,0.0,0.0,0.0,0.0,0.0,0.0,0.0,0.0
1759,17.25,0.0,0.0,0.0,0.0,0.0,0.0,0.0,0.0
1760,17.26,0.0,0.0,0.0,0.0,0.0,0.0,0.0,0.0
1761,17.27,0.0,0.0,0.0,0.0,0.0,0.0,0.0,0.0
1762,17.28,0.0,0.0,0.0,0.0,0.0,0.0,0.0,0.0
1763,17.29,0.0,0.0,0.0,0.0,0.0,0.0,0.0,0.0
1764,17.3,0.0,0.0,0.0,0.0,0.0,0.0,0.0,0.0
1765,17.31,0.0,0.0,0.0,0.0,0.0,0.0,0.0,0.0
1766,17.32,0.0,0.0,0.0,0.0,0.0,0.0,0.0,0.0
1767,17.33,0.0,0.0,0.0,0.0,0.0,0.0,0.0,0.0
1768,17.34,0.0,0.0,0.0,0.0,0.0,0.0,0.0,0.0
1769,17.35,0.0,0.0,0.0,0.0,0.0,0.0,0.0,0.0
1770,17.36,0.0,0.0,0.0,0.0,0.0,0.0,0.0,0.0
1771,17.37,0.0,0.0,0.0,0.0,0.0,0.0,0.0,0.0
1772,17.38,0.0,0.0,0.0,0.0,0.0,0.0,0.0,0.0
1773,17.39,0.0,0.0,0.0,0.0,0.0,0.0,0.0,0.0
1774,17.4,0.0,0.0,0.0,0.0,0.0,0.0,0.0,0.0
1775,17.41,0.0,0.0,0.0,0.0,0.0,0.0,0.0,0.0
1776,17.42,0.0,0.0,0.0,0.0,0.0,0.0,0.0,0.0
1777,17.43,0.0,0.0,0.0,0.0,0.0,0.0,0.0,0.0
1778,17.44,0.0,0.0,0.0,0.0,0.0,0.0,0.0,0.0
1779,17.45,0.0,0.0,0.0,0.0,0.0,0.0,0.0,0.0
1780,17.46,0.0,0.0,0.0,0.0,0.0,0.0,0.0,0.0
1781,17.47,0.0,0.0,0.0,0.0,0.0,0.0,0.0,0.0
1782,17.48,0.0,0.0,0.0,0.0,0.0,0.0,0.0,0.0
1783,17.49,0.0,0.0,0.0,0.0,0.0,0.0,0.0,0.0
1784,17.5,0.0,0.0,0.0,0.0,0.0,0.0,0.0,0.0
1785,17.51,0.0,0.0,0.0,0.0,0.0,0.0,0.0,0.0
1786,17.52,0.0,0.0,0.0,0.0,0.0,0.0,0.0,0.0
1787,17.53,0.0,0.0,0.0,0.0,0.0,0.0,0.0,0.0
1788,17.54,0.0,0.0,0.0,0.0,0.0,0.0,0.0,0.0
1789,17.55,0.0,0.0,0.0,0.0,0.0,0.0,0.0,0.0
1790,17.56,0.0,0.0,0.0,0.0,0.0,0.0,0.0,0.0
1791,17.57,0.0,0.0,0.0,0.0,0.0,0.0,0.0,0.0
1792,17.58,0.0,0.0,0.0,0.0,0.0,0.0,0.0,0.0
1793,17.59,0.0,0.0,0.0,0.0,0.0,0.0,0.0,0.0
1794,17.6,0.0,0.0,0.0,0.0,0.0,0.0,0.0,0.0
1795,17.61,0.0,0.0,0.0,0.0,0.0,0.0,0.0,0.0
1796,17.62,0.0,0.0,0.0,0.0,0.0,0.0,0.0,0.0
1797,17.63,0.0,0.0,0.0,0.0,0.0,0.0,0.0,0.0
1798,17.64,0.0,0.0,0.0,0.0,0.0,0.0,0.0,0.0
1799,17.65,0.0,0.0,0.0,0.0,0.0,0.0,0.0,0.0
1800,17.66,0.0,0.0,0.0,0.0,0.0,0.0,0.0,0.0
1801,17.67,0.0,0.0,0.0,0.0,0.0,0.0,0.0,0.0
1802,17.68,0.0,0.0,0.0,0.0,0.0,0.0,0.0,0.0
1803,17.69,0.0,0.0,0.0,0.0,0.0,0.0,0.0,0.0
1804,17.7,0.0,0.0,0.0,0.0,0.0,0.0,0.0,0.0
1805,17.71,0.0,0.0,0.0,0.0,0.0,0.0,0.0,0.0
1806,17.72,0.0,0.0,0.0,0.0,0.0,0.0,0.0,0.0
1807,17.73,0.0,0.0,0.0,0.0,0.0,0.0,0.0,0.0
1808,17.74,0.0,0.0,0.0,0.0,0.0,0.0,0.0,0.0
1809,17.75,0.0,0.0,0.0,0.0,0.0,0.0,0.0,0.0
1810,17.76,0.0,0.0,0.0,0.0,0.0,0.0,0.0,0.0
1811,17.77,0.0,0.0,0.0,0.0,0.0,0.0,0.0,0.0
1812,17.78,0.0,0.0,0.0,0.0,0.0,0.0,0.0,0.0
1813,17.79,0.0,0.0,0.0,0.0,0.0,0.0,0.0,0.0
1814,17.8,0.0,0.0,0.0,0.0,0.0,0.0,0.0,0.0
1815,17.81,0.0,0.0,0.0,0.0,0.0,0.0,0.0,0.0
1816,17.82,0.0,0.0,0.0,0.0,0.0,0.0,0.0,0.0
1817,17.83,0.0,0.0,0.0,0.0,0.0,0.0,0.0,0.0
1818,17.84,0.0,0.0,0.0,0.0,0.0,0.0,0.0,0.0
1819,17.85,0.0,0.0,0.0,0.0,0.0,0.0,0.0,0.0
1820,17.86,0.0,0.0,0.0,0.0,0.0,0.0,0.0,0.0
1821,17.87,0.0,0.0,0.0,0.0,0.0,0.0,0.0,0.0
1822,17.88,0.0,0.0,0.0,0.0,0.0,0.0,0.0,0.0
1823,17.89,0.0,0.0,0.0,0.0,0.0,0.0,0.0,0.0
1824,17.9,0.0,0.0,0.0,0.0,0.0,0.0,0.0,0.0
1825,17.91,0.0,0.0,0.0,0.0,0.0,0.0,0.0,0.0
1826,17.92,0.0,0.0,0.0,0.0,0.0,0.0,0.0,0.0
1827,17.93,0.0,0.0,0.0,0.0,0.0,0.0,0.0,0.0
1828,17.94,0.0,0.0,0.0,0.0,0.0,0.0,0.0,0.0
1829,17.95,0.0,0.0,0.0,0.0,0.0,0.0,0.0,0.0
1830,17.96,0.0,0.0,0.0,0.0,0.0,0.0,0.0,0.0
1831,17.97,0.0,0.0,0.0,0.0,0.0,0.0,0.0,0.0
1832,17.98,0.0,0.0,0.0,0.0,0.0,0.0,0.0,0.0
1833,17.99,0.0,0.0,0.0,0.0,0.0,0.0,0.0,0.0
1834,18.0,0.0,0.0,0.0,0.0,0.0,0.0,0.0,0.0
1835,18.01,0.0,0.0,0.0,0.0,0.0,0.0,0.0,0.0
1836,18.02,0.0,0.0,0.0,0.0,0.0,0.0,0.0,0.0
1837,18.03,0.0,0.0,0.0,0.0,0.0,0.0,0.0,0.0
1838,18.04,0.0,0.0,0.0,0.0,0.0,0.0,0.0,0.0
1839,18.05,0.0,0.0,0.0,0.0,0.0,0.0,0.0,0.0
1840,18.06,0.0,0.0,0.0,0.0,0.0,0.0,0.0,0.0
1841,18.07,0.0,0.0,0.0,0.0,0.0,0.0,0.0,0.0
1842,18.08,0.0,0.0,0.0,0.0,0.0,0.0,0.0,0.0
1843,18.09,0.0,0.0,0.0,0.0,0.0,0.0,0.0,0.0
1844,18.1,0.0,0.0,0.0,0.0,0.0,0.0,0.0,0.0
1845,18.11,0.0,0.0,0.0,0.0,0.0,0.0,0.0,0.0
1846,18.12,0.0,0.0,0.0,0.0,0.0,0.0,0.0,0.0
1847,18.13,0.0,0.0,0.0,0.0,0.0,0.0,0.0,0.0
1848,18.14,0.0,0.0,0.0,0.0,0.0,0.0,0.0,0.0
1849,18.15,0.0,0.0,0.0,0.0,0.0,0.0,0.0,0.0
1850,18.16,0.0,0.0,0.0,0.0,0.0,0.0,0.0,0.0
1851,18.17,0.0,0.0,0.0,0.0,0.0,0.0,0.0,0.0
1852,18.18,0.0,0.0,0.0,0.0,0.0,0.0,0.0,0.0
1853,18.19,0.0,0.0,0.0,0.0,0.0,0.0,0.0,0.0
1854,18.2,0.0,0.0,0.0,0.0,0.0,0.0,0.0,0.0
1855,18.21,0.0,0.0,0.0,0.0,0.0,0.0,0.0,0.0
1856,18.22,0.0,0.0,0.0,0.0,0.0,0.0,0.0,0.0
1857,18.23,0.0,0.0,0.0,0.0,0.0,0.0,0.0,0.0
1858,18.24,0.0,0.0,0.0,0.0,0.0,0.0,0.0,0.0
1859,18.25,0.0,0.0,0.0,0.0,0.0,0.0,0.0,0.0
1860,18.26,0.0,0.0,0.0,0.0,0.0,0.0,0.0,0.0
1861,18.27,0.0,0.0,0.0,0.0,0.0,0.0,0.0,0.0
1862,18.28,0.0,0.0,0.0,0.0,0.0,0.0,0.0,0.0
1863,18.29,0.0,0.0,0.0,0.0,0.0,0.0,0.0,0.0
1864,18.3,0.0,0.0,0.0,0.0,0.0,0.0,0.0,0.0
1865,18.31,0.0,0.0,0.0,0.0,0.0,0.0,0.0,0.0
1866,18.32,0.0,0.0,0.0,0.0,0.0,0.0,0.0,0.0
1867,18.33,0.0,0.0,0.0,0.0,0.0,0.0,0.0,0.0
1868,18.34,0.0,0.0,0.0,0.0,0.0,0.0,0.0,0.0
1869,18.35,0.0,0.0,0.0,0.0,0.0,0.0,0.0,0.0
1870,18.36,0.0,0.0,0.0,0.0,0.0,0.0,0.0,0.0
1871,18.37,0.0,0.0,0.0,0.0,0.0,0.0,0.0,0.0
1872,18.38,0.0,0.0,0.0,0.0,0.0,0.0,0.0,0.0
1873,18.39,0.0,0.0,0.0,0.0,0.0,0.0,0.0,0.0
1874,18.4,0.0,0.0,0.0,0.0,0.0,0.0,0.0,0.0
1875,18.41,0.0,0.0,0.0,0.0,0.0,0.0,0.0,0.0
1876,18.42,0.0,0.0,0.0,0.0,0.0,0.0,0.0,0.0
1877,18.43,0.0,0.0,0.0,0.0,0.0,0.0,0.0,0.0
1878,18.44,0.0,0.0,0.0,0.0,0.0,0.0,0.0,0.0
1879,18.45,0.0,0.0,0.0,0.0,0.0,0.0,0.0,0.0
1880,18.46,0.0,0.0,0.0,0.0,0.0,0.0,0.0,0.0
1881,18.47,0.0,0.0,0.0,0.0,0.0,0.0,0.0,0.0
1882,18.48,0.0,0.0,0.0,0.0,0.0,0.0,0.0,0.0
1883,18.49,0.0,0.0,0.0,0.0,0.0,0.0,0.0,0.0
1884,18.5,0.0,0.0,0.0,0.0,0.0,0.0,0.0,0.0
1885,18.51,0.0,0.0,0.0,0.0,0.0,0.0,0.0,0.0
1886,18.52,0.0,0.0,0.0,0.0,0.0,0.0,0.0,0.0
1887,18.53,0.0,0.0,0.0,0.0,0.0,0.0,0.0,0.0
1888,18.54,0.0,0.0,0.0,0.0,0.0,0.0,0.0,0.0
1889,18.55,0.0,0.0,0.0,0.0,0.0,0.0,0.0,0.0
1890,18.56,0.0,0.0,0.0,0.0,0.0,0.0,0.0,0.0
1891,18.57,0.0,0.0,0.0,0.0,0.0,0.0,0.0,0.0
1892,18.58,0.0,0.0,0.0,0.0,0.0,0.0,0.0,0.0
1893,18.59,0.0,0.0,0.0,0.0,0.0,0.0,0.0,0.0
1894,18.6,0.0,0.0,0.0,0.0,0.0,0.0,0.0,0.0
1895,18.61,0.0,0.0,0.0,0.0,0.0,0.0,0.0,0.0
1896,18.62,0.0,0.0,0.0,0.0,0.0,0.0,0.0,0.0
1897,18.63,0.0,0.0,0.0,0.0,0.0,0.0,0.0,0.0
1898,18.64,0.0,0.0,0.0,0.0,0.0,0.0,0.0,0.0
1899,18.65,0.0,0.0,0.0,0.0,0.0,0.0,0.0,0.0
1900,18.66,0.0,0.0,0.0,0.0,0.0,0.0,0.0,0.0
1901,18.67,0.0,0.0,0.0,0.0,0.0,0.0,0.0,0.0
1902,18.68,0.0,0.0,0.0,0.0,0.0,0.0,0.0,0.0
1903,18.69,0.0,0.0,0.0,0.0,0.0,0.0,0.0,0.0
1904,18.7,0.0,0.0,0.0,0.0,0.0,0.0,0.0,0.0
1905,18.71,0.0,0.0,0.0,0.0,0.0,0.0,0.0,0.0
1906,18.72,0.0,0.0,0.0,0.0,0.0,0.0,0.0,0.0
1907,18.73,0.0,0.0,0.0,0.0,0.0,0.0,0.0,0.0
1908,18.74,0.0,0.0,0.0,0.0,0.0,0.0,0.0,0.0
1909,18.75,0.0,0.0,0.0,0.0,0.0,0.0,0.0,0.0
1910,18.76,0.0,0.0,0.0,0.0,0.0,0.0,0.0,0.0
1911,18.77,0.0,0.0,0.0,0.0,0.0,0.0,0.0,0.0
1912,18.78,0.0,0.0,0.0,0.0,0.0,0.0,0.0,0.0
1913,18.79,0.0,0.0,0.0,0.0,0.0,0.0,0.0,0.0
1914,18.8,0.0,0.0,0.0,0.0,0.0,0.0,0.0,0.0
1915,18.81,0.0,0.0,0.0,0.0,0.0,0.0,0.0,0.0
1916,18.82,0.0,0.0,0.0,0.0,0.0,0.0,0.0,0.0
1917,18.83,0.0,0.0,0.0,0.0,0.0,0.0,0.0,0.0
1918,18.84,0.0,0.0,0.0,0.0,0.0,0.0,0.0,0.0
1919,18.85,0.0,0.0,0.0,0.0,0.0,0.0,0.0,0.0
1920,18.86,0.0,0.0,0.0,0.0,0.0,0.0,0.0,0.0
1921,18.87,0.0,0.0,0.0,0.0,0.0,0.0,0.0,0.0
1922,18.88,0.0,0.0,0.0,0.0,0.0,0.0,0.0,0.0
1923,18.89,0.0,0.0,0.0,0.0,0.0,0.0,0.0,0.0
1924,18.9,0.0,0.0,0.0,0.0,0.0,0.0,0.0,0.0
1925,18.91,0.0,0.0,0.0,0.0,0.0,0.0,0.0,0.0
1926,18.92,0.0,0.0,0.0,0.0,0.0,0.0,0.0,0.0
1927,18.93,0.0,0.0,0.0,0.0,0.0,0.0,0.0,0.0
1928,18.94,0.0,0.0,0.0,0.0,0.0,0.0,0.0,0.0
1929,18.95,0.0,0.0,0.0,0.0,0.0,0.0,0.0,0.0
1930,18.96,0.0,0.0,0.0,0.0,0.0,0.0,0.0,0.0
1931,18.97,0.0,0.0,0.0,0.0,0.0,0.0,0.0,0.0
1932,18.98,0.0,0.0,0.0,0.0,0.0,0.0,0.0,0.0
1933,18.99,0.0,0.0,0.0,0.0,0.0,0.0,0.0,0.0
1934,19.0,0.0,0.0,0.0,0.0,0.0,0.0,0.0,0.0
1935,19.01,0.0,0.0,0.0,0.0,0.0,0.0,0.0,0.0
1936,19.02,0.0,0.0,0.0,0.0,0.0,0.0,0.0,0.0
1937,19.03,0.0,0.0,0.0,0.0,0.0,0.0,0.0,0.0
1938,19.04,0.0,0.0,0.0,0.0,0.0,0.0,0.0,0.0
1939,19.05,0.0,0.0,0.0,0.0,0.0,0.0,0.0,0.0
1940,19.06,0.0,0.0,0.0,0.0,0.0,0.0,0.0,0.0
1941,19.07,0.0,0.0,0.0,0.0,0.0,0.0,0.0,0.0
1942,19.08,0.0,0.0,0.0,0.0,0.0,0.0,0.0,0.0
1943,19.09,0.0,0.0,0.0,0.0,0.0,0.0,0.0,0.0
1944,19.1,0.0,0.0,0.0,0.0,0.0,0.0,0.0,0.0
1945,19.11,0.0,0.0,0.0,0.0,0.0,0.0,0.0,0.0
1946,19.12,0.0,0.0,0.0,0.0,0.0,0.0,0.0,0.0
1947,19.13,0.0,0.0,0.0,0.0,0.0,0.0,0.0,0.0
1948,19.14,0.0,0.0,0.0,0.0,0.0,0.0,0.0,0.0
1949,19.15,0.0,0.0,0.0,0.0,0.0,0.0,0.0,0.0
1950,19.16,0.0,0.0,0.0,0.0,0.0,0.0,0.0,0.0
1951,19.17,0.0,0.0,0.0,0.0,0.0,0.0,0.0,0.0
1952,19.18,0.0,0.0,0.0,0.0,0.0,0.0,0.0,0.0
1953,19.19,0.0,0.0,0.0,0.0,0.0,0.0,0.0,0.0
1954,19.2,0.0,0.0,0.0,0.0,0.0,0.0,0.0,0.0
1955,19.21,0.0,0.0,0.0,0.0,0.0,0.0,0.0,0.0
1956,19.22,0.0,0.0,0.0,0.0,0.0,0.0,0.0,0.0
1957,19.23,0.0,0.0,0.0,0.0,0.0,0.0,0.0,0.0
1958,19.24,0.0,0.0,0.0,0.0,0.0,0.0,0.0,0.0
1959,19.25,0.0,0.0,0.0,0.0,0.0,0.0,0.0,0.0
1960,19.26,0.0,0.0,0.0,0.0,0.0,0.0,0.0,0.0
1961,19.27,0.0,0.0,0.0,0.0,0.0,0.0,0.0,0.0
1962,19.28,0.0,0.0,0.0,0.0,0.0,0.0,0.0,0.0
1963,19.29,0.0,0.0,0.0,0.0,0.0,0.0,0.0,0.0
1964,19.3,0.0,0.0,0.0,0.0,0.0,0.0,0.0,0.0
1965,19.31,0.0,0.0,0.0,0.0,0.0,0.0,0.0,0.0
1966,19.32,0.0,0.0,0.0,0.0,0.0,0.0,0.0,0.0
1967,19.33,0.0,0.0,0.0,0.0,0.0,0.0,0.0,0.0
1968,19.34,0.0,0.0,0.0,0.0,0.0,0.0,0.0,0.0
1969,19.35,0.0,0.0,0.0,0.0,0.0,0.0,0.0,0.0
1970,19.36,0.0,0.0,0.0,0.0,0.0,0.0,0.0,0.0
1971,19.37,0.0,0.0,0.0,0.0,0.0,0.0,0.0,0.0
1972,19.38,0.0,0.0,0.0,0.0,0.0,0.0,0.0,0.0
1973,19.39,0.0,0.0,0.0,0.0,0.0,0.0,0.0,0.0
1974,19.4,0.0,0.0,0.0,0.0,0.0,0.0,0.0,0.0
1975,19.41,0.0,0.0,0.0,0.0,0.0,0.0,0.0,0.0
1976,19.42,0.0,0.0,0.0,0.0,0.0,0.0,0.0,0.0
1977,19.43,0.0,0.0,0.0,0.0,0.0,0.0,0.0,0.0
1978,19.44,0.0,0.0,0.0,0.0,0.0,0.0,0.0,0.0
1979,19.45,0.0,0.0,0.0,0.0,0.0,0.0,0.0,0.0
1980,19.46,0.0,0.0,0.0,0.0,0.0,0.0,0.0,0.0
1981,19.47,0.0,0.0,0.0,0.0,0.0,0.0,0.0,0.0
1982,19.48,0.0,0.0,0.0,0.0,0.0,0.0,0.0,0.0
1983,19.49,0.0,0.0,0.0,0.0,0.0,0.0,0.0,0.0
1984,19.5,0.0,0.0,0.0,0.0,0.0,0.0,0.0,0.0
1985,19.51,0.0,0.0,0.0,0.0,0.0,0.0,0.0,0.0
1986,19.52,0.0,0.0,0.0,0.0,0.0,0.0,0.0,0.0
1987,19.53,0.0,0.0,0.0,0.0,0.0,0.0,0.0,0.0
1988,19.54,0.0,0.0,0.0,0.0,0.0,0.0,0.0,0.0
1989,19.55,0.0,0.0,0.0,0.0,0.0,0.0,0.0,0.0
1990,19.56,0.0,0.0,0.0,0.0,0.0,0.0,0.0,0.0
1991,19.57,0.0,0.0,0.0,0.0,0.0,0.0,0.0,0.0
1992,19.58,0.0,0.0,0.0,0.0,0.0,0.0,0.0,0.0
1993,19.59,0.0,0.0,0.0,0.0,0.0,0.0,0.0,0.0
1994,19.6,0.0,0.0,0.0,0.0,0.0,0.0,0.0,0.0
1995,19.61,0.0,0.0,0.0,0.0,0.0,0.0,0.0,0.0
1996,19.62,0.0,0.0,0.0,0.0,0.0,0.0,0.0,0.0
1997,19.63,0.0,0.0,0.0,0.0,0.0,0.0,0.0,0.0
1998,19.64,0.0,0.0,0.0,0.0,0.0,0.0,0.0,0.0
1999,19.65,0.0,0.0,0.0,0.0,0.0,0.0,0.0,0.0
2000,19.66,0.0,0.0,0.0,0.0,0.0,0.0,0.0,0.0
2001,19.67,0.0,0.0,0.0,0.0,0.0,0.0,0.0,0.0
2002,19.68,0.0,0.0,0.0,0.0,0.0,0.0,0.0,0.0
2003,19.69,0.0,0.0,0.0,0.0,0.0,0.0,0.0,0.0
2004,19.7,0.0,0.0,0.0,0.0,0.0,0.0,0.0,0.0
2005,19.71,0.0,0.0,0.0,0.0,0.0,0.0,0.0,0.0
2006,19.72,0.0,0.0,0.0,0.0,0.0,0.0,0.0,0.0
2007,19.73,0.0,0.0,0.0,0.0,0.0,0.0,0.0,0.0
2008,19.74,0.0,0.0,0.0,0.0,0.0,0.0,0.0,0.0
2009,19.75,0.0,0.0,0.0,0.0,0.0,0.0,0.0,0.0
2010,19.76,0.0,0.0,0.0,0.0,0.0,0.0,0.0,0.0
2011,19.77,0.0,0.0,0.0,0.0,0.0,0.0,0.0,0.0
2012,19.78,0.0,0.0,0.0,0.0,0.0,0.0,0.0,0.0
2013,19.79,0.0,0.0,0.0,0.0,0.0,0.0,0.0,0.0
2014,19.8,0.0,0.0,0.0,0.0,0.0,0.0,0.0,0.0
2015,19.81,0.0,0.0,0.0,0.0,0.0,0.0,0.0,0.0
2016,19.82,0.0,0.0,0.0,0.0,0.0,0.0,0.0,0.0
2017,19.83,0.0,0.0,0.0,0.0,0.0,0.0,0.0,0.0
2018,19.84,0.0,0.0,0.0,0.0,0.0,0.0,0.0,0.0
2019,19.85,0.0,0.0,0.0,0.0,0.0,0.0,0.0,0.0
2020,19.86,0.0,0.0,0.0,0.0,0.0,0.0,0.0,0.0
2021,19.87,0.0,0.0,0.0,0.0,0.0,0.0,0.0,0.0
2022,19.88,0.0,0.0,0.0,0.0,0.0,0.0,0.0,0.0
2023,19.89,0.0,0.0,0.0,0.0,0.0,0.0,0.0,0.0
2024,19.9,0.0,0.0,0.0,0.0,0.0,0.0,0.0,0.0
2025,19.91,0.0,0.0,0.0,0.0,0.0,0.0,0.0,0.0
2026,19.92,0.0,0.0,0.0,0.0,0.0,0.0,0.0,0.0
2027,19.93,0.0,0.0,0.0,0.0,0.0,0.0,0.0,0.0
2028,19.94,0.0,0.0,0.0,0.0,0.0,0.0,0.0,0.0
2029,19.95,0.0,0.0,0.0,0.0,0.0,0.0,0.0,0.0
2030,19.96,0.0,0.0,0.0,0.0,0.0,0.0,0.0,0.0
2031,19.97,0.0,0.0,0.0,0.0,0.0,0.0,0.0,0.0
2032,19.98,0.0,0.0,0.0,0.0,0.0,0.0,0.0,0.0
2033,19.99,0.0,0.0,0.0,0.0,0.0,0.0,0.0,0.0
2034,20.0,0.0,0.0,0.0,0.0,0.0,0.0,0.0,0.0
2035,20.01,0.0,0.0,0.0,0.0,0.0,0.0,0.0,0.0
2036,20.02,0.0,0.0,0.0,0.0,0.0,0.0,0.0,0.0
2037,20.03,0.0,0.0,0.0,0.0,0.0,0.0,0.0,0.0
2038,20.04,0.0,0.0,0.0,0.0,0.0,0.0,0.0,0.0
2039,20.05,0.0,0.0,0.0,0.0,0.0,0.0,0.0,0.0
2040,20.06,0.0,0.0,0.0,0.0,0.0,0.0,0.0,0.0
2041,20.07,0.0,0.0,0.0,0.0,0.0,0.0,0.0,0.0
2042,20.08,0.0,0.0,0.0,0.0,0.0,0.0,0.0,0.0
2043,20.09,0.0,0.0,0.0,0.0,0.0,0.0,0.0,0.0
2044,20.1,0.0,0.0,0.0,0.0,0.0,0.0,0.0,0.0
2045,20.11,0.0,0.0,0.0,0.0,0.0,0.0,0.0,0.0
2046,20.12,0.0,0.0,0.0,0.0,0.0,0.0,0.0,0.0
2047,20.13,0.0,0.0,0.0,0.0,0.0,0.0,0.0,0.0
2048,20.14,0.0,0.0,0.0,0.0,0.0,0.0,0.0,0.0
2049,20.15,0.0,0.0,0.0,0.0,0.0,0.0,0.0,0.0
2050,20.16,0.0,0.0,0.0,0.0,0.0,0.0,0.0,0.0
2051,20.17,0.0,0.0,0.0,0.0,0.0,0.0,0.0,0.0
2052,20.18,0.0,0.0,0.0,0.0,0.0,0.0,0.0,0.0
2053,20.19,0.0,0.0,0.0,0.0,0.0,0.0,0.0,0.0
2054,20.2,0.0,0.0,0.0,0.0,0.0,0.0,0.0,0.0
2055,20.21,0.0,0.0,0.0,0.0,0.0,0.0,0.0,0.0
2056,20.22,0.0,0.0,0.0,0.0,0.0,0.0,0.0,0.0
2057,20.23,0.0,0.0,0.0,0.0,0.0,0.0,0.0,0.0
2058,20.24,0.0,0.0,0.0,0.0,0.0,0.0,0.0,0.0
2059,20.25,0.0,0.0,0.0,0.0,0.0,0.0,0.0,0.0
2060,20.26,0.0,0.0,0.0,0.0,0.0,0.0,0.0,0.0
2061,20.27,0.0,0.0,0.0,0.0,0.0,0.0,0.0,0.0
2062,20.28,0.0,0.0,0.0,0.0,0.0,0.0,0.0,0.0
2063,20.29,0.0,0.0,0.0,0.0,0.0,0.0,0.0,0.0
2064,20.3,0.0,0.0,0.0,0.0,0.0,0.0,0.0,0.0
2065,20.31,0.0,0.0,0.0,0.0,0.0,0.0,0.0,0.0
2066,20.32,0.0,0.0,0.0,0.0,0.0,0.0,0.0,0.0
2067,20.33,0.0,0.0,0.0,0.0,0.0,0.0,0.0,0.0
2068,20.34,0.0,0.0,0.0,0.0,0.0,0.0,0.0,0.0
2069,20.35,0.0,0.0,0.0,0.0,0.0,0.0,0.0,0.0
2070,20.36,0.0,0.0,0.0,0.0,0.0,0.0,0.0,0.0
2071,20.37,0.0,0.0,0.0,0.0,0.0,0.0,0.0,0.0
2072,20.38,0.0,0.0,0.0,0.0,0.0,0.0,0.0,0.0
2073,20.39,0.0,0.0,0.0,0.0,0.0,0.0,0.0,0.0
2074,20.4,0.0,0.0,0.0,0.0,0.0,0.0,0.0,0.0
2075,20.41,0.0,0.0,0.0,0.0,0.0,0.0,0.0,0.0
2076,20.42,0.0,0.0,0.0,0.0,0.0,0.0,0.0,0.0
2077,20.43,0.0,0.0,0.0,0.0,0.0,0.0,0.0,0.0
2078,20.44,0.0,0.0,0.0,0.0,0.0,0.0,0.0,0.0
2079,20.45,0.0,0.0,0.0,0.0,0.0,0.0,0.0,0.0
2080,20.46,0.0,0.0,0.0,0.0,0.0,0.0,0.0,0.0
2081,20.47,0.0,0.0,0.0,0.0,0.0,0.0,0.0,0.0
2082,20.48,0.0,0.0,0.0,0.0,0.0,0.0,0.0,0.0
2083,20.49,0.0,0.0,0.0,0.0,0.0,0.0,0.0,0.0
2084,20.5,0.0,0.0,0.0,0.0,0.0,0.0,0.0,0.0
2085,20.51,0.0,0.0,0.0,0.0,0.0,0.0,0.0,0.0
2086,20.52,0.0,0.0,0.0,0.0,0.0,0.0,0.0,0.0
2087,20.53,0.0,0.0,0.0,0.0,0.0,0.0,0.0,0.0
2088,20.54,0.0,0.0,0.0,0.0,0.0,0.0,0.0,0.0
2089,20.55,0.0,0.0,0.0,0.0,0.0,0.0,0.0,0.0
2090,20.56,0.0,0.0,0.0,0.0,0.0,0.0,0.0,0.0
2091,20.57,0.0,0.0,0.0,0.0,0.0,0.0,0.0,0.0
2092,20.58,0.0,0.0,0.0,0.0,0.0,0.0,0.0,0.0
2093,20.59,0.0,0.0,0.0,0.0,0.0,0.0,0.0,0.0
2094,20.6,0.0,0.0,0.0,0.0,0.0,0.0,0.0,0.0
2095,20.61,0.0,0.0,0.0,0.0,0.0,0.0,0.0,0.0
2096,20.62,0.0,0.0,0.0,0.0,0.0,0.0,0.0,0.0
2097,20.63,0.0,0.0,0.0,0.0,0.0,0.0,0.0,0.0
2098,20.64,0.0,0.0,0.0,0.0,0.0,0.0,0.0,0.0
2099,20.65,0.0,0.0,0.0,0.0,0.0,0.0,0.0,0.0
2100,20.66,0.0,0.0,0.0,0.0,0.0,0.0,0.0,0.0
2101,20.67,0.0,0.0,0.0,0.0,0.0,0.0,0.0,0.0
2102,20.68,0.0,0.0,0.0,0.0,0.0,0.0,0.0,0.0
2103,20.69,0.0,0.0,0.0,0.0,0.0,0.0,0.0,0.0
2104,20.7,0.0,0.0,0.0,0.0,0.0,0.0,0.0,0.0
2105,20.71,0.0,0.0,0.0,0.0,0.0,0.0,0.0,0.0
2106,20.72,0.0,0.0,0.0,0.0,0.0,0.0,0.0,0.0
2107,20.73,0.0,0.0,0.0,0.0,0.0,0.0,0.0,0.0
2108,20.74,0.0,0.0,0.0,0.0,0.0,0.0,0.0,0.0
2109,20.75,0.0,0.0,0.0,0.0,0.0,0.0,0.0,0.0
2110,20.76,0.0,0.0,0.0,0.0,0.0,0.0,0.0,0.0
2111,20.77,0.0,0.0,0.0,0.0,0.0,0.0,0.0,0.0
2112,20.78,0.0,0.0,0.0,0.0,0.0,0.0,0.0,0.0
2113,20.79,0.0,0.0,0.0,0.0,0.0,0.0,0.0,0.0
2114,20.8,0.0,0.0,0.0,0.0,0.0,0.0,0.0,0.0
2115,20.81,0.0,0.0,0.0,0.0,0.0,0.0,0.0,0.0
2116,20.82,0.0,0.0,0.0,0.0,0.0,0.0,0.0,0.0
2117,20.83,0.0,0.0,0.0,0.0,0.0,0.0,0.0,0.0
2118,20.84,0.0,0.0,0.0,0.0,0.0,0.0,0.0,0.0
2119,20.85,0.0,0.0,0.0,0.0,0.0,0.0,0.0,0.0
2120,20.86,0.0,0.0,0.0,0.0,0.0,0.0,0.0,0.0
2121,20.87,0.0,0.0,0.0,0.0,0.0,0.0,0.0,0.0
2122,20.88,0.0,0.0,0.0,0.0,0.0,0.0,0.0,0.0
2123,20.89,0.0,0.0,0.0,0.0,0.0,0.0,0.0,0.0
2124,20.9,0.0,0.0,0.0,0.0,0.0,0.0,0.0,0.0
2125,20.91,0.0,0.0,0.0,0.0,0.0,0.0,0.0,0.0
2126,20.92,0.0,0.0,0.0,0.0,0.0,0.0,0.0,0.0
2127,20.93,0.0,0.0,0.0,0.0,0.0,0.0,0.0,0.0
2128,20.94,0.0,0.0,0.0,0.0,0.0,0.0,0.0,0.0
2129,20.95,0.0,0.0,0.0,0.0,0.0,0.0,0.0,0.0
2130,20.96,0.0,0.0,0.0,0.0,0.0,0.0,0.0,0.0
2131,20.97,0.0,0.0,0.0,0.0,0.0,0.0,0.0,0.0
2132,20.98,0.0,0.0,0.0,0.0,0.0,0.0,0.0,0.0
2133,20.99,0.0,0.0,0.0,0.0,0.0,0.0,0.0,0.0
2134,21.0,0.0,0.0,0.0,0.0,0.0,0.0,0.0,0.0
2135,21.01,0.0,0.0,0.0,0.0,0.0,0.0,0.0,0.0
2136,21.02,0.0,0.0,0.0,0.0,0.0,0.0,0.0,0.0
2137,21.03,0.0,0.0,0.0,0.0,0.0,0.0,0.0,0.0
2138,21.04,0.0,0.0,0.0,0.0,0.0,0.0,0.0,0.0
2139,21.05,0.0,0.0,0.0,0.0,0.0,0.0,0.0,0.0
2140,21.06,0.0,0.0,0.0,0.0,0.0,0.0,0.0,0.0
2141,21.07,0.0,0.0,0.0,0.0,0.0,0.0,0.0,0.0
2142,21.08,0.0,0.0,0.0,0.0,0.0,0.0,0.0,0.0
2143,21.09,0.0,0.0,0.0,0.0,0.0,0.0,0.0,0.0
2144,21.1,0.0,0.0,0.0,0.0,0.0,0.0,0.0,0.0
2145,21.11,0.0,0.0,0.0,0.0,0.0,0.0,0.0,0.0
2146,21.12,0.0,0.0,0.0,0.0,0.0,0.0,0.0,0.0
2147,21.13,0.0,0.0,0.0,0.0,0.0,0.0,0.0,0.0
2148,21.14,0.0,0.0,0.0,0.0,0.0,0.0,0.0,0.0
2149,21.15,0.0,0.0,0.0,0.0,0.0,0.0,0.0,0.0
2150,21.16,0.0,0.0,0.0,0.0,0.0,0.0,0.0,0.0
2151,21.17,0.0,0.0,0.0,0.0,0.0,0.0,0.0,0.0
2152,21.18,0.0,0.0,0.0,0.0,0.0,0.0,0.0,0.0
2153,21.19,0.0,0.0,0.0,0.0,0.0,0.0,0.0,0.0
2154,21.2,0.0,0.0,0.0,0.0,0.0,0.0,0.0,0.0
2155,21.21,0.0,0.0,0.0,0.0,0.0,0.0,0.0,0.0
2156,21.22,0.0,0.0,0.0,0.0,0.0,0.0,0.0,0.0
2157,21.23,0.0,0.0,0.0,0.0,0.0,0.0,0.0,0.0
2158,21.24,0.0,0.0,0.0,0.0,0.0,0.0,0.0,0.0
2159,21.25,0.0,0.0,0.0,0.0,0.0,0.0,0.0,0.0
2160,21.26,0.0,0.0,0.0,0.0,0.0,0.0,0.0,0.0
2161,21.27,0.0,0.0,0.0,0.0,0.0,0.0,0.0,0.0
2162,21.28,0.0,0.0,0.0,0.0,0.0,0.0,0.0,0.0
2163,21.29,0.0,0.0,0.0,0.0,0.0,0.0,0.0,0.0
2164,21.3,0.0,0.0,0.0,0.0,0.0,0.0,0.0,0.0
2165,21.31,0.0,0.0,0.0,0.0,0.0,0.0,0.0,0.0
2166,21.32,0.0,0.0,0.0,0.0,0.0,0.0,0.0,0.0
2167,21.33,0.0,0.0,0.0,0.0,0.0,0.0,0.0,0.0
2168,21.34,0.0,0.0,0.0,0.0,0.0,0.0,0.0,0.0
2169,21.35,0.0,0.0,0.0,0.0,0.0,0.0,0.0,0.0
2170,21.36,0.0,0.0,0.0,0.0,0.0,0.0,0.0,0.0
2171,21.37,0.0,0.0,0.0,0.0,0.0,0.0,0.0,0.0
2172,21.38,0.0,0.0,0.0,0.0,0.0,0.0,0.0,0.0
2173,21.39,0.0,0.0,0.0,0.0,0.0,0.0,0.0,0.0
2174,21.4,0.0,0.0,0.0,0.0,0.0,0.0,0.0,0.0
2175,21.41,0.0,0.0,0.0,0.0,0.0,0.0,0.0,0.0
2176,21.42,0.0,0.0,0.0,0.0,0.0,0.0,0.0,0.0
2177,21.43,0.0,0.0,0.0,0.0,0.0,0.0,0.0,0.0
2178,21.44,0.0,0.0,0.0,0.0,0.0,0.0,0.0,0.0
2179,21.45,0.0,0.0,0.0,0.0,0.0,0.0,0.0,0.0
2180,21.46,0.0,0.0,0.0,0.0,0.0,0.0,0.0,0.0
2181,21.47,0.0,0.0,0.0,0.0,0.0,0.0,0.0,0.0
2182,21.48,0.0,0.0,0.0,0.0,0.0,0.0,0.0,0.0
2183,21.49,0.0,0.0,0.0,0.0,0.0,0.0,0.0,0.0
2184,21.5,0.0,0.0,0.0,0.0,0.0,0.0,0.0,0.0
2185,21.51,0.0,0.0,0.0,0.0,0.0,0.0,0.0,0.0
2186,21.52,0.0,0.0,0.0,0.0,0.0,0.0,0.0,0.0
2187,21.53,0.0,0.0,0.0,0.0,0.0,0.0,0.0,0.0
2188,21.54,0.0,0.0,0.0,0.0,0.0,0.0,0.0,0.0
2189,21.55,0.0,0.0,0.0,0.0,0.0,0.0,0.0,0.0
2190,21.56,0.0,0.0,0.0,0.0,0.0,0.0,0.0,0.0
2191,21.57,0.0,0.0,0.0,0.0,0.0,0.0,0.0,0.0
2192,21.58,0.0,0.0,0.0,0.0,0.0,0.0,0.0,0.0
2193,21.59,0.0,0.0,0.0,0.0,0.0,0.0,0.0,0.0
2194,21.6,0.0,0.0,0.0,0.0,0.0,0.0,0.0,0.0
2195,21.61,0.0,0.0,0.0,0.0,0.0,0.0,0.0,0.0
2196,21.62,0.0,0.0,0.0,0.0,0.0,0.0,0.0,0.0
2197,21.63,0.0,0.0,0.0,0.0,0.0,0.0,0.0,0.0
2198,21.64,0.0,0.0,0.0,0.0,0.0,0.0,0.0,0.0
2199,21.65,0.0,0.0,0.0,0.0,0.0,0.0,0.0,0.0
2200,21.66,0.0,0.0,0.0,0.0,0.0,0.0,0.0,0.0
2201,21.67,0.0,0.0,0.0,0.0,0.0,0.0,0.0,0.0
2202,21.68,0.0,0.0,0.0,0.0,0.0,0.0,0.0,0.0
2203,21.69,0.0,0.0,0.0,0.0,0.0,0.0,0.0,0.0
2204,21.7,0.0,0.0,0.0,0.0,0.0,0.0,0.0,0.0
2205,21.71,0.0,0.0,0.0,0.0,0.0,0.0,0.0,0.0
2206,21.72,0.0,0.0,0.0,0.0,0.0,0.0,0.0,0.0
2207,21.73,0.0,0.0,0.0,0.0,0.0,0.0,0.0,0.0
