T;Alt;Veloc;Filt_Alt;FVeloc;LDA;LowV;Apogee;N-O;Drogue;Main
0;-10;-200.00;-2.00;-40.00;0;0;0;0;0;0
50;26;720.00;3.60;112.00;0;0;0;0;0;0
100;18;-160.00;6.48;57.60;0;0;0;0;0;0
150;10;-160.00;7.18;14.08;0;0;0;0;0;0
200;44;680.00;14.55;147.26;0;0;0;0;0;0
250;56;240.00;22.84;165.81;0;0;0;0;0;0
300;110;1080.00;40.27;348.65;0;0;0;0;0;0
350;30;-1600.00;38.22;-41.08;0;0;0;0;0;0
400;86;1120.00;47.77;191.14;0;0;0;0;0;0
450;50;-720.00;48.22;8.91;0;0;0;0;0;0
500;60;200.00;50.57;47.13;0;0;0;0;0;0
550;104;880.00;61.26;213.70;0;0;0;0;0;0
600;90;-280.00;67.01;114.96;0;0;0;0;0;0
650;110;400.00;75.61;171.97;0;0;0;0;0;0
700;144;680.00;89.28;273.57;0;0;0;0;0;0
750;140;-80.00;99.43;202.86;0;0;0;0;0;0
800;122;-360.00;103.94;90.29;0;0;0;0;0;0
850;264;2840.00;135.95;640.23;0;0;0;0;0;0
900;478;4280.00;204.36;1368.18;478;0;0;0;0;0
950;872;7880.00;337.89;2670.55;0;0;0;0;0;0
1000;976;2080.00;465.51;2552.44;0;0;976;0;0;0
1050;874;-2040.00;547.21;1633.95;0;0;0;0;0;0
1100;628;-4920.00;563.37;323.16;0;0;0;0;0;0
1150;538;-1800.00;558.29;-101.47;0;0;0;0;0;0
1200;652;2280.00;577.04;374.82;0;0;0;0;0;0
1250;874;4440.00;636.43;1187.86;0;0;0;0;0;0
1300;960;1720.00;701.14;1294.29;0;0;0;0;0;0
1350;862;-1960.00;733.31;643.43;0;0;0;0;0;0
1400;662;-4000.00;719.05;-285.26;0;0;0;0;0;0
1450;534;-2560.00;682.04;-740.21;0;0;0;0;0;0
1500;488;-920.00;643.23;-776.16;0;0;0;0;0;0
1550;448;-800.00;604.19;-780.93;0;0;0;0;0;0
1600;486;760.00;580.55;-472.75;0;0;0;0;0;0
1650;484;-40.00;561.24;-386.20;0;0;0;0;0;0
1700;454;-600.00;539.79;-428.96;0;0;0;0;0;0
1750;480;520.00;527.83;-239.17;0;0;0;0;0;0
1800;468;-240.00;515.87;-239.33;0;0;0;0;0;0
1850;518;1000.00;516.29;8.53;0;0;0;0;0;0
1900;486;-640.00;510.23;-121.17;0;0;0;0;0;0
1950;484;-40.00;504.99;-104.94;0;0;0;0;0;0
2000;470;-280.00;497.99;-139.95;0;0;0;0;0;0
2050;496;520.00;497.59;-7.96;0;0;0;0;0;0
2100;496;0.00;497.27;-6.37;0;0;0;0;0;0
2150;488;-160.00;495.42;-37.09;0;0;0;0;0;0
2200;550;1240.00;506.34;218.32;0;0;0;0;0;0
2250;458;-1840.00;496.67;-193.34;0;0;0;0;0;0
2300;590;2640.00;515.33;373.33;0;0;0;0;0;0
2350;494;-1920.00;511.07;-85.34;0;0;0;0;0;0
2400;508;280.00;510.45;-12.27;0;0;0;0;0;0
2450;526;360.00;513.56;62.18;0;0;0;0;0;0
2500;504;-440.00;511.65;-38.25;0;0;0;0;0;0
2550;544;800.00;518.12;129.40;0;0;0;0;0;0
2600;510;-680.00;516.50;-32.48;0;0;0;0;0;0
2650;510;0.00;515.20;-25.99;0;0;0;0;0;0
2700;504;-120.00;512.96;-44.79;0;0;0;0;0;0
2750;520;320.00;514.37;28.17;0;0;0;0;0;0
2800;514;-120.00;514.29;-1.46;0;0;0;0;0;0
2850;518;80.00;515.03;14.83;0;0;0;0;0;0
2900;526;160.00;517.23;43.86;0;0;0;0;0;0
2950;562;720.00;526.18;179.09;0;0;0;0;0;0
3000;560;-40.00;532.95;135.27;0;0;0;0;0;0
3050;518;-840.00;529.96;-59.78;0;0;0;0;0;0
3100;516;-40.00;527.17;-55.83;0;0;0;0;0;0
3150;518;40.00;525.33;-36.66;0;0;0;0;0;0
3200;520;40.00;524.27;-21.33;0;0;0;0;0;0
3250;518;-40.00;523.01;-25.06;0;0;0;0;0;0
3300;552;680.00;528.81;115.95;0;0;0;0;0;0
3350;546;-120.00;532.25;68.76;0;0;0;0;0;0
3400;536;-200.00;533.00;15.01;0;0;0;0;0;0
3450;544;160.00;535.20;44.01;0;0;0;0;0;0
3500;530;-280.00;534.16;-20.79;0;0;0;0;0;0
3550;550;400.00;537.33;63.36;0;0;0;0;0;0
3600;554;80.00;540.66;66.69;0;0;0;0;0;0
3650;518;-720.00;536.13;-90.65;0;0;0;0;0;0
3700;466;-1040.00;522.10;-280.52;0;0;0;0;0;0
3750;512;920.00;520.08;-40.41;0;0;0;0;0;0
3800;530;360.00;522.07;39.67;0;0;0;0;0;0
3850;500;-600.00;517.65;-88.27;0;0;0;0;0;0
3900;514;280.00;516.92;-14.61;0;0;0;0;0;0
3950;536;440.00;520.74;76.31;0;0;0;0;0;0
4000;524;-240.00;521.39;13.05;0;0;0;0;0;0
4050;536;240.00;524.31;58.44;0;0;0;0;0;0
4100;560;480.00;531.45;142.75;0;0;0;0;0;0
4150;532;-560.00;531.56;2.20;0;0;0;0;0;0
4200;502;-600.00;525.65;-118.24;0;0;0;0;0;0
4250;538;720.00;528.12;49.41;0;0;0;0;0;0
4300;566;560.00;535.69;151.53;0;0;0;0;0;0
4350;516;-1000.00;531.76;-78.78;0;0;0;0;0;0
4400;510;-120.00;527.40;-87.02;0;0;0;0;0;0
4450;506;-80.00;523.12;-85.62;0;0;0;0;0;0
4500;540;680.00;526.50;67.50;0;0;0;0;0;0
4550;548;160.00;530.80;86.00;0;0;0;0;0;0
4600;552;80.00;535.04;84.80;0;0;0;0;0;0
4650;574;440.00;542.83;155.84;0;0;0;0;0;0
4700;474;-2000.00;529.07;-275.33;0;0;0;0;0;0
4750;500;520.00;523.25;-116.26;0;0;0;0;0;0
4800;538;760.00;526.20;58.99;0;0;0;0;0;0
4850;510;-560.00;522.96;-64.81;0;0;0;0;0;0
4900;488;-440.00;515.97;-139.84;0;0;0;0;0;0
4950;492;80.00;511.18;-95.88;0;0;0;0;0;0
5000;488;-80.00;506.54;-92.70;0;0;0;0;0;0
5050;520;640.00;509.23;53.84;0;0;0;0;0;0
5100;568;960.00;520.99;235.07;0;0;0;0;0;0
5150;480;-1760.00;512.79;-163.94;0;0;0;0;0;0
5200;514;680.00;513.03;4.85;0;0;0;0;0;0
5250;476;-760.00;505.62;-148.12;0;0;0;0;0;0
5300;468;-160.00;498.10;-150.50;0;0;0;0;0;0
5350;470;40.00;492.48;-112.40;0;0;0;0;0;0
5400;510;800.00;495.98;70.08;0;0;0;0;0;0
5450;510;0.00;498.79;56.06;0;0;0;0;0;0
5500;478;-640.00;494.63;-83.15;0;0;0;0;0;0
5550;474;-80.00;490.50;-82.52;0;0;0;0;0;0
5600;460;-280.00;484.40;-122.01;0;0;0;0;0;0
5650;508;960.00;489.12;94.39;0;0;0;0;0;0
5700;466;-840.00;484.50;-92.49;0;0;0;0;0;0
5750;442;-480.00;476.00;-169.99;0;0;0;0;0;0
5800;486;880.00;478.00;40.01;0;0;0;0;0;0
5850;494;160.00;481.20;64.01;0;0;0;0;0;0
5900;440;-1080.00;472.96;-164.80;0;0;0;0;0;0
5950;452;240.00;468.77;-83.84;0;0;0;0;0;0
6000;480;560.00;471.01;44.93;0;0;0;0;0;0
6050;470;-200.00;470.81;-4.06;0;0;0;0;0;0
6100;528;1160.00;482.25;228.76;0;0;0;0;0;0
6150;466;-1240.00;479.00;-65.00;0;0;0;0;0;0
6200;484;360.00;480.00;20.00;0;0;0;0;0;0
6250;406;-1560.00;465.20;-296.00;0;0;0;0;0;0
6300;416;200.00;455.36;-196.80;0;0;0;0;0;0
6350;406;-200.00;445.49;-197.44;0;0;0;0;0;0
6400;404;-40.00;437.19;-165.95;0;0;0;0;0;0
6450;392;-240.00;428.15;-180.76;0;0;0;0;0;0
6500;390;-40.00;420.52;-152.61;0;0;0;0;0;0
6550;398;160.00;416.02;-90.09;0;0;0;0;0;0
6600;370;-560.00;406.81;-184.07;0;0;0;0;0;0
6650;356;-280.00;396.65;-203.26;0;0;0;0;0;0
6700;400;880.00;397.32;13.40;0;0;0;0;0;0
6750;360;-800.00;389.86;-149.28;0;0;0;0;0;0
6800;370;200.00;385.89;-79.43;0;0;0;0;0;0
6850;340;-600.00;376.71;-183.54;0;0;0;0;0;0
6900;352;240.00;371.77;-98.83;0;0;0;0;0;0
6950;356;80.00;368.61;-63.07;0;0;0;0;0;0
7000;338;-360.00;362.49;-122.45;0;0;0;0;0;0
7050;336;-40.00;357.19;-105.96;0;0;0;0;0;0
7100;364;560.00;358.55;27.23;0;0;0;0;0;0
7150;372;160.00;361.24;53.78;0;0;0;0;0;0
7200;340;-640.00;356.99;-84.97;0;0;0;0;0;0
7250;350;200.00;355.60;-27.98;0;0;0;0;0;0
7300;310;-800.00;346.48;-182.38;0;0;0;0;0;0
7350;348;760.00;346.78;6.09;0;0;0;0;0;0
7400;326;-440.00;342.62;-83.12;0;0;0;0;0;0
7450;328;40.00;339.70;-58.50;0;0;0;0;0;0
7500;290;-760.00;329.76;-198.80;0;0;0;0;0;0
7550;312;440.00;326.21;-71.04;0;0;0;0;0;0
7600;338;520.00;328.57;47.17;0;0;0;0;0;0
7650;340;40.00;330.85;45.73;0;0;0;0;0;0
7700;308;-640.00;326.28;-91.41;0;0;0;0;0;0
7750;316;160.00;324.23;-41.13;0;0;0;0;0;0
7800;284;-640.00;316.18;-160.90;0;0;0;0;0;0
7850;350;1320.00;322.94;135.28;0;0;0;0;0;0
7900;312;-760.00;320.76;-43.78;0;0;0;0;0;0
7950;306;-120.00;317.80;-59.02;0;0;0;0;0;0
8000;354;960.00;325.04;144.78;0;0;0;0;0;0
8050;348;-120.00;329.63;91.83;0;0;0;0;0;0
8100;268;-1600.00;317.31;-246.54;0;0;0;0;0;0
8150;312;880.00;316.25;-21.23;0;0;0;0;0;0
8200;276;-720.00;308.20;-160.99;0;0;0;0;0;0
8250;288;240.00;304.16;-80.79;0;0;0;0;0;0
8300;306;360.00;304.53;7.37;0;0;0;0;0;0
8350;274;-640.00;298.42;-122.10;0;0;0;0;0;0
8400;286;240.00;295.94;-49.68;0;0;0;0;0;0
8450;282;-80.00;293.15;-55.75;0;0;0;0;0;0
8500;250;-640.00;284.52;-172.60;0;0;0;0;0;0
8550;302;1040.00;288.02;69.92;0;0;0;0;0;0
8600;248;-1080.00;280.01;-160.06;0;0;0;0;0;0
8650;302;1080.00;284.41;87.95;0;0;0;0;0;0
8700;266;-720.00;280.73;-73.64;0;0;0;0;0;0
8750;238;-560.00;272.18;-170.91;0;0;0;0;0;0
8800;252;280.00;268.15;-80.73;0;0;0;0;0;0
8850;258;120.00;266.12;-40.58;0;0;0;0;0;0
8900;236;-440.00;260.09;-120.47;0;0;0;0;0;0
8950;290;1080.00;266.07;119.63;0;0;0;0;0;0
9000;264;-520.00;265.66;-8.30;0;0;0;0;0;0
9050;290;520.00;270.53;97.36;0;0;0;0;0;0
9100;268;-440.00;270.02;-10.11;0;0;0;0;0;0
9150;300;640.00;276.02;119.91;0;0;0;0;0;0
9200;216;-1680.00;264.01;-240.07;0;0;0;0;0;0
9250;206;-200.00;252.41;-232.06;0;0;0;0;0;0
9300;266;1200.00;255.13;54.35;0;0;0;0;0;0
9350;252;-280.00;254.50;-12.52;0;0;0;0;0;0
9400;232;-400.00;250.00;-90.01;0;0;0;0;0;0
9450;240;160.00;248.00;-40.01;0;0;0;0;0;0
9500;212;-560.00;240.80;-144.01;0;0;0;0;0;0
9550;200;-240.00;232.64;-163.21;0;0;0;0;0;0
9600;278;1560.00;241.71;181.43;0;0;0;0;0;0
9650;204;-1480.00;234.17;-150.85;0;0;0;0;0;0
9700;208;80.00;228.94;-104.68;0;0;0;0;0;0
9750;218;200.00;226.75;-43.75;0;0;0;0;0;0
9800;196;-440.00;220.60;-123.00;0;0;0;0;0;0
9850;174;-440.00;211.28;-186.40;0;0;0;0;0;0
9900;198;480.00;208.62;-53.12;0;0;0;0;0;0
9950;196;-40.00;206.10;-50.49;0;0;0;0;0;0
10000;214;360.00;207.68;31.60;0;0;0;0;0;0
10050;196;-360.00;205.34;-46.72;0;0;0;0;0;0
10100;264;1360.00;217.07;234.63;0;0;0;0;0;0
10150;206;-1160.00;214.86;-44.30;0;0;0;0;0;0
10200;182;-480.00;208.29;-131.44;0;0;0;0;0;0
10250;180;-40.00;202.63;-113.15;0;0;0;0;0;0
10300;198;360.00;201.70;-18.52;0;0;0;0;0;0
10350;194;-80.00;200.16;-30.82;0;0;0;0;0;0
10400;200;120.00;200.13;-0.65;0;0;0;0;0;0
10450;232;640.00;206.50;127.48;0;0;0;0;0;0
10500;180;-1040.00;201.20;-106.02;0;0;0;0;0;0
10550;230;1000.00;206.96;115.19;0;0;0;0;0;0
10600;168;-1240.00;199.17;-155.85;0;0;0;0;0;0
10650;164;-80.00;192.14;-140.68;0;0;0;0;0;0
10700;154;-200.00;184.51;-152.55;0;0;0;0;0;0
10750;196;840.00;186.81;45.96;0;0;0;0;0;0
10800;214;360.00;192.25;108.77;0;0;0;0;0;0
10850;140;-1480.00;181.80;-208.98;0;0;0;0;0;0
10900;176;720.00;180.64;-23.19;0;0;0;0;0;0
10950;208;640.00;186.11;109.45;0;0;0;0;0;0
11000;196;-240.00;188.09;39.56;0;0;0;0;0;0
11050;216;400.00;193.67;111.65;0;0;0;0;0;0
11100;190;-520.00;192.94;-14.68;0;0;0;0;0;0
11150;238;960.00;201.95;180.26;0;0;0;0;0;0
11200;150;-1760.00;191.56;-207.80;0;0;0;0;0;0
11250;146;-80.00;182.45;-182.24;0;0;0;0;0;0
11300;134;-240.00;172.76;-193.79;0;0;0;0;0;0
11350;172;760.00;172.61;-3.03;0;0;0;0;0;0
11400;106;-1320.00;159.29;-266.43;0;0;0;0;0;0
11450;136;600.00;154.63;-93.14;0;0;0;0;0;0
11500;126;-200.00;148.90;-114.51;0;0;0;0;0;0
11550;124;-40.00;143.92;-99.61;0;0;0;0;0;0
11600;126;40.00;140.34;-71.69;0;0;0;0;0;0
11650;108;-360.00;133.87;-129.35;0;0;0;0;0;0
11700;100;-160.00;127.10;-135.48;0;0;0;0;0;0
11750;164;1280.00;134.48;147.62;0;0;0;0;0;0
11800;130;-680.00;133.58;-17.91;0;0;0;0;0;0
11850;158;560.00;138.47;97.67;0;0;0;0;0;0
11900;132;-520.00;137.17;-25.86;0;0;0;0;0;0
11950;132;0.00;136.14;-20.69;0;0;0;0;0;0
12000;138;120.00;136.51;7.45;0;0;0;0;0;0
12050;104;-680.00;130.01;-130.04;0;0;0;0;0;0
12100;66;-760.00;117.21;-256.03;0;0;0;0;0;0
12150;152;1720.00;124.17;139.17;0;0;0;0;0;0
12200;80;-1440.00;115.33;-176.66;0;0;0;0;0;0
12250;170;1800.00;126.27;218.67;0;0;0;0;0;0
12300;98;-1440.00;120.61;-113.06;0;0;0;0;0;0
12350;144;920.00;125.29;93.55;0;0;0;0;0;0
12400;124;-400.00;125.03;-5.16;0;0;0;0;0;0
12450;100;-480.00;120.03;-100.13;0;0;0;0;0;0
12500;52;-960.00;106.42;-272.10;0;0;0;0;0;0
12550;84;640.00;101.94;-89.68;0;0;0;0;0;0
12600;64;-400.00;94.35;-151.75;0;0;0;0;0;0
12650;118;1080.00;99.08;94.60;0;0;0;0;0;0
12700;56;-1240.00;90.46;-172.32;0;0;0;0;0;0
12750;90;680.00;90.37;-1.85;0;0;0;0;0;0
12800;124;680.00;97.10;134.52;0;0;0;0;0;0
12850;68;-1120.00;91.28;-116.39;0;0;0;0;0;0
12900;114;920.00;95.82;90.89;0;0;0;0;0;0
12950;142;560.00;105.06;184.71;0;0;0;0;0;0
13000;26;-2320.00;89.25;-316.23;0;0;0;0;0;0
13050;50;480.00;81.40;-156.98;0;0;0;0;0;0
13100;98;960.00;84.72;66.41;0;0;0;0;0;0
13150;48;-1000.00;77.37;-146.87;0;0;0;0;0;0
13200;130;1640.00;87.90;210.50;0;0;0;0;0;0
13250;50;-1600.00;80.32;-151.60;0;0;0;0;0;0
13300;68;360.00;77.86;-49.28;0;0;0;0;0;0
13350;32;-720.00;68.68;-183.42;0;0;0;0;0;0
13400;58;520.00;66.55;-42.74;0;0;0;0;0;0
13450;26;-640.00;58.44;-162.19;0;0;0;0;0;0
13500;44;360.00;55.55;-57.75;0;0;0;0;0;0
13550;82;760.00;60.84;105.80;0;0;0;0;0;0
13600;90;160.00;66.67;116.64;0;0;0;0;0;0
13650;78;-240.00;68.94;45.31;0;0;0;0;0;0
13700;50;-560.00;65.15;-75.75;0;0;0;0;0;0
13750;32;-360.00;58.52;-132.60;0;0;0;0;0;0
13800;32;0.00;53.22;-106.08;0;0;0;0;0;0
13850;58;520.00;54.17;19.14;0;0;0;0;0;0
13900;42;-320.00;51.74;-48.69;0;0;0;0;0;0
13950;-2;-880.00;40.99;-214.95;0;0;0;0;0;0
14000;38;800.00;40.39;-11.96;0;0;0;0;0;0
14050;74;720.00;47.11;134.43;0;0;0;0;0;0
14100;38;-720.00;45.29;-36.46;0;0;0;0;0;0
14150;48;200.00;45.83;10.84;0;0;0;0;0;0
14200;42;-120.00;45.07;-15.33;0;0;0;0;0;0
14250;54;240.00;46.85;35.73;0;0;0;0;0;0
14300;30;-480.00;43.48;-67.41;0;0;0;0;0;0
14350;16;-280.00;37.99;-109.93;0;0;0;0;0;0
14400;34;360.00;37.19;-15.94;0;0;0;0;0;0
14450;20;-280.00;33.75;-68.76;0;0;0;0;0;0
14500;-26;-920.00;21.80;-239.00;0;0;0;0;0;0
14550;-4;440.00;16.64;-103.20;0;0;0;0;0;0
14600;26;600.00;18.51;37.44;0;0;0;0;0;0
14650;-22;-960.00;10.41;-162.05;0;0;0;0;0;0
14700;18;800.00;11.93;30.36;0;0;0;0;0;0
14750;54;720.00;20.34;168.29;0;0;0;0;0;0
14800;72;360.00;30.67;206.63;0;0;0;0;0;0
14850;40;-640.00;32.54;37.30;0;0;0;0;0;0
14900;24;-320.00;30.83;-34.16;0;0;0;0;0;0
14950;12;-240.00;27.07;-75.33;0;0;0;0;0;0
15000;10;-40.00;23.65;-68.26;0;0;0;0;0;0
15050;84;1480.00;35.72;241.39;0;0;0;0;0;0
15100;20;-1280.00;32.58;-62.89;0;0;0;0;0;0
15150;20;0.00;30.06;-50.31;0;0;0;0;0;0
15200;16;-80.00;27.25;-56.25;0;0;0;0;0;0
15250;-30;-920.00;15.80;-229.00;0;0;0;0;0;0
15300;-20;200.00;8.64;-143.20;0;0;0;0;0;0
15350;14;680.00;9.71;21.44;0;0;0;0;0;0
15400;-26;-800.00;2.57;-142.85;0;0;0;0;0;0
15450;6;640.00;3.26;13.72;0;0;0;0;0;0
15500;-18;-480.00;-1.00;-85.02;0;0;0;0;0;0
15550;20;760.00;3.20;83.98;0;0;0;0;0;0
15600;-20;-800.00;-1.44;-92.81;0;0;0;0;0;0
15650;-8;240.00;-2.75;-26.25;0;0;0;0;0;0
15700;8;320.00;-0.60;43.00;0;0;0;0;0;0
15750;16;160.00;2.72;66.40;0;0;0;0;0;0
15800;16;0.00;5.38;53.12;0;0;0;0;0;0
15850;44;560.00;13.10;154.50;0;0;0;0;0;0
15900;-44;-1760.00;1.68;-228.40;0;0;0;0;0;0
15950;22;1320.00;5.74;81.28;0;0;0;0;0;0
16000;10;-240.00;6.60;17.02;0;0;0;0;0;0
16050;-6;-320.00;4.08;-50.38;0;0;0;0;0;0
16100;-22;-320.00;-1.14;-104.31;0;0;0;0;0;0
16150;-44;-440.00;-9.71;-171.44;0;0;0;0;0;0
16200;-8;720.00;-9.37;6.84;0;0;0;0;0;0
16250;-16;-160.00;-10.70;-26.52;0;0;0;0;0;0
16300;2;360.00;-8.16;50.78;0;0;0;0;0;0
16350;6;80.00;-5.32;56.62;0;0;0;0;0;0
16400;-18;-480.00;-7.86;-50.70;0;0;0;0;0;0
16450;0;360.00;-6.29;31.44;0;0;0;0;0;0
16500;6;120.00;-3.83;49.15;0;0;0;0;0;0
16550;-12;-360.00;-5.46;-32.68;0;0;0;0;0;0
16600;12;480.00;-1.97;69.86;0;0;0;0;0;0
16650;40;560.00;6.42;167.89;0;0;0;0;0;0
16700;4;-720.00;5.94;-9.69;0;0;0;0;0;0
16750;-14;-360.00;1.95;-79.75;0;0;0;0;0;0
16800;-6;160.00;0.36;-31.80;0;0;0;0;0;0
16850;-4;40.00;-0.51;-17.44;0;0;0;0;0;0
16900;32;720.00;5.99;130.05;0;0;0;0;0;0
16950;28;-80.00;10.39;88.04;0;0;0;0;0;0
17000;-4;-640.00;7.51;-57.57;0;0;0;0;0;0
17050;-14;-200.00;3.21;-86.06;0;0;0;0;0;0
17100;0;280.00;2.57;-12.85;0;0;0;0;0;0
17150;-4;-80.00;1.26;-26.28;0;0;0;0;0;0
17200;-4;0.00;0.20;-21.02;0;0;0;0;0;0
17250;-6;-40.00;-1.04;-24.82;0;0;0;0;0;0
17300;-34;-560.00;-7.63;-131.85;0;0;0;0;0;0
17350;-10;480.00;-8.10;-9.48;0;0;0;0;0;0
17400;-18;-160.00;-10.08;-39.59;0;0;0;0;0;0
17450;-46;-560.00;-17.27;-143.67;0;0;0;0;0;0
17500;-22;480.00;-18.21;-18.94;0;0;0;0;0;0
17550;-24;-40.00;-19.37;-23.15;0;0;0;0;0;0
17600;34;1160.00;-8.70;213.48;0;0;0;0;0;0
17650;-30;-1280.00;-12.96;-85.21;0;0;0;0;0;0
17700;-18;240.00;-13.97;-20.17;0;0;0;0;0;0
17750;-66;-960.00;-24.37;-208.14;0;0;0;0;0;0
17800;8;1480.00;-17.90;129.49;0;0;0;0;0;0
17850;-18;-520.00;-17.92;-0.41;0;0;0;0;0;0
17900;-54;-720.00;-25.13;-144.33;0;0;0;0;0;0
17950;34;1760.00;-13.31;236.54;0;0;0;0;0;0
18000;-22;-1120.00;-15.05;-34.77;0;0;0;0;0;0
18050;4;520.00;-11.24;76.18;0;0;0;0;0;0
18100;0;-80.00;-8.99;44.95;0;0;0;0;0;0
18150;-20;-400.00;-11.19;-44.04;0;0;0;0;0;0
18200;56;1520.00;2.25;268.77;0;0;0;0;0;0
18250;-24;-1600.00;-3.00;-104.99;0;0;0;0;0;0
18300;4;560.00;-1.60;28.01;0;0;0;0;0;0
18350;-14;-360.00;-4.08;-49.59;0;0;0;0;0;0
18400;30;880.00;2.73;136.33;0;0;0;0;0;0
18450;-18;-960.00;-1.41;-82.94;0;0;0;0;0;0
18500;32;1000.00;5.27;133.65;0;0;0;0;0;0
18550;6;-520.00;5.42;2.92;0;0;0;0;0;0
18600;2;-80.00;4.73;-13.66;0;0;0;0;0;0
18650;-42;-880.00;-4.61;-186.93;0;0;0;0;0;0
18700;6;960.00;-2.49;42.45;0;0;0;0;0;0
18750;28;440.00;3.61;121.96;0;0;0;0;0;0
18800;72;880.00;17.29;273.57;0;0;0;0;0;0
18850;-62;-2680.00;1.43;-317.14;0;0;0;0;0;0
18900;18;1600.00;4.74;66.29;0;0;0;0;0;0
18950;72;1080.00;18.19;269.03;0;0;0;0;0;0
19000;-26;-1960.00;9.36;-176.78;0;0;0;0;0;0
19050;-6;400.00;6.28;-61.42;0;0;0;0;0;0
19100;0;120.00;5.03;-25.14;0;0;0;0;0;0
19150;-8;-160.00;2.42;-52.11;0;0;0;0;0;0
19200;-22;-280.00;-2.46;-97.69;0;0;0;0;0;0
19250;-20;40.00;-5.97;-70.15;0;0;0;0;0;0
19300;-22;-40.00;-9.18;-64.12;0;0;0;0;0;0
19350;-20;40.00;-11.34;-43.30;0;0;0;0;0;0
19400;32;1040.00;-2.67;173.36;0;0;0;0;0;0
19450;16;-320.00;1.06;74.69;0;0;0;0;0;0
19500;-10;-520.00;-1.15;-44.25;0;0;0;0;0;0
19550;0;200.00;-0.92;4.60;0;0;0;0;0;0
19600;0;0.00;-0.74;3.68;0;0;0;0;0;0
19650;-36;-720.00;-7.79;-141.05;0;0;0;0;0;0
19700;-8;560.00;-7.83;-0.84;0;0;0;0;0;0
19750;-30;-440.00;-12.26;-88.68;0;0;0;0;0;0
19800;-16;280.00;-13.01;-14.94;0;0;0;0;0;0
19850;2;360.00;-10.01;60.05;0;0;0;0;0;0
19900;48;920.00;1.59;232.04;0;0;0;0;0;0
19950;-20;-1360.00;-2.73;-86.37;0;0;0;0;0;0
20000;-12;160.00;-4.58;-37.10;0;0;0;0;0;0
20050;2;280.00;-3.26;26.32;0;0;0;0;0;0
20100;-14;-320.00;-5.41;-42.94;0;0;0;0;0;0
20150;-6;160.00;-5.53;-2.35;0;0;0;0;0;0
20200;-16;-200.00;-7.62;-41.88;0;0;0;0;0;0
20250;-12;80.00;-8.50;-17.51;0;0;0;0;0;0
20300;10;440.00;-4.80;74.00;0;0;0;0;0;0
20350;-10;-400.00;-5.84;-20.80;0;0;0;0;0;0
20400;-22;-240.00;-9.07;-64.64;0;0;0;0;0;0
20450;-22;0.00;-11.66;-51.71;0;0;0;0;0;0
20500;-32;-200.00;-15.73;-81.37;0;0;0;0;0;0
20550;-18;280.00;-16.18;-9.10;0;0;0;0;0;0
20600;-22;-80.00;-17.34;-23.28;0;0;0;0;0;0
20650;38;1200.00;-6.28;221.38;0;0;0;0;0;0
20700;-18;-1120.00;-8.62;-46.90;0;0;0;0;0;0
20750;-36;-360.00;-14.10;-109.52;0;0;0;0;0;0
20800;30;1320.00;-5.28;176.39;0;0;0;0;0;0
20850;36;120.00;2.98;165.11;0;0;0;0;0;0
20900;-4;-800.00;1.58;-27.91;0;0;0;0;0;0
20950;26;600.00;6.47;97.67;0;0;0;0;0;0
21000;22;-80.00;9.57;62.14;0;0;0;0;0;0
21050;50;560.00;17.66;161.71;0;0;0;0;0;0
21100;68;360.00;27.73;201.37;0;0;0;0;0;0
21150;-32;-2000.00;15.78;-238.91;0;0;0;0;0;0
21200;30;1240.00;18.63;56.87;0;0;0;0;0;0
21250;4;-520.00;15.70;-58.50;0;0;0;0;0;0
21300;-8;-240.00;10.96;-94.80;0;0;0;0;0;0
21350;-18;-200.00;5.17;-115.84;0;0;0;0;0;0
21400;-10;160.00;2.13;-60.67;0;0;0;0;0;0
21450;6;320.00;2.91;15.46;0;0;0;0;0;0
21500;0;-120.00;2.33;-11.63;0;0;0;0;0;0
21550;-12;-240.00;-0.54;-57.30;0;0;0;0;0;0
21600;16;560.00;2.77;66.16;0;0;0;0;0;0
21650;-22;-760.00;-2.19;-99.07;0;0;0;0;0;0
21700;-10;240.00;-3.75;-31.26;0;0;0;0;0;0
21750;-42;-640.00;-11.40;-153.01;0;0;0;0;0;0
21800;-14;560.00;-11.92;-10.41;0;0;0;0;0;0
21850;48;1240.00;0.06;239.68;0;0;0;0;0;0
21900;-6;-1080.00;-1.15;-24.26;0;0;0;0;0;0
21950;2;160.00;-0.52;12.59;0;0;0;0;0;0
22000;12;200.00;1.99;50.07;0;0;0;0;0;0
22050;-26;-760.00;-3.61;-111.94;0;0;0;0;0;0
22100;-22;80.00;-7.29;-73.55;0;0;0;0;0;0
22150;-6;320.00;-7.03;5.16;0;0;0;0;0;0
22200;-24;-360.00;-10.43;-67.87;0;0;0;0;0;0
22250;-14;200.00;-11.14;-14.30;0;0;0;0;0;0
22300;-10;80.00;-10.91;4.56;0;0;0;0;0;0
22350;0;200.00;-8.73;43.65;0;0;0;0;0;0
22400;-8;-160.00;-8.58;2.92;0;0;0;0;0;0
22450;6;280.00;-5.67;58.34;0;0;0;0;0;0
22500;-16;-440.00;-7.73;-41.33;0;0;0;0;0;0
22550;54;1400.00;4.61;246.93;0;0;0;0;0;0
22600;-20;-1480.00;-0.31;-98.45;0;0;0;0;0;0
22650;-38;-360.00;-7.85;-150.76;0;0;0;0;0;0
22700;30;1360.00;-0.28;151.39;0;0;0;0;0;0
22750;24;-120.00;4.58;97.11;0;0;0;0;0;0
22800;4;-400.00;4.46;-2.31;0;0;0;0;0;0
22850;56;1040.00;14.77;206.15;0;0;0;0;0;0
22900;-4;-1200.00;11.02;-75.08;0;0;0;0;0;0
22950;22;520.00;13.21;43.94;0;0;0;0;0;0
23000;80;1160.00;26.57;267.15;0;0;0;0;0;0
23050;52;-560.00;31.66;101.72;0;0;0;0;0;0
23100;6;-920.00;26.52;-102.62;0;0;0;0;0;0
23150;32;520.00;27.62;21.90;0;0;0;0;0;0
23200;-4;-720.00;21.30;-126.48;0;0;0;0;0;0
23250;-22;-360.00;12.64;-173.18;0;0;0;0;0;0
23300;18;800.00;13.71;21.45;0;0;0;0;0;0
23350;-32;-1000.00;4.57;-182.84;0;0;0;0;0;0
23400;48;1600.00;13.25;173.73;0;0;0;0;0;0
23450;16;-640.00;13.80;10.98;0;0;0;0;0;0
23500;40;480.00;19.04;104.79;0;0;0;0;0;0
23550;40;0.00;23.23;83.83;0;0;0;0;0;0
23600;6;-680.00;19.79;-68.94;0;0;0;0;0;0
23650;58;1040.00;27.43;152.85;0;0;0;0;0;0
23700;-14;-1440.00;19.14;-165.72;0;0;0;0;0;0
23750;60;1480.00;27.32;163.42;0;0;0;0;0;0
23800;18;-840.00;25.45;-37.26;0;0;0;0;0;0
23850;22;80.00;24.76;-13.81;0;0;0;0;0;0
23900;16;-120.00;23.01;-35.05;0;0;0;0;0;0
23950;28;240.00;24.01;19.96;0;0;0;0;0;0
24000;-16;-880.00;16.01;-160.03;0;0;0;0;0;0
24050;-6;200.00;11.60;-88.02;0;0;0;0;0;0
24100;0;120.00;9.28;-46.42;0;0;0;0;0;0
24150;42;840.00;15.83;130.86;0;0;0;0;0;0
24200;-10;-1040.00;10.66;-103.31;0;0;0;0;0;0
24250;-40;-600.00;0.53;-202.65;0;0;0;0;0;0
24300;18;1160.00;4.02;69.88;0;0;0;0;0;0
24350;52;680.00;13.62;191.91;0;0;0;0;0;0
24400;-28;-1600.00;5.30;-166.48;0;0;0;0;0;0
24450;36;1280.00;11.44;122.82;0;0;0;0;0;0
24500;-34;-1400.00;2.35;-181.74;0;0;0;0;0;0
24550;-30;80.00;-4.12;-129.40;0;0;0;0;0;0
24600;-30;0.00;-9.30;-103.52;0;0;0;0;0;0
24650;-24;120.00;-12.24;-58.81;0;0;0;0;0;0
24700;16;800.00;-6.59;112.95;0;0;0;0;0;0
24750;0;-320.00;-5.27;26.36;0;0;0;0;0;0
24800;56;1120.00;6.98;245.09;0;0;0;0;0;0
24850;48;-160.00;15.19;164.07;0;0;0;0;0;0
24900;20;-560.00;16.15;19.26;0;0;0;0;0;0
24950;-12;-640.00;10.52;-112.60;0;0;0;0;0;0
25000;22;680.00;12.82;45.92;0;0;0;0;0;0
25050;2;-400.00;10.65;-43.26;0;0;0;0;0;0
25100;10;160.00;10.52;-2.61;0;0;0;0;0;0
25150;22;240.00;12.82;45.91;0;0;0;0;0;0
25200;2;-400.00;10.65;-43.27;0;0;0;0;0;0
25250;8;120.00;10.12;-10.62;0;0;0;0;0;0
25300;14;120.00;10.90;15.51;0;0;0;0;0;0
25350;-24;-760.00;3.92;-139.59;0;0;0;0;0;0
25400;-38;-280.00;-4.46;-167.68;0;0;0;0;0;0
25450;-24;280.00;-8.37;-78.14;0;0;0;0;0;0
25500;26;1000.00;-1.50;137.49;0;0;0;0;0;0
25550;52;520.00;9.20;213.99;0;0;0;0;0;0
25600;22;-600.00;11.76;51.19;0;0;0;0;0;0
25650;12;-200.00;11.81;0.95;0;0;0;0;0;0
25700;12;0.00;11.85;0.76;0;0;0;0;0;0
25750;-4;-320.00;8.68;-63.39;0;0;0;0;0;0
25800;26;600.00;12.14;69.29;0;0;0;0;0;0
25850;-14;-800.00;6.91;-104.57;0;0;0;0;0;0
25900;2;320.00;5.93;-19.66;0;0;0;0;0;0
25950;20;360.00;8.74;56.28;0;0;0;0;0;0
26000;38;360.00;14.60;117.02;0;0;0;0;0;0
26050;-42;-1600.00;3.28;-226.38;0;0;0;0;0;0
26100;-30;240.00;-3.38;-133.11;0;0;0;0;0;0
26150;18;960.00;0.90;85.51;0;0;0;0;0;0
26200;-38;-1120.00;-6.88;-155.59;0;0;0;0;0;0
26250;-2;720.00;-5.91;19.53;0;0;0;0;0;0
26300;-12;-200.00;-7.12;-24.38;0;0;0;0;0;0
26350;20;640.00;-1.70;108.50;0;0;0;0;0;0
26400;-16;-720.00;-4.56;-57.20;0;0;0;0;0;0
26450;28;880.00;1.95;130.24;0;0;0;0;0;0
26500;10;-360.00;3.56;32.19;0;0;0;0;0;0
26550;-42;-1040.00;-5.55;-182.25;0;0;0;0;0;0
26600;-4;760.00;-5.24;6.20;0;0;0;0;0;0
26650;12;320.00;-1.79;68.96;0;0;0;0;0;0
26700;80;1360.00;14.57;327.17;0;0;0;0;0;0
26750;62;-360.00;24.05;189.74;0;0;0;0;0;0
26800;-22;-1680.00;14.84;-184.21;0;0;0;0;0;0
26850;20;840.00;15.87;20.63;0;0;0;0;0;0
26900;-12;-640.00;10.30;-111.50;0;0;0;0;0;0
26950;-16;-80.00;5.04;-105.20;0;0;0;0;0;0
27000;0;320.00;4.03;-20.16;0;0;0;0;0;0
27050;18;360.00;6.83;55.87;0;0;0;0;0;0
27100;12;-120.00;7.86;20.70;0;0;0;0;0;0
27150;-16;-560.00;3.09;-95.44;0;0;0;0;0;0
27200;-12;80.00;0.07;-60.35;0;0;0;0;0;0
27250;4;320.00;0.86;15.72;0;0;0;0;0;0
27300;-42;-920.00;-7.71;-171.43;0;0;0;0;0;0
27350;0;840.00;-6.17;30.86;0;0;0;0;0;0
27400;40;800.00;3.06;184.69;0;0;0;0;0;0
27450;-34;-1480.00;-4.35;-148.25;0;0;0;0;0;0
27500;32;1320.00;2.92;145.40;0;0;0;0;0;0
27550;18;-280.00;5.94;60.32;0;0;0;0;0;0
27600;2;-320.00;5.15;-15.74;0;0;0;0;0;0
27650;4;40.00;4.92;-4.60;0;0;0;0;0;0
27700;28;480.00;9.54;92.32;0;0;0;0;0;0
27750;52;480.00;18.03;169.86;0;0;0;0;0;0
27800;-40;-1840.00;6.42;-232.11;0;0;0;0;0;0
27850;-4;720.00;4.34;-41.69;0;0;0;0;0;0
27900;0;80.00;3.47;-17.35;0;0;0;0;0;0
27950;-2;-40.00;2.38;-21.88;0;0;0;0;0;0
28000;0;40.00;1.90;-9.51;0;0;0;0;0;0
28050;18;360.00;5.12;64.40;0;0;0;0;0;0
28100;-50;-1360.00;-5.90;-220.48;0;0;0;0;0;0
28150;32;1640.00;1.68;151.61;0;0;0;0;0;0
28200;26;-120.00;6.54;97.29;0;0;0;0;0;0
28250;44;360.00;14.03;149.83;0;0;0;0;0;0
28300;-12;-1120.00;8.83;-104.13;0;0;0;0;0;0
28350;46;1160.00;16.26;148.69;0;0;0;0;0;0
28400;22;-480.00;17.41;22.95;0;0;0;0;0;0
28450;-14;-720.00;11.13;-125.64;0;0;0;0;0;0
28500;22;720.00;13.30;43.49;0;0;0;0;0;0
28550;48;520.00;20.24;138.79;0;0;0;0;0;0
28600;-28;-1520.00;10.59;-192.97;0;0;0;0;0;0
28650;62;1800.00;20.87;205.63;0;0;0;0;0;0
28700;26;-720.00;21.90;20.50;0;0;0;0;0;0
28750;-44;-1400.00;8.72;-263.60;0;0;0;0;0;0
28800;12;1120.00;9.38;13.12;0;0;0;0;0;0
28850;38;520.00;15.10;114.50;0;0;0;0;0;0
28900;54;320.00;22.88;155.60;0;0;0;0;0;0
28950;52;-40.00;28.70;116.48;0;0;0;0;0;0
29000;6;-920.00;24.16;-90.82;0;0;0;0;0;0
29050;16;200.00;22.53;-32.65;0;0;0;0;0;0
29100;22;120.00;22.42;-2.12;0;0;0;0;0;0
29150;2;-400.00;18.34;-81.70;0;0;0;0;0;0
29200;10;160.00;16.67;-33.36;0;0;0;0;0;0
29250;28;360.00;18.94;45.31;0;0;0;0;0;0
29300;32;80.00;21.55;52.25;0;0;0;0;0;0
29350;24;-160.00;22.04;9.80;0;0;0;0;0;0
29400;52;560.00;28.03;119.84;0;0;0;0;0;0
29450;70;360.00;36.43;167.87;0;0;0;0;0;0
29500;-16;-1720.00;25.94;-209.70;0;0;0;0;0;0
29550;-62;-920.00;8.35;-351.76;0;0;0;0;0;0
29600;64;2520.00;19.48;222.59;0;0;0;0;0;0
29650;106;840.00;36.79;346.07;0;0;0;0;0;0
29700;40;-1320.00;37.43;12.86;0;0;0;0;0;0
29750;18;-440.00;33.54;-77.71;0;0;0;0;0;0
29800;-24;-840.00;22.03;-230.17;0;0;0;0;0;0
29850;10;680.00;19.63;-48.14;0;0;0;0;0;0
29900;-26;-720.00;10.50;-182.51;0;0;0;0;0;0
29950;26;1040.00;13.60;61.99;0;0;0;0;0;0
30000;22;-80.00;15.28;33.59;0;0;0;0;0;0
30050;44;440.00;21.02;114.88;0;0;0;0;0;0
30100;38;-120.00;24.42;67.90;0;0;0;0;0;0
30150;-6;-880.00;18.34;-121.68;0;0;0;0;0;0
30200;16;440.00;17.87;-9.34;0;0;0;0;0;0
30250;12;-80.00;16.70;-23.48;0;0;0;0;0;0
30300;-8;-400.00;11.76;-98.78;0;0;0;0;0;0
30350;18;520.00;13.00;24.98;0;0;0;0;0;0
30400;46;560.00;19.60;131.98;0;0;0;0;0;0
30450;-2;-960.00;15.28;-86.42;0;0;0;0;0;0
30500;-86;-1680.00;-4.97;-405.13;0;0;0;0;0;0
30550;56;2840.00;7.22;243.89;0;0;0;0;0;0
30600;30;-520.00;11.78;91.12;0;0;0;0;0;0
30650;52;440.00;19.82;160.89;0;0;0;0;0;0
30700;30;-440.00;21.86;40.71;0;0;0;0;0;0
30750;20;-200.00;21.49;-7.43;0;0;0;0;0;0
30800;50;600.00;27.19;114.06;0;0;0;0;0;0
30850;18;-640.00;25.35;-36.75;0;0;0;0;0;0
30900;44;520.00;29.08;74.60;0;0;0;0;0;0
30950;16;-560.00;26.46;-52.32;0;0;0;0;0;0
31000;12;-80.00;23.57;-57.86;0;0;0;0;0;0
31050;42;600.00;27.26;73.71;0;0;0;0;0;0
31100;34;-160.00;28.61;26.97;0;0;0;0;0;0
31150;22;-240.00;27.28;-26.42;0;0;0;0;0;0
31200;18;-80.00;25.43;-37.14;0;0;0;0;0;0
31250;-4;-440.00;19.54;-117.71;0;0;0;0;0;0
31300;22;520.00;20.03;9.83;0;0;0;0;0;0
31350;42;400.00;24.43;87.86;0;0;0;0;0;0
31400;40;-40.00;27.54;62.29;0;0;0;0;0;0
31450;2;-760.00;22.43;-102.17;0;0;0;0;0;0
31500;28;520.00;23.55;22.27;0;0;0;0;0;0
31550;30;40.00;24.84;25.81;0;0;0;0;0;0
31600;8;-440.00;21.47;-67.35;0;0;0;0;0;0
31650;18;200.00;20.78;-13.88;0;0;0;0;0;0
31700;6;-240.00;17.82;-59.10;0;0;0;0;0;0
31750;-2;-160.00;13.86;-79.28;0;0;0;0;0;0
31800;24;520.00;15.89;40.57;0;0;0;0;0;0
31850;-34;-1160.00;5.91;-199.54;0;0;0;0;0;0
31900;18;1040.00;8.33;48.37;0;0;0;0;0;0
31950;14;-80.00;9.46;22.69;0;0;0;0;0;0
32000;28;280.00;13.17;74.16;0;0;0;0;0;0
32050;26;-40.00;15.74;51.32;0;0;0;0;0;0
32100;4;-440.00;13.39;-46.94;0;0;0;0;0;0
32150;42;760.00;19.11;114.45;0;0;0;0;0;0
32200;22;-400.00;19.69;11.56;0;0;0;0;0;0
32250;-14;-720.00;12.95;-134.75;0;0;0;0;0;0
32300;8;440.00;11.96;-19.80;0;0;0;0;0;0
32350;28;400.00;15.17;64.16;0;0;0;0;0;0
32400;42;280.00;20.53;107.33;0;0;0;0;0;0
32450;2;-800.00;16.83;-74.14;0;0;0;0;0;0
32500;34;640.00;20.26;68.69;0;0;0;0;0;0
32550;-18;-1040.00;12.61;-153.05;0;0;0;0;0;0
32600;48;1320.00;19.69;141.56;0;0;0;0;0;0
32650;0;-960.00;15.75;-78.75;0;0;0;0;0;0
32700;-32;-640.00;6.20;-191.00;0;0;0;0;0;0
32750;-14;360.00;2.16;-80.80;0;0;0;0;0;0
32800;100;2280.00;21.73;391.36;0;0;0;0;0;0
32850;46;-1080.00;26.58;97.09;0;0;0;0;0;0
32900;24;-440.00;26.07;-10.33;0;0;0;0;0;0
32950;0;-480.00;20.85;-104.26;0;0;0;0;0;0
33000;14;280.00;19.48;-27.41;0;0;0;0;0;0
33050;-28;-840.00;9.99;-189.93;0;0;0;0;0;0
33100;-2;520.00;7.59;-47.94;0;0;0;0;0;0
33150;18;400.00;9.67;41.65;0;0;0;0;0;0
33200;26;160.00;12.94;65.32;0;0;0;0;0;0
33250;26;0.00;15.55;52.25;0;0;0;0;0;0
33300;-12;-760.00;10.04;-110.20;0;0;0;0;0;0
33350;4;320.00;8.83;-24.16;0;0;0;0;0;0
33400;74;1400.00;21.87;260.67;0;0;0;0;0;0
33450;-8;-1640.00;15.89;-119.46;0;0;0;0;0;0
33500;10;360.00;14.71;-23.57;0;0;0;0;0;0
33550;2;-160.00;12.17;-50.86;0;0;0;0;0;0
33600;20;360.00;13.74;31.32;0;0;0;0;0;0
33650;14;-120.00;13.79;1.05;0;0;0;0;0;0
33700;-2;-320.00;10.63;-63.16;0;0;0;0;0;0
33750;-12;-200.00;6.11;-90.53;0;0;0;0;0;0
33800;28;800.00;10.48;87.58;0;0;0;0;0;0
33850;40;240.00;16.39;118.06;0;0;0;0;0;0
33900;12;-560.00;15.51;-17.55;0;0;0;0;0;0
33950;28;320.00;18.01;49.96;0;0;0;0;0;0
34000;28;0.00;20.01;39.97;0;0;0;0;0;0
34050;2;-520.00;16.41;-72.03;0;0;0;0;0;0
34100;22;400.00;17.52;22.38;0;0;0;0;0;0
34150;14;-160.00;16.82;-14.10;0;0;0;0;0;0
34200;4;-200.00;14.26;-51.28;0;0;0;0;0;0
34250;44;800.00;20.20;118.98;0;0;0;0;0;0
34300;12;-640.00;18.56;-32.82;0;0;0;0;0;0
34350;36;480.00;22.05;69.75;0;0;0;0;0;0
34400;54;360.00;28.44;127.80;0;0;0;0;0;0
34450;-16;-1400.00;19.55;-177.76;0;0;0;0;0;0
34500;26;840.00;20.84;25.79;0;0;0;0;0;0
34550;50;480.00;26.67;116.63;0;0;0;0;0;0
34600;62;240.00;33.74;141.31;0;0;0;0;0;0
34650;20;-840.00;30.99;-54.96;0;0;0;0;0;0
34700;20;0.00;28.79;-43.96;0;0;0;0;0;0
34750;4;-320.00;23.83;-99.17;0;0;0;0;0;0
34800;14;200.00;21.87;-39.34;0;0;0;0;0;0
34850;26;240.00;22.69;16.53;0;0;0;0;0;0
34900;18;-160.00;21.76;-18.78;0;0;0;0;0;0
34950;14;-80.00;20.20;-31.02;0;0;0;0;0;0
35000;16;40.00;19.36;-16.82;0;0;0;0;0;0
35050;52;720.00;25.89;130.55;0;0;0;0;0;0
35100;12;-800.00;23.11;-55.56;0;0;0;0;0;0
35150;30;360.00;24.49;27.55;0;0;0;0;0;0
35200;22;-160.00;23.99;-9.96;0;0;0;0;0;0
35250;32;200.00;25.59;32.03;0;0;0;0;0;0
35300;10;-440.00;22.47;-62.37;0;0;0;0;0;0
35350;6;-80.00;19.18;-65.90;0;0;0;0;0;0
35400;-28;-680.00;9.74;-188.72;0;0;0;0;0;0
35450;36;1280.00;15.00;105.02;0;0;0;0;0;0
35500;-24;-1200.00;7.20;-155.98;0;0;0;0;0;0
35550;42;1320.00;14.16;139.22;0;0;0;0;0;0
35600;6;-720.00;12.53;-32.63;0;0;0;0;0;0
35650;18;240.00;13.62;21.90;0;0;0;0;0;0
35700;2;-320.00;11.30;-46.48;0;0;0;0;0;0
35750;18;320.00;12.64;26.81;0;0;0;0;0;0
35800;36;360.00;17.31;93.45;0;0;0;0;0;0
35850;12;-480.00;16.25;-21.24;0;0;0;0;0;0
35900;28;320.00;18.60;47.01;0;0;0;0;0;0
35950;24;-80.00;19.68;21.61;0;0;0;0;0;0
36000;-2;-520.00;15.34;-86.71;0;0;0;0;0;0
36050;28;600.00;17.87;50.63;0;0;0;0;0;0
36100;30;40.00;20.30;48.50;0;0;0;0;0;0
36150;0;-600.00;16.24;-81.20;0;0;0;0;0;0
36200;2;40.00;13.39;-56.96;0;0;0;0;0;0
36250;0;-40.00;10.71;-53.57;0;0;0;0;0;0
36300;-8;-160.00;6.97;-74.85;0;0;0;0;0;0
36350;36;880.00;12.78;116.12;0;0;0;0;0;0
36400;0;-720.00;10.22;-51.11;0;0;0;0;0;0
36450;50;1000.00;18.18;159.12;0;0;0;0;0;0
36500;38;-240.00;22.14;79.29;0;0;0;0;0;0
36550;46;160.00;26.91;95.43;0;0;0;0;0;0
36600;-14;-1200.00;18.73;-163.65;0;0;0;0;0;0
36650;-14;0.00;12.18;-130.92;0;0;0;0;0;0
36700;0;280.00;9.75;-48.74;0;0;0;0;0;0
36750;0;0.00;7.80;-38.99;0;0;0;0;0;0
36800;-12;-240.00;3.84;-79.19;0;0;0;0;0;0
36850;0;240.00;3.07;-15.35;0;0;0;0;0;0
36900;-4;-80.00;1.66;-28.28;0;0;0;0;0;0
36950;-18;-280.00;-2.27;-78.63;0;0;0;0;0;0
37000;12;600.00;0.58;57.10;0;0;0;0;0;0
37050;0;-240.00;0.46;-2.32;0;0;0;0;0;0
37100;-26;-520.00;-4.83;-105.86;0;0;0;0;0;0
37150;30;1120.00;2.14;139.31;0;0;0;0;0;0
37200;26;-80.00;6.91;95.45;0;0;0;0;0;0
37250;38;240.00;13.13;124.36;0;0;0;0;0;0
37300;50;240.00;20.50;147.49;0;0;0;0;0;0
37350;6;-880.00;17.60;-58.01;0;0;0;0;0;0
37400;42;720.00;22.48;97.59;0;0;0;0;0;0
37450;-42;-1680.00;9.59;-257.93;0;0;0;0;0;0
37500;2;880.00;8.07;-30.34;0;0;0;0;0;0
37550;32;600.00;12.85;95.73;0;0;0;0;0;0
37600;24;-160.00;15.08;44.58;0;0;0;0;0;0
37650;36;240.00;19.27;83.67;0;0;0;0;0;0
37700;18;-360.00;19.01;-5.07;0;0;0;0;0;0
37750;14;-80.00;18.01;-20.05;0;0;0;0;0;0
37800;0;-280.00;14.41;-72.04;0;0;0;0;0;0
37850;22;440.00;15.93;30.37;0;0;0;0;0;0
37900;-10;-640.00;10.74;-103.71;0;0;0;0;0;0
37950;14;480.00;11.39;13.03;0;0;0;0;0;0
38000;8;-120.00;10.71;-13.57;0;0;0;0;0;0
38050;2;-120.00;8.97;-34.86;0;0;0;0;0;0
38100;38;720.00;14.78;116.11;0;0;0;0;0;0
38150;6;-640.00;13.02;-35.11;0;0;0;0;0;0
38200;22;320.00;14.82;35.91;0;0;0;0;0;0
38250;-52;-1480.00;1.45;-267.27;0;0;0;0;0;0
38300;16;1360.00;4.36;58.18;0;0;0;0;0;0
38350;22;120.00;7.89;70.55;0;0;0;0;0;0
38400;16;-120.00;9.51;32.44;0;0;0;0;0;0
38450;54;760.00;18.41;177.95;0;0;0;0;0;0
38500;60;120.00;26.73;166.36;0;0;0;0;0;0
38550;24;-720.00;26.18;-10.91;0;0;0;0;0;0
38600;32;160.00;27.35;23.27;0;0;0;0;0;0
38650;2;-600.00;22.28;-101.38;0;0;0;0;0;0
38700;4;40.00;18.62;-73.11;0;0;0;0;0;0
38750;14;200.00;17.70;-18.49;0;0;0;0;0;0
38800;44;600.00;22.96;105.21;0;0;0;0;0;0
38850;18;-520.00;21.97;-19.83;0;0;0;0;0;0
38900;2;-320.00;17.97;-79.86;0;0;0;0;0;0
38950;-8;-200.00;12.78;-103.89;0;0;0;0;0;0
39000;-6;40.00;9.02;-75.11;0;0;0;0;0;0
39050;0;120.00;7.22;-36.09;0;0;0;0;0;0
39100;26;520.00;10.97;75.13;0;0;0;0;0;0
39150;-2;-560.00;8.38;-51.90;0;0;0;0;0;0
39200;-8;-120.00;5.10;-65.52;0;0;0;0;0;0
39250;4;240.00;4.88;-4.41;0;0;0;0;0;0
39300;14;200.00;6.71;36.47;0;0;0;0;0;0
39350;-32;-920.00;-1.03;-154.83;0;0;0;0;0;0
39400;28;1200.00;4.77;116.14;0;0;0;0;0;0
39450;44;320.00;12.62;156.91;0;0;0;0;0;0
39500;16;-560.00;13.29;13.53;0;0;0;0;0;0
39550;38;440.00;18.24;98.82;0;0;0;0;0;0
39600;-8;-920.00;12.99;-104.94;0;0;0;0;0;0
39650;26;680.00;15.59;52.05;0;0;0;0;0;0
39700;-24;-1000.00;7.67;-158.36;0;0;0;0;0;0
39750;-4;400.00;5.34;-46.69;0;0;0;0;0;0
39800;-2;40.00;3.87;-29.35;0;0;0;0;0;0
39850;-2;0.00;2.70;-23.48;0;0;0;0;0;0
39900;14;320.00;4.96;45.21;0;0;0;0;0;0
39950;8;-120.00;5.57;12.17;0;0;0;0;0;0
40000;-6;-280.00;3.25;-46.26;0;0;0;0;0;0
40050;8;280.00;4.20;18.99;0;0;0;0;0;0
40100;12;80.00;5.76;31.19;0;0;0;0;0;0
40150;10;-40.00;6.61;16.95;0;0;0;0;0;0
40200;68;1160.00;18.89;245.56;0;0;0;0;0;0
40250;12;-1120.00;17.51;-27.55;0;0;0;0;0;0
40300;6;-120.00;15.21;-46.04;0;0;0;0;0;0
40350;46;800.00;21.37;123.17;0;0;0;0;0;0
40400;42;-80.00;25.49;82.53;0;0;0;0;0;0
40450;-44;-1720.00;11.59;-277.97;0;0;0;0;0;0
40500;-6;760.00;8.08;-70.38;0;0;0;0;0;0
40550;2;160.00;6.86;-24.30;0;0;0;0;0;0
40600;-2;-80.00;5.09;-35.44;0;0;0;0;0;0
40650;14;320.00;6.87;35.65;0;0;0;0;0;0
40700;20;120.00;9.50;52.52;0;0;0;0;0;0
40750;18;-40.00;11.20;34.01;0;0;0;0;0;0
40800;0;-360.00;8.96;-44.79;0;0;0;0;0;0
40850;40;800.00;15.17;124.17;0;0;0;0;0;0
40900;8;-640.00;13.73;-28.66;0;0;0;0;0;0
40950;4;-80.00;11.79;-38.93;0;0;0;0;0;0
41000;16;240.00;12.63;16.85;0;0;0;0;0;0
41050;0;-320.00;10.10;-50.52;0;0;0;0;0;0
41100;10;200.00;10.08;-0.41;0;0;0;0;0;0
41150;-14;-480.00;5.27;-96.33;0;0;0;0;0;0
41200;24;760.00;9.01;74.94;0;0;0;0;0;0
41250;-40;-1280.00;-0.79;-196.05;0;0;0;0;0;0
41300;74;2280.00;14.17;299.16;0;0;0;0;0;0
41350;-10;-1680.00;9.33;-96.67;0;0;0;0;0;0
41400;0;200.00;7.47;-37.34;0;0;0;0;0;0
41450;0;0.00;5.97;-29.87;0;0;0;0;0;0
41500;10;200.00;6.78;16.10;0;0;0;0;0;0
41550;12;40.00;7.82;20.88;0;0;0;0;0;0
41600;30;360.00;12.26;88.71;0;0;0;0;0;0
41650;4;-520.00;10.61;-33.04;0;0;0;0;0;0
41700;6;40.00;9.69;-18.43;0;0;0;0;0;0
41750;24;360.00;12.55;57.26;0;0;0;0;0;0
41800;-2;-520.00;9.64;-58.19;0;0;0;0;0;0
41850;8;200.00;9.31;-6.56;0;0;0;0;0;0
41900;46;760.00;16.65;146.76;0;0;0;0;0;0
41950;0;-920.00;13.32;-66.60;0;0;0;0;0;0
42000;6;120.00;11.86;-29.28;0;0;0;0;0;0
42050;-6;-240.00;8.28;-71.42;0;0;0;0;0;0
42100;24;600.00;11.43;62.86;0;0;0;0;0;0
42150;-8;-640.00;7.54;-77.71;0;0;0;0;0;0
42200;-4;80.00;5.23;-46.17;0;0;0;0;0;0
42250;16;400.00;7.39;43.07;0;0;0;0;0;0
42300;4;-240.00;6.71;-13.55;0;0;0;0;0;0
42350;-18;-440.00;1.77;-98.84;0;0;0;0;0;0
42400;14;640.00;4.21;48.93;0;0;0;0;0;0
42450;-26;-800.00;-1.83;-120.86;0;0;0;0;0;0
42500;44;1400.00;7.34;183.32;0;0;0;0;0;0
42550;-8;-1040.00;4.27;-61.35;0;0;0;0;0;0
42600;20;560.00;7.42;62.92;0;0;0;0;0;0
42650;12;-160.00;8.33;18.34;0;0;0;0;0;0
42700;-6;-360.00;5.47;-57.33;0;0;0;0;0;0
42750;22;560.00;8.77;66.14;0;0;0;0;0;0
42800;14;-160.00;9.82;20.91;0;0;0;0;0;0
42850;16;40.00;11.05;24.73;0;0;0;0;0;0
42900;0;-320.00;8.84;-44.22;0;0;0;0;0;0
42950;-2;-40.00;6.67;-43.37;0;0;0;0;0;0
43000;22;480.00;9.74;61.30;0;0;0;0;0;0
43050;4;-360.00;8.59;-22.96;0;0;0;0;0;0
43100;16;240.00;10.07;29.63;0;0;0;0;0;0
43150;40;480.00;16.06;119.71;0;0;0;0;0;0
43200;38;-40.00;20.45;87.76;0;0;0;0;0;0
43250;-24;-1240.00;11.56;-177.79;0;0;0;0;0;0
43300;2;520.00;9.65;-38.23;0;0;0;0;0;0
43350;38;720.00;15.32;113.42;0;0;0;0;0;0
43400;-34;-1440.00;5.45;-197.27;0;0;0;0;0;0
43450;14;960.00;7.16;34.19;0;0;0;0;0;0
43500;32;360.00;12.13;99.35;0;0;0;0;0;0
43550;20;-240.00;13.70;31.48;0;0;0;0;0;0
43600;14;-120.00;13.76;1.18;0;0;0;0;0;0
43650;4;-200.00;11.81;-39.05;0;0;0;0;0;0
43700;8;80.00;11.05;-15.24;0;0;0;0;0;0
43750;20;240.00;12.84;35.81;0;0;0;0;0;0
43800;2;-360.00;10.67;-43.36;0;0;0;0;0;0
43850;12;200.00;10.94;5.32;0;0;0;0;0;0
43900;30;360.00;14.75;76.25;0;0;0;0;0;0
43950;8;-440.00;13.40;-27.00;0;0;0;0;0;0
44000;22;280.00;15.12;34.40;0;0;0;0;0;0
44050;40;360.00;20.10;99.52;0;0;0;0;0;0
44100;30;-200.00;22.08;39.62;0;0;0;0;0;0
44150;28;-40.00;23.26;23.69;0;0;0;0;0;0
44200;48;400.00;28.21;98.95;0;0;0;0;0;0
44250;8;-800.00;24.17;-80.84;0;0;0;0;0;0
44300;44;720.00;28.13;79.33;0;0;0;0;0;0
44350;46;40.00;31.71;71.46;0;0;0;0;0;0
44400;-2;-960.00;24.97;-134.83;0;0;0;0;0;0
44450;28;600.00;25.57;12.14;0;0;0;0;0;0
44500;42;280.00;28.86;65.71;0;0;0;0;0;0
44550;12;-600.00;25.49;-67.43;0;0;0;0;0;0
44600;8;-80.00;21.99;-69.95;0;0;0;0;0;0
44650;0;-160.00;17.59;-87.96;0;0;0;0;0;0
44700;26;520.00;19.27;33.63;0;0;0;0;0;0
44750;18;-160.00;19.02;-5.09;0;0;0;0;0;0
44800;24;120.00;20.01;19.93;0;0;0;0;0;0
44850;12;-240.00;18.41;-32.06;0;0;0;0;0;0
44900;4;-160.00;15.53;-57.65;0;0;0;0;0;0
44950;12;160.00;14.82;-14.12;0;0;0;0;0;0
45000;10;-40.00;13.86;-19.29;0;0;0;0;0;0
45050;18;160.00;14.69;16.56;0;0;0;0;0;0
45100;-28;-920.00;6.15;-170.75;0;0;0;0;0;0
45150;28;1120.00;10.52;87.40;0;0;0;0;0;0
45200;-64;-1840.00;-4.38;-298.08;0;0;0;0;0;0
45250;2;1320.00;-3.11;25.54;0;0;0;0;0;0
45300;-2;-80.00;-2.89;4.43;0;0;0;0;0;0
45350;12;280.00;0.09;59.54;0;0;0;0;0;0
45400;-16;-560.00;-3.13;-64.37;0;0;0;0;0;0
45450;16;640.00;0.70;76.51;0;0;0;0;0;0
45500;-18;-680.00;-3.04;-74.79;0;0;0;0;0;0
45550;34;1040.00;4.37;148.17;0;0;0;0;0;0
45600;6;-560.00;4.69;6.53;0;0;0;0;0;0
45650;10;80.00;5.75;21.23;0;0;0;0;0;0
45700;38;560.00;12.20;128.98;0;0;0;0;0;0
45750;0;-760.00;9.76;-48.82;0;0;0;0;0;0
45800;24;480.00;12.61;56.95;0;0;0;0;0;0
45850;-8;-640.00;8.49;-82.44;0;0;0;0;0;0
45900;0;160.00;6.79;-33.95;0;0;0;0;0;0
45950;8;160.00;7.03;4.84;0;0;0;0;0;0
46000;4;-80.00;6.43;-12.13;0;0;0;0;0;0
46050;-4;-160.00;4.34;-41.70;0;0;0;0;0;0
46100;8;240.00;5.07;14.64;0;0;0;0;0;0
46150;70;1240.00;18.06;259.71;0;0;0;0;0;0
46200;-50;-2400.00;4.45;-272.23;0;0;0;0;0;0
46250;-38;240.00;-4.04;-169.79;0;0;0;0;0;0
46300;-30;160.00;-9.23;-103.83;0;0;0;0;0;0
46350;-10;400.00;-9.39;-3.06;0;0;0;0;0;0
46400;-2;160.00;-7.91;29.55;0;0;0;0;0;0
46450;-16;-280.00;-9.53;-32.36;0;0;0;0;0;0
46500;-38;-440.00;-15.22;-113.89;0;0;0;0;0;0
46550;-14;480.00;-14.98;4.89;0;0;0;0;0;0
46600;-40;-520.00;-19.98;-100.09;0;0;0;0;0;0
46650;-12;560.00;-18.39;31.93;0;0;0;0;0;0
46700;4;320.00;-13.91;89.54;0;0;0;0;0;0
46750;8;80.00;-9.53;87.63;0;0;0;0;0;0
46800;-2;-200.00;-8.02;30.11;0;0;0;0;0;0
46850;-34;-640.00;-13.22;-103.91;0;0;0;0;0;0
46900;-12;440.00;-12.97;4.87;0;0;0;0;0;0
46950;-4;160.00;-11.18;35.90;0;0;0;0;0;0
47000;-18;-280.00;-12.54;-27.28;0;0;0;0;0;0
47050;-8;200.00;-11.63;18.17;0;0;0;0;0;0
47100;20;560.00;-5.31;126.54;0;0;0;0;0;0
47150;12;-160.00;-1.85;69.23;0;0;0;0;0;0
47200;-10;-440.00;-3.48;-32.62;0;0;0;0;0;0
47250;40;1000.00;5.22;173.91;0;0;0;0;0;0
47300;56;320.00;15.37;203.13;0;0;0;0;0;0
47350;-54;-2200.00;1.50;-277.50;0;0;0;0;0;0
47400;-2;1040.00;0.80;-14.00;0;0;0;0;0;0
47450;4;120.00;1.44;12.80;0;0;0;0;0;0
47500;-54;-1160.00;-9.65;-221.76;0;0;0;0;0;0
47550;28;1640.00;-2.12;150.59;0;0;0;0;0;0
47600;20;-160.00;2.31;88.47;0;0;0;0;0;0
47650;-18;-760.00;-1.76;-81.22;0;0;0;0;0;0
47700;30;960.00;4.60;127.02;0;0;0;0;0;0
47750;-2;-640.00;3.28;-26.38;0;0;0;0;0;0
47800;-4;-40.00;1.82;-29.11;0;0;0;0;0;0
47850;-20;-320.00;-2.54;-87.28;0;0;0;0;0;0
47900;0;400.00;-2.03;10.17;0;0;0;0;0;0
47950;-4;-80.00;-2.43;-7.86;0;0;0;0;0;0
48000;20;480.00;2.06;89.71;0;0;0;0;0;0
48050;2;-360.00;2.05;-0.23;0;0;0;0;0;0
48100;28;520.00;7.24;103.81;0;0;0;0;0;0
48150;52;480.00;16.19;179.05;0;0;0;0;0;0
48200;-34;-1720.00;6.15;-200.76;0;0;0;0;0;0
48250;24;1160.00;9.72;71.39;0;0;0;0;0;0
48300;28;80.00;13.38;73.11;0;0;0;0;0;0
48350;-2;-600.00;10.30;-61.51;0;0;0;0;0;0
48400;18;400.00;11.84;30.79;0;0;0;0;0;0
48450;-6;-480.00;8.27;-71.37;0;0;0;0;0;0
48500;-12;-120.00;4.22;-81.09;0;0;0;0;0;0
48550;6;360.00;4.57;7.13;0;0;0;0;0;0
48600;32;520.00;10.06;109.70;0;0;0;0;0;0
48650;2;-600.00;8.45;-32.24;0;0;0;0;0;0
48700;2;0.00;7.16;-25.79;0;0;0;0;0;0
48750;30;560.00;11.73;91.37;0;0;0;0;0;0
48800;0;-600.00;9.38;-46.91;0;0;0;0;0;0
48850;-6;-120.00;6.31;-61.53;0;0;0;0;0;0
48900;-8;-40.00;3.44;-57.22;0;0;0;0;0;0
48950;20;560.00;6.76;66.22;0;0;0;0;0;0
49000;44;480.00;14.20;148.98;0;0;0;0;0;0
49050;2;-840.00;11.76;-48.82;0;0;0;0;0;0
49100;-8;-200.00;7.81;-79.05;0;0;0;0;0;0
49150;0;160.00;6.25;-31.24;0;0;0;0;0;0
49200;26;520.00;10.20;79.01;0;0;0;0;0;0
49250;32;120.00;14.56;87.20;0;0;0;0;0;0
49300;4;-560.00;12.45;-42.24;0;0;0;0;0;0
49350;2;-40.00;10.36;-41.79;0;0;0;0;0;0
49400;-4;-120.00;7.49;-57.43;0;0;0;0;0;0
49450;-8;-80.00;4.39;-61.94;0;0;0;0;0;0
49500;-26;-360.00;-1.69;-121.56;0;0;0;0;0;0
49550;8;680.00;0.25;38.76;0;0;0;0;0;0
49600;-6;-280.00;-1.00;-25.00;0;0;0;0;0;0
49650;-6;0.00;-2.00;-20.00;0;0;0;0;0;0
49700;-2;80.00;-2.00;0.00;0;0;0;0;0;0
49750;0;40.00;-1.60;8.00;0;0;0;0;0;0
49800;0;0.00;-1.28;6.40;0;0;0;0;0;0
49850;-10;-200.00;-3.02;-34.88;0;0;0;0;0;0
49900;0;200.00;-2.42;12.10;0;0;0;0;0;0
49950;-8;-160.00;-3.54;-22.32;0;0;0;0;0;0
50000;10;360.00;-0.83;54.14;0;0;0;0;0;0
50050;-48;-1160.00;-10.26;-188.69;0;0;0;0;0;0
50100;16;1280.00;-5.01;105.05;0;0;0;0;0;0
50150;32;320.00;2.39;148.04;0;0;0;0;0;0
50200;52;400.00;12.31;198.43;0;0;0;0;0;0
50250;-8;-1200.00;8.25;-81.25;0;0;0;0;0;0
50300;-4;80.00;5.80;-49.00;0;0;0;0;0;0
50350;14;360.00;7.44;32.80;0;0;0;0;0;0
50400;-12;-520.00;3.55;-77.76;0;0;0;0;0;0
50450;2;280.00;3.24;-6.21;0;0;0;0;0;0
50500;-10;-240.00;0.59;-52.97;0;0;0;0;0;0
50550;10;400.00;2.47;37.63;0;0;0;0;0;0
50600;28;360.00;7.58;102.10;0;0;0;0;0;0
50650;0;-560.00;6.06;-30.32;0;0;0;0;0;0
50700;-8;-160.00;3.25;-56.26;0;0;0;0;0;0
50750;10;360.00;4.60;27.00;0;0;0;0;0;0
50800;-14;-480.00;0.88;-74.40;0;0;0;0;0;0
50850;30;880.00;6.70;116.48;0;0;0;0;0;0
50900;6;-480.00;6.56;-2.82;0;0;0;0;0;0
50950;-60;-1320.00;-6.75;-266.25;0;0;0;0;0;0
51000;-2;1160.00;-5.80;19.00;0;0;0;0;0;0
51050;0;40.00;-4.64;23.20;0;0;0;0;0;0
51100;36;720.00;3.49;162.56;0;0;0;0;0;0
51150;-4;-800.00;1.99;-29.95;0;0;0;0;0;0
51200;4;160.00;2.39;8.04;0;0;0;0;0;0
51250;-4;-160.00;1.11;-25.57;0;0;0;0;0;0
51300;0;80.00;0.89;-4.46;0;0;0;0;0;0
51350;-22;-440.00;-3.69;-91.57;0;0;0;0;0;0
51400;22;880.00;1.45;102.75;0;0;0;0;0;0
51450;-2;-480.00;0.76;-13.80;0;0;0;0;0;0
51500;10;240.00;2.61;36.96;0;0;0;0;0;0
51550;-2;-240.00;1.69;-18.43;0;0;0;0;0;0
51600;30;640.00;7.35;113.25;0;0;0;0;0;0
51650;-6;-720.00;4.68;-53.40;0;0;0;0;0;0
51700;12;360.00;6.14;29.28;0;0;0;0;0;0
51750;0;-240.00;4.91;-24.57;0;0;0;0;0;0
51800;-24;-480.00;-0.87;-115.66;0;0;0;0;0;0
51850;0;480.00;-0.69;3.47;0;0;0;0;0;0
51900;8;160.00;1.04;34.78;0;0;0;0;0;0
51950;4;-80.00;1.64;11.82;0;0;0;0;0;0
52000;18;280.00;4.91;65.46;0;0;0;0;0;0
52050;64;920.00;16.73;236.37;0;0;0;0;0;0
52100;-6;-1400.00;12.18;-90.91;0;0;0;0;0;0
52150;32;760.00;16.15;79.27;0;0;0;0;0;0
52200;0;-640.00;12.92;-64.58;0;0;0;0;0;0
52250;-28;-560.00;4.73;-163.66;0;0;0;0;0;0
52300;-16;240.00;0.59;-82.93;0;0;0;0;0;0
52350;-10;120.00;-1.53;-42.35;0;0;0;0;0;0
52400;-12;-40.00;-3.62;-41.88;0;0;0;0;0;0
52450;12;480.00;-0.50;62.50;0;0;0;0;0;0
52500;4;-160.00;0.40;18.00;0;0;0;0;0;0
52550;-2;-120.00;-0.08;-9.60;0;0;0;0;0;0
52600;-20;-360.00;-4.06;-79.68;0;0;0;0;0;0
52650;18;760.00;0.35;88.26;0;0;0;0;0;0
52700;-6;-480.00;-0.92;-25.40;0;0;0;0;0;0
52750;-2;80.00;-1.14;-4.32;0;0;0;0;0;0
52800;2;80.00;-0.51;12.55;0;0;0;0;0;0
52850;34;640.00;6.39;138.04;0;0;0;0;0;0
52900;0;-680.00;5.11;-25.57;0;0;0;0;0;0
52950;30;600.00;10.09;99.54;0;0;0;0;0;0
53000;6;-480.00;9.27;-16.36;0;0;0;0;0;0
53050;-10;-320.00;5.42;-77.09;0;0;0;0;0;0
53100;26;720.00;9.53;82.33;0;0;0;0;0;0
53150;12;-280.00;10.03;9.86;0;0;0;0;0;0
53200;8;-80.00;9.62;-8.11;0;0;0;0;0;0
53250;6;-40.00;8.90;-14.49;0;0;0;0;0;0
53300;-20;-520.00;3.12;-115.59;0;0;0;0;0;0
53350;18;760.00;6.09;59.53;0;0;0;0;0;0
53400;-18;-720.00;1.28;-96.38;0;0;0;0;0;0
53450;0;360.00;1.02;-5.10;0;0;0;0;0;0
53500;0;0.00;0.82;-4.08;0;0;0;0;0;0
53550;10;200.00;2.65;36.73;0;0;0;0;0;0
53600;20;200.00;6.12;69.39;0;0;0;0;0;0
53650;0;-400.00;4.90;-24.49;0;0;0;0;0;0
53700;10;200.00;5.92;20.41;0;0;0;0;0;0
53750;4;-120.00;5.53;-7.67;0;0;0;0;0;0
53800;-4;-160.00;3.63;-38.14;0;0;0;0;0;0
53850;2;120.00;3.30;-6.51;0;0;0;0;0;0
53900;34;640.00;9.44;122.79;0;0;0;0;0;0
53950;14;-400.00;10.35;18.23;0;0;0;0;0;0
54000;2;-240.00;8.68;-33.41;0;0;0;0;0;0
54050;54;1040.00;17.75;181.27;0;0;0;0;0;0
54100;8;-920.00;15.80;-38.98;0;0;0;0;0;0
54150;14;120.00;15.44;-7.19;0;0;0;0;0;0
54200;26;240.00;17.55;42.25;0;0;0;0;0;0
54250;4;-440.00;14.84;-54.20;0;0;0;0;0;0
54300;-18;-440.00;8.27;-131.36;0;0;0;0;0;0
54350;-6;240.00;5.42;-57.09;0;0;0;0;0;0
54400;26;640.00;9.53;82.33;0;0;0;0;0;0
54450;22;-80.00;12.03;49.86;0;0;0;0;0;0
54500;12;-200.00;12.02;-0.11;0;0;0;0;0;0
54550;4;-160.00;10.42;-32.09;0;0;0;0;0;0
54600;16;240.00;11.53;22.33;0;0;0;0;0;0
54650;22;120.00;13.63;41.86;0;0;0;0;0;0
54700;-2;-480.00;10.50;-62.51;0;0;0;0;0;0
54750;6;160.00;9.60;-18.01;0;0;0;0;0;0
54800;6;0.00;8.88;-14.41;0;0;0;0;0;0
54850;-2;-160.00;6.70;-43.52;0;0;0;0;0;0
54900;-22;-400.00;0.96;-114.82;0;0;0;0;0;0
54950;30;1040.00;6.77;116.14;0;0;0;0;0;0
55000;6;-480.00;6.62;-3.08;0;0;0;0;0;0
55050;40;680.00;13.29;133.53;0;0;0;0;0;0
55100;-8;-960.00;9.03;-85.17;0;0;0;0;0;0
55150;0;160.00;7.23;-36.14;0;0;0;0;0;0
55200;2;40.00;6.18;-20.91;0;0;0;0;0;0
55250;8;120.00;6.55;7.27;0;0;0;0;0;0
55300;-4;-240.00;4.44;-42.18;0;0;0;0;0;0
55350;20;480.00;7.55;62.25;0;0;0;0;0;0
55400;0;-400.00;6.04;-30.20;0;0;0;0;0;0
55450;12;240.00;7.23;23.84;0;0;0;0;0;0
55500;-30;-840.00;-0.21;-148.93;0;0;0;0;0;0
55550;8;760.00;1.43;32.86;0;0;0;0;0;0
55600;4;-80.00;1.94;10.29;0;0;0;0;0;0
55650;8;80.00;3.15;24.23;0;0;0;0;0;0
55700;-14;-440.00;-0.28;-68.62;0;0;0;0;0;0
55750;16;600.00;2.98;65.11;0;0;0;0;0;0
55800;-4;-400.00;1.58;-27.91;0;0;0;0;0;0
55850;-20;-320.00;-2.73;-86.33;0;0;0;0;0;0
55900;-28;-160.00;-7.79;-101.07;0;0;0;0;0;0
55950;-4;480.00;-7.03;15.15;0;0;0;0;0;0
56000;20;480.00;-1.62;108.12;0;0;0;0;0;0
56050;38;360.00;6.30;158.49;0;0;0;0;0;0
56100;-8;-920.00;3.44;-57.20;0;0;0;0;0;0
56150;-4;80.00;1.95;-29.76;0;0;0;0;0;0
56200;8;240.00;3.16;24.19;0;0;0;0;0;0
56250;-2;-200.00;2.13;-20.65;0;0;0;0;0;0
56300;12;280.00;4.10;39.48;0;0;0;0;0;0
56350;-8;-400.00;1.68;-48.42;0;0;0;0;0;0
56400;-16;-160.00;-1.85;-70.73;0;0;0;0;0;0
56450;-22;-120.00;-5.88;-80.59;0;0;0;0;0;0
56500;-4;360.00;-5.51;7.53;0;0;0;0;0;0
56550;0;80.00;-4.41;22.03;0;0;0;0;0;0
56600;2;40.00;-3.12;25.62;0;0;0;0;0;0
56650;14;240.00;0.30;68.50;0;0;0;0;0;0
56700;0;-280.00;0.24;-1.20;0;0;0;0;0;0
56750;16;320.00;3.39;63.04;0;0;0;0;0;0
56800;0;-320.00;2.71;-13.57;0;0;0;0;0;0
56850;28;560.00;7.77;101.14;0;0;0;0;0;0
56900;-14;-840.00;3.42;-87.08;0;0;0;0;0;0
56950;4;360.00;3.53;2.33;0;0;0;0;0;0
57000;-38;-840.00;-4.77;-166.13;0;0;0;0;0;0
57050;12;1000.00;-1.42;67.09;0;0;0;0;0;0
57100;-26;-760.00;-6.33;-98.33;0;0;0;0;0;0
57150;4;600.00;-4.27;41.34;0;0;0;0;0;0
57200;2;-40.00;-3.01;25.07;0;0;0;0;0;0
57250;-10;-240.00;-4.41;-27.94;0;0;0;0;0;0
57300;20;600.00;0.47;97.65;0;0;0;0;0;0
57350;6;-280.00;1.58;22.12;0;0;0;0;0;0
57400;16;200.00;4.46;57.69;0;0;0;0;0;0
57450;12;-80.00;5.97;30.15;0;0;0;0;0;0
57500;-2;-280.00;4.38;-31.88;0;0;0;0;0;0
57550;0;40.00;3.50;-17.50;0;0;0;0;0;0
57600;-2;-40.00;2.40;-22.00;0;0;0;0;0;0
57650;-20;-360.00;-2.08;-89.60;0;0;0;0;0;0
57700;-16;80.00;-4.86;-55.68;0;0;0;0;0;0
57750;2;360.00;-3.49;27.46;0;0;0;0;0;0
57800;-6;-160.00;-3.99;-10.04;0;0;0;0;0;0
57850;-38;-640.00;-10.79;-136.03;0;0;0;0;0;0
57900;-2;720.00;-9.04;35.18;0;0;0;0;0;0
57950;-24;-440.00;-12.03;-59.86;0;0;0;0;0;0
58000;8;640.00;-8.02;80.11;0;0;0;0;0;0
58050;-12;-400.00;-8.82;-15.91;0;0;0;0;0;0
58100;-12;0.00;-9.45;-12.73;0;0;0;0;0;0
58150;22;680.00;-3.16;125.82;0;0;0;0;0;0
58200;-12;-680.00;-4.93;-35.35;0;0;0;0;0;0
58250;-8;80.00;-5.54;-12.28;0;0;0;0;0;0
58300;4;240.00;-3.64;38.18;0;0;0;0;0;0
58350;2;-40.00;-2.51;22.54;0;0;0;0;0;0
58400;10;160.00;-0.01;50.03;0;0;0;0;0;0
58450;18;160.00;3.59;72.03;0;0;0;0;0;0
58500;-20;-760.00;-1.12;-94.38;0;0;0;0;0;0
58550;-2;360.00;-1.30;-3.50;0;0;0;0;0;0
58600;-22;-400.00;-5.44;-82.80;0;0;0;0;0;0
58650;8;600.00;-2.75;53.76;0;0;0;0;0;0
58700;-20;-560.00;-6.20;-68.99;0;0;0;0;0;0
58750;-12;160.00;-7.36;-23.19;0;0;0;0;0;0
58800;-10;40.00;-7.89;-10.56;0;0;0;0;0;0
58850;6;320.00;-5.11;55.56;0;0;0;0;0;0
58900;8;40.00;-2.49;52.44;0;0;0;0;0;0
58950;-4;-240.00;-2.79;-6.04;0;0;0;0;0;0
59000;-6;-40.00;-3.43;-12.84;0;0;0;0;0;0
59050;14;400.00;0.05;69.73;0;0;0;0;0;0
59100;18;80.00;3.64;71.79;0;0;0;0;0;0
59150;-8;-520.00;1.31;-46.57;0;0;0;0;0;0
59200;4;240.00;1.85;10.74;0;0;0;0;0;0
59250;6;40.00;2.68;16.59;0;0;0;0;0;0
59300;-2;-160.00;1.74;-18.72;0;0;0;0;0;0
59350;16;360.00;4.60;57.02;0;0;0;0;0;0
59400;0;-320.00;3.68;-18.38;0;0;0;0;0;0
59450;2;40.00;3.34;-6.71;0;0;0;0;0;0
59500;0;-4.00;2.67;-1.34;0;0;0;0;0;0
