T;Alt;Veloc;Filt_Alt;FVeloc;LDA;LowV;Apogee;N-O;Drogue;Main
0;106;212000;2120;42400;0;0;0;0;106;106
50;92;-28000;3536;28320;0;0;0;0;0;0
100;72;-40000;4269;14656;0;0;0;0;0;0
150;134;124000;6095;36525;0;0;0;0;0;0
200;120;-28000;7276;23620;0;0;0;0;0;0
250;146;52000;8741;29296;0;0;0;0;0;0
300;104;-84000;9073;6637;0;0;0;0;0;0
350;138;68000;10018;18909;0;0;0;0;0;0
400;188;100000;11775;35127;0;0;0;0;0;0
450;178;-20000;12980;24102;0;0;0;0;0;0
500;138;-80000;13144;3282;0;0;0;0;0;0
550;176;76000;14035;17825;0;0;0;0;0;0
600;206;60000;15348;26260;0;0;0;0;0;0
650;196;-20000;16198;17008;0;0;0;0;0;0
700;168;-56000;16319;2407;0;0;0;0;0;0
750;228;120000;17615;25925;0;0;0;0;0;0
800;240;24000;18892;25540;0;0;0;0;0;0
850;254;28000;20194;26032;254;0;0;0;0;0
900;200;-108000;20155;-774;0;0;0;0;0;0
950;284;168000;21804;32981;0;0;0;0;0;0
1000;300;32000;23443;32784;0;0;0;0;0;0
1050;300;0;24754;26228;0;0;0;0;0;0
1100;286;-28000;25524;15382;0;0;0;0;0;0
1150;352;132000;27459;38706;0;0;0;0;0;0
1200;386;68000;29687;44565;0;0;0;0;0;0
1250;358;-56000;30910;24452;0;0;0;0;0;0
1300;350;-16000;31728;16361;0;0;0;0;0;0
1350;332;-36000;32022;5889;0;0;0;0;0;0
1400;438;212000;34378;47111;0;0;0;0;0;0
1450;430;-16000;36102;34489;0;0;0;0;0;0
1500;408;-44000;37042;18791;0;0;0;0;0;0
1550;516;216000;39953;58233;0;0;0;0;0;0
1600;514;-4000;42243;45786;0;0;0;0;0;0
1650;520;12000;44194;39029;0;0;0;0;0;0
1700;562;84000;46595;48023;0;0;0;0;0;0
1750;560;-4000;48476;37619;0;0;0;0;0;0
1800;608;96000;50941;49295;0;0;0;0;0;0
1850;608;0;52913;39436;0;0;0;0;0;0
1900;642;68000;55170;45149;0;0;0;0;0;0
1950;650;16000;57136;39319;0;0;0;0;0;0
2000;668;36000;59069;38655;0;0;0;0;0;0
2050;708;80000;61415;46924;0;0;0;0;0;0
2100;732;48000;63772;47139;0;0;0;0;0;0
2150;786;108000;66738;59312;0;0;0;0;0;0
2200;780;-12000;68990;45049;0;0;0;0;0;0
2250;840;120000;71992;60039;0;0;0;0;0;0
2300;880;80000;75194;64031;0;0;0;0;0;0
2350;890;20000;77955;55225;0;0;0;0;0;0
2400;972;164000;81804;76980;0;0;0;0;0;0
2450;1072;200000;86883;101584;0;0;0;0;0;0
2500;1114;84000;91787;98067;0;0;0;0;0;0
2550;1212;196000;97669;117654;0;0;0;0;0;0
2600;1244;64000;103015;106923;0;0;0;0;0;0
2650;1298;108000;108372;107138;0;0;0;0;0;0
2700;1296;-4000;112618;84911;0;0;0;0;0;0
2750;1366;140000;117414;95929;0;0;0;0;0;0
2800;1386;40000;121651;84743;0;0;0;0;0;0
2850;1442;112000;126161;90194;0;0;0;0;0;0
2900;1492;100000;130769;92156;0;0;0;0;0;0
2950;1544;104000;135495;94524;0;0;0;0;0;0
3000;1750;412000;143396;158020;0;0;0;0;0;0
3050;1792;84000;150557;143216;0;0;0;0;0;0
3100;1820;56000;156846;125772;0;0;0;0;0;0
3150;1850;60000;162476;112618;0;0;0;0;0;0
3200;1860;20000;167181;94094;0;0;0;0;0;0
3250;1880;40000;171345;83275;0;0;0;0;0;0
3300;1922;84000;175516;83420;0;0;0;0;0;0
3350;1944;44000;179293;75536;0;0;0;0;0;0
3400;2012;136000;183674;87629;0;0;0;0;0;0
3450;2032;40000;187579;78103;0;0;0;0;0;0
3500;2002;-60000;190103;50483;0;0;0;0;0;0
3550;2082;160000;193723;72386;0;0;0;0;0;0
3600;2182;200000;198618;97909;0;0;0;0;0;0
3650;2184;4000;202575;79127;0;0;0;0;0;0
3700;2194;20000;205940;67302;0;0;0;0;0;0
3750;2288;188000;210512;91441;0;0;0;0;0;0
3800;2306;36000;214529;80353;0;0;0;0;0;0
3850;2342;72000;218464;78683;0;0;0;0;0;0
3900;2394;104000;222651;83746;0;0;0;0;0;0
3950;2400;12000;226121;69396;0;0;0;0;0;0
4000;2480;160000;230497;87518;0;0;0;0;0;0
4050;2544;128000;235277;95614;0;0;0;0;0;0
4100;2562;36000;239462;83691;0;0;0;0;0;0
4150;2630;136000;244169;94153;0;0;0;0;0;0
4200;2664;68000;248616;88922;0;0;0;0;0;0
4250;2684;40000;252572;79138;0;0;0;0;0;0
4300;2682;-4000;255698;62510;0;0;0;0;0;0
4350;2848;332000;261518;116408;0;0;0;0;0;0
4400;2894;92000;267095;111527;0;0;0;0;0;0
4450;2884;-20000;271356;85221;0;0;0;0;0;0
4500;2962;156000;276325;99377;0;0;0;0;0;0
4550;3040;156000;281860;110702;0;0;0;0;0;0
4600;3038;-4000;286248;87761;0;0;0;0;0;0
4650;3016;-44000;289318;61409;0;0;0;0;0;0
4700;3088;144000;293215;77927;0;0;0;0;0;0
4750;3152;128000;297612;87942;0;0;0;0;0;0
4800;3140;-24000;300889;65553;0;0;0;0;0;0
4850;3198;116000;304671;75643;0;0;0;0;0;0
4900;3286;176000;309457;95714;0;0;0;0;0;0
4950;3276;-20000;313086;72571;0;0;0;0;0;0
5000;3328;104000;317029;78857;0;0;0;0;0;0
5050;3304;-48000;319703;53486;0;0;0;0;0;0
5100;3416;224000;324082;87588;0;0;0;0;0;0
5150;3466;100000;328586;90071;0;0;0;0;0;0
5200;3534;136000;333549;99257;0;0;0;0;0;0
5250;3518;-32000;337199;73005;0;0;0;0;0;0
5300;3610;184000;341959;95204;0;0;0;0;0;0
5350;3654;88000;346647;93764;0;0;0;0;0;0
5400;3660;12000;350518;77411;0;0;0;0;0;0
5450;3662;4000;353654;62729;0;0;0;0;0;0
5500;3718;112000;357283;72583;0;0;0;0;0;0
5550;3702;-32000;359867;51667;0;0;0;0;0;0
5600;4002;600000;367933;161333;0;0;0;0;0;0
5650;3942;-120000;373187;105066;0;0;0;0;0;0
5700;3864;-156000;375829;52853;0;0;0;0;0;0
5750;3858;-12000;377823;39882;0;0;0;0;0;0
5800;3862;8000;379499;33506;0;0;0;0;0;0
5850;3978;232000;383159;73205;0;0;0;0;0;0
5900;3918;-120000;384887;34564;0;0;0;0;0;0
5950;3978;120000;387470;51651;0;0;0;0;0;0
6000;4072;188000;391416;78921;0;0;0;0;0;0
6050;4066;-12000;394453;60737;0;0;0;0;0;0
6100;4188;244000;399322;97389;0;0;0;0;0;0
6150;4520;664000;409858;210712;0;0;0;0;0;0
6200;4548;56000;418846;179770;0;0;0;0;0;0
6250;4490;-116000;424877;120615;0;0;0;0;0;0
6300;4558;136000;431062;123692;0;0;0;0;0;0
6350;4490;-136000;434649;71754;0;0;0;0;0;0
6400;4560;140000;438919;85403;0;0;0;0;0;0
6450;4568;16000;442496;71522;0;0;0;0;0;0
6500;4682;228000;447636;102817;0;0;0;0;0;0
6550;4628;-108000;450669;60654;0;0;0;0;0;0
6600;4646;36000;453455;55724;0;0;0;0;0;0
6650;4636;-20000;455484;40579;0;0;0;0;0;0
6700;4628;-16000;456947;29263;0;0;0;0;0;0
6750;4636;16000;458278;26610;0;0;0;0;0;0
6800;4646;20000;459542;25288;0;0;0;0;0;0
6850;4632;-28000;460274;14631;0;0;0;0;0;0
6900;4624;-16000;460699;8505;0;0;0;0;0;0
6950;4632;16000;461199;10004;0;0;0;0;0;0
7000;4650;36000;461959;15203;0;0;0;0;0;0
7050;4622;-56000;462008;962;0;0;0;0;0;0
7100;4674;104000;463086;21569;0;0;0;0;0;0
7150;4636;-76000;463189;2056;0;0;0;0;0;0
7200;4674;76000;464031;16845;0;0;0;0;0;0
7250;4694;40000;465105;21476;0;0;0;0;0;0
7300;4660;-68000;465284;3581;0;0;0;0;0;0
7350;4740;160000;467027;34864;0;0;0;0;0;0
7400;4690;-100000;467422;7892;0;0;0;0;0;0
7450;4834;288000;470617;63913;0;0;0;0;0;0
7500;4928;188000;475054;88730;0;0;0;0;0;0
7550;4986;116000;479763;94185;0;0;0;0;0;0
7600;5012;52000;484050;85748;0;0;0;0;0;0
7650;5258;492000;492400;166998;0;0;0;0;0;0
7700;5380;244000;501520;182398;0;0;0;0;0;0
7750;5318;-124000;507576;121119;0;0;0;0;0;0
7800;5304;-28000;512141;91295;0;0;0;0;0;0
7850;5324;40000;516193;81036;0;0;0;0;0;0
7900;5296;-56000;518874;53629;0;0;0;0;0;0
7950;5364;136000;522379;70103;0;0;0;0;0;0
8000;5748;768000;532864;209683;0;0;0;0;0;0
8050;5886;276000;544011;222946;0;0;0;0;0;0
8100;5784;-204000;550889;137557;0;0;0;0;0;0
8150;5728;-112000;555271;87646;0;0;0;0;0;0
8200;5750;44000;559217;78916;0;0;0;0;0;0
8250;5730;-40000;561973;55133;0;0;0;0;0;0
8300;5706;-48000;563699;34507;0;0;0;0;0;0
8350;5754;96000;566039;46805;0;0;0;0;0;0
8400;5738;-32000;567591;31044;0;0;0;0;0;0
8450;5772;68000;569513;38436;0;0;0;0;0;0
8500;5766;-12000;570930;28349;0;0;0;0;0;0
8550;5794;56000;572624;33879;0;0;0;0;0;0
8600;5836;84000;574819;43902;0;0;0;0;0;0
8650;5850;28000;576856;40723;0;0;0;0;0;0
8700;5880;60000;579084;44578;0;0;0;0;0;0
8750;5896;32000;581188;42063;0;0;0;0;0;0
8800;5974;156000;584430;64850;0;0;0;0;0;0
8850;6012;76000;587784;67080;0;0;0;0;0;0
8900;6026;28000;590747;59264;0;0;0;0;0;0
8950;6044;36000;593478;54611;0;0;0;0;0;0
9000;6062;36000;596022;50889;0;0;0;0;0;0
9050;6130;136000;599418;67911;0;0;0;0;0;0
9100;6116;-28000;601854;48729;0;0;0;0;0;0
9150;6248;264000;606443;91783;0;0;0;0;0;0
9200;6376;256000;612675;124626;0;0;0;0;0;0
9250;6268;-216000;615500;56501;0;0;0;0;0;0
9300;6314;92000;618680;63601;0;0;0;0;0;0
9350;6270;-88000;620344;33281;0;0;0;0;0;0
9400;6392;244000;624115;75425;0;0;0;0;0;0
9450;6304;-176000;625372;25140;0;0;0;0;0;0
9500;6412;216000;628538;63312;0;0;0;0;0;0
9550;6372;-80000;630270;34649;0;0;0;0;0;0
9600;6426;108000;632736;49319;0;0;0;0;0;0
9650;6460;68000;635389;53056;0;0;0;0;0;0
9700;6438;-44000;637071;33645;0;0;0;0;0;0
9750;6482;88000;639297;44516;0;0;0;0;0;0
9800;6478;-8000;640997;34013;0;0;0;0;0;0
9850;6476;-4000;642318;26410;0;0;0;0;0;0
9900;6556;160000;644974;53128;0;0;0;0;0;0
9950;6544;-24000;646860;37702;0;0;0;0;0;0
10000;6608;128000;649648;55762;0;0;0;0;0;0
10050;6606;-4000;651838;43810;0;0;0;0;0;0
10100;6644;76000;654350;50248;0;0;0;0;0;0
10150;6634;-20000;656160;36198;0;0;0;0;0;0
10200;6794;320000;660808;92958;0;0;0;0;0;0
10250;6828;68000;665207;87967;0;0;0;0;0;0
10300;6758;-140000;667325;42373;0;0;0;0;0;0
10350;6822;128000;670300;59499;0;0;0;0;0;0
10400;6872;100000;673680;67599;0;0;0;0;0;0
10450;6882;20000;676584;58079;0;0;0;0;0;0
10500;6860;-44000;678467;37663;0;0;0;0;0;0
10550;6910;100000;680974;50131;0;0;0;0;0;0
10600;6930;40000;683379;48104;0;0;0;0;0;0
10650;6940;20000;685503;42483;0;0;0;0;0;0
10700;6976;72000;687923;48387;0;0;0;0;0;0
10750;6962;-28000;689578;33109;0;0;0;0;0;0
10800;7026;128000;692182;52088;0;0;0;0;0;0
10850;7002;-48000;693786;32070;0;0;0;0;0;0
10900;7024;44000;695509;34456;0;0;0;0;0;0
10950;7100;152000;698407;57965;0;0;0;0;0;0
11000;7028;-144000;699286;17572;0;0;0;0;0;0
11050;7098;140000;701388;42058;0;0;0;0;0;0
11100;7106;16000;703231;36846;0;0;0;0;0;0
11150;7134;56000;705265;40677;0;0;0;0;0;0
11200;7144;20000;707092;36542;0;0;0;0;0;0
11250;7224;160000;710153;61233;0;0;0;0;0;0
11300;7200;-48000;712123;39387;0;0;0;0;0;0
11350;7264;128000;714978;57109;0;0;0;0;0;0
11400;7258;-12000;717143;43287;0;0;0;0;0;0
11450;7306;96000;719834;53830;0;0;0;0;0;0
11500;7292;-28000;721707;37464;0;0;0;0;0;0
11550;7316;48000;723686;39571;0;0;0;0;0;0
11600;7322;12000;725389;34057;0;0;0;0;0;0
11650;7372;100000;727751;47245;0;0;0;0;0;0
11700;7402;60000;730241;49797;0;0;0;0;0;0
11750;7382;-40000;731833;31837;0;0;0;0;0;0
11800;7438;112000;734226;47870;0;0;0;0;0;0
11850;7492;108000;737221;59896;0;0;0;0;0;0
11900;7506;28000;739897;53517;0;0;0;0;0;0
11950;7514;16000;742197;46014;0;0;0;0;0;0
12000;7492;-44000;743598;28011;0;0;0;0;0;0
12050;7558;132000;746038;48809;0;0;0;0;0;0
12100;7522;-72000;747271;24646;0;0;0;0;0;0
12150;7572;100000;749257;39718;0;0;0;0;0;0
12200;7622;100000;751845;51773;0;0;0;0;0;0
12250;7640;36000;754276;48619;0;0;0;0;0;0
12300;7594;-92000;755301;20495;0;0;0;0;0;0
12350;7662;136000;757481;43597;0;0;0;0;0;0
12400;7638;-48000;758745;25277;0;0;0;0;0;0
12450;7676;76000;760516;35422;0;0;0;0;0;0
12500;7654;-44000;761493;19537;0;0;0;0;0;0
12550;7736;164000;763914;48430;0;0;0;0;0;0
12600;7702;-68000;765171;25144;0;0;0;0;0;0
12650;7740;76000;766937;35315;0;0;0;0;0;0
12700;7732;-16000;768190;25052;0;0;0;0;0;0
12750;7780;96000;770152;39241;0;0;0;0;0;0
12800;7840;120000;772921;55394;0;0;0;0;0;0
12850;7802;-76000;774377;29114;0;0;0;0;0;0
12900;7806;8000;775622;24892;0;0;0;0;0;0
12950;7886;160000;778217;51913;0;0;0;0;0;0
13000;7830;-112000;779174;19131;0;0;0;0;0;0
13050;7882;104000;780979;36104;0;0;0;0;0;0
13100;7854;-56000;781863;17684;0;0;0;0;0;0
13150;7972;236000;784931;61347;0;0;0;0;0;0
13200;7978;12000;787504;51478;0;0;0;0;0;0
13250;7944;-68000;788884;27582;0;0;0;0;0;0
13300;7974;60000;790587;34065;0;0;0;0;0;0
13350;8008;68000;792629;40853;0;0;0;0;0;0
13400;8012;8000;794344;34282;0;0;0;0;0;0
13450;7994;-36000;795355;20226;0;0;0;0;0;0
13500;8032;76000;796924;31381;0;0;0;0;0;0
13550;8010;-44000;797739;16305;0;0;0;0;0;0
13600;8052;84000;799231;29844;0;0;0;0;0;0
13650;8050;-4000;800385;23075;0;0;0;0;0;0
13700;8106;112000;802428;40859;0;0;0;0;0;0
13750;8164;116000;805222;55888;0;0;0;0;0;0
13800;8110;-108000;806378;23110;0;0;0;0;0;0
13850;8100;-20000;807102;14488;0;0;0;0;0;0
13900;8160;120000;808882;35591;0;0;0;0;0;0
13950;8184;48000;810785;38072;0;0;0;0;0;0
14000;8164;-40000;811908;22458;0;0;0;0;0;0
14050;8230;132000;814127;44366;0;0;0;0;0;0
14100;8338;216000;818061;78693;0;0;0;0;0;0
14150;8242;-192000;819289;24554;0;0;0;0;0;0
14200;8346;208000;822351;61244;0;0;0;0;0;0
14250;8254;-184000;822961;12195;0;0;0;0;0;0
14300;8324;140000;824849;37756;0;0;0;0;0;0
14350;8306;-36000;825999;23004;0;0;0;0;0;0
14400;8334;56000;827479;29604;0;0;0;0;0;0
14450;8394;120000;829863;47684;0;0;0;0;0;0
14500;8374;-40000;831371;30146;0;0;0;0;0;0
14550;8344;-60000;831977;12117;0;0;0;0;0;0
14600;8358;28000;832741;15293;0;0;0;0;0;0
14650;8316;-84000;832513;-4564;0;0;0;0;0;0
14700;8372;112000;833450;18748;0;0;0;0;0;0
14750;8386;28000;834480;20598;0;0;0;0;0;0
14800;8408;44000;835744;25279;0;0;0;0;0;0
14850;8426;36000;837115;27424;0;0;0;0;0;0
14900;8414;-24000;837972;17139;0;0;0;0;0;0
14950;8422;16000;838818;16910;0;0;0;0;0;0
15000;8494;144000;840934;42328;0;0;0;0;0;0
15050;8490;-8000;842547;32264;0;0;0;0;0;0
15100;8568;156000;845398;57010;0;0;0;0;0;0
15150;8510;-116000;846518;22408;0;0;0;0;0;0
15200;8490;-40000;847015;9926;0;0;0;0;0;0
15250;8510;40000;847812;15941;0;0;0;0;0;0
15300;8480;-60000;847849;754;0;0;0;0;0;0
15350;8556;152000;849400;31002;0;0;0;0;0;0
15400;8538;-36000;850280;17602;0;0;0;0;0;0
15450;8512;-52000;850464;3682;0;0;0;0;0;0
15500;8548;72000;851331;17346;0;0;0;0;0;0
15550;8542;-12000;851905;11477;0;0;0;0;0;0
15600;8522;-40000;851964;1182;0;0;0;0;0;0
15650;8616;188000;853891;38545;0;0;0;0;0;0
15700;8648;64000;856073;43635;0;0;0;0;0;0
15750;8592;-112000;856698;12508;0;0;0;0;0;0
15800;8634;84000;858039;26807;0;0;0;0;0;0
15850;8634;0;859111;21445;0;0;0;0;0;0
15900;8670;72000;860689;31557;0;0;0;0;0;0
15950;8706;72000;862671;39645;0;0;0;0;0;0
16000;8764;116000;865417;54916;0;0;0;0;0;0
16050;8682;-164000;865973;11133;0;0;0;0;0;0
16100;8726;88000;867299;26506;0;0;0;0;0;0
16150;8856;260000;870959;73205;0;0;0;0;0;0
16200;8706;-300000;870887;-1436;0;0;0;0;0;0
16250;8716;20000;871030;2852;0;0;0;0;0;0
16300;8716;0;871144;2281;0;0;0;0;0;0
16350;8726;20000;871435;5824;0;0;0;0;0;0
16400;8736;20000;871868;8660;0;0;0;0;0;0
16450;8758;44000;872654;15729;0;0;0;0;0;0
16500;8756;-4000;873244;11783;0;0;0;0;0;0
16550;8776;40000;874115;17426;0;0;0;0;0;0
16600;8786;20000;875012;17941;0;0;0;0;0;0
16650;8764;-44000;875290;5553;0;0;0;0;0;0
16700;8780;32000;875832;10842;0;0;0;0;0;0
16750;8826;92000;877185;27074;0;0;0;0;0;0
16800;8814;-24000;878028;16859;0;0;0;0;0;0
16850;8840;52000;879223;23887;0;0;0;0;0;0
16900;8844;8000;880258;20709;0;0;0;0;0;0
16950;8844;0;881087;16568;0;0;0;0;0;0
17000;8966;244000;884189;62055;0;0;0;0;0;0
17050;8904;-124000;885431;24844;0;0;0;0;0;0
17100;8986;164000;888065;52674;0;0;0;0;0;0
17150;8856;-260000;887572;-9861;0;0;0;0;0;0
17200;8832;-48000;886698;-17488;0;0;0;0;0;0
17250;8890;116000;887158;9209;0;0;0;0;0;0
17300;8884;-12000;887406;4967;0;0;0;0;0;0
17350;8864;-40000;887205;-4025;0;0;0;0;0;0
17400;8920;112000;888164;19180;0;0;0;0;0;0
17450;8878;-84000;888091;-1457;0;0;0;0;0;0
17500;8918;80000;888833;14834;0;0;0;0;0;0
17550;8952;68000;890106;25469;0;0;0;0;0;0
17600;8978;52000;891645;30773;0;0;0;0;0;0
17650;8994;32000;893196;31020;0;0;0;0;0;0
17700;8914;-160000;892837;-7184;0;0;0;0;0;0
17750;8942;56000;893110;5453;0;0;0;0;0;0
17800;8946;8000;893408;5961;0;0;0;0;0;0
17850;8962;32000;893966;11170;0;0;0;0;0;0
17900;9024;124000;895653;33736;0;0;0;0;0;0
17950;8982;-84000;896162;10187;0;0;0;0;0;0
18000;8964;-36000;896210;951;0;0;0;0;0;0
18050;9162;396000;900208;79961;0;0;0;0;0;0
18100;8986;-352000;899886;-6432;0;0;0;0;0;0
18150;8992;12000;899749;-2746;0;0;0;0;0;0
18200;9018;52000;900159;8203;0;0;0;0;0;0
18250;8978;-80000;899687;-9437;0;0;0;0;0;0
18300;8988;20000;899510;-3549;0;0;0;0;0;0
18350;9010;44000;899808;5961;0;0;0;0;0;0
18400;9032;44000;900486;13568;0;0;0;0;0;0
18450;9054;44000;901469;19654;0;0;0;0;0;0
18500;9030;-48000;901775;6123;0;0;0;0;0;0
18550;9024;-12000;901900;2500;0;0;0;0;0;0
18600;9074;100000;903000;22000;0;0;0;0;0;0
18650;9060;-28000;903600;12000;0;0;0;0;0;0
18700;9008;-104000;903040;-11201;0;0;0;0;0;0
18750;9032;48000;903072;639;0;0;0;0;0;0
18800;9014;-36000;902738;-6687;0;0;0;0;0;0
18850;9140;252000;904990;45049;0;0;0;0;0;0
18900;9074;-132000;905472;9639;0;0;0;0;0;0
18950;9068;-12000;905738;5313;0;0;0;0;0;0
19000;9152;168000;907630;37850;0;0;0;0;0;0
19050;9122;-60000;908544;18279;0;0;0;0;0;0
19100;9228;212000;911395;57023;0;0;0;0;0;0
19150;9064;-328000;910396;-19980;0;0;0;0;0;0
19200;9150;172000;911317;18414;0;0;0;0;0;0
19250;9188;76000;912814;29932;0;0;0;0;0;0
19300;9222;68000;914691;37545;0;0;0;0;0;0
19350;9098;-248000;913713;-19563;0;0;0;0;0;0
19400;9154;112000;914050;6750;0;0;0;0;0;0
19450;9162;16000;914480;8600;0;0;0;0;0;0
19500;9146;-32000;914504;479;0;0;0;0;0;0
19550;9104;-84000;913683;-16416;0;0;0;0;0;0
19600;9190;172000;914747;21268;0;0;0;0;0;0
19650;9174;-32000;915277;10613;0;0;0;0;0;0
19700;9138;-72000;914982;-5910;0;0;0;0;0;0
19750;9114;-48000;914265;-14328;0;0;0;0;0;0
19800;9176;124000;914932;13338;0;0;0;0;0;0
19850;9104;-144000;914026;-18129;0;0;0;0;0;0
19900;9138;68000;913981;-904;0;0;0;0;0;0
19950;9226;176000;915704;34477;0;0;0;0;0;0
20000;9152;-148000;915604;-2018;0;0;0;0;0;0
20050;9270;236000;917883;45586;0;0;0;0;0;0
20100;9222;-96000;918746;17268;0;0;0;0;0;0
20150;9170;-104000;918397;-6984;0;0;0;0;0;0
20200;9188;36000;918478;1611;0;0;0;0;0;0
20250;9190;4000;918582;2090;0;0;0;0;0;0
20300;9204;28000;918946;7271;0;0;0;0;0;0
20350;9204;0;919237;5816;0;0;0;0;0;0
20400;9224;40000;919869;12654;0;0;0;0;0;0
20450;9200;-48000;919895;523;0;0;0;0;0;0
20500;9226;52000;920436;10818;0;0;0;0;0;0
20550;9250;48000;921349;18254;0;0;0;0;0;0
20600;9192;-116000;920919;-8596;0;0;0;0;0;0
20650;9214;44000;921015;1924;0;0;0;0;0;0
20700;9218;8000;921172;3139;0;0;0;0;0;0
20750;9224;12000;921418;4910;0;0;0;0;0;0
20800;9234;20000;921814;7928;0;0;0;0;0;0
20850;9218;-32000;921811;-57;0;0;0;0;0;0
20900;9204;-28000;921529;-5646;0;0;0;0;0;0
20950;9196;-16000;921143;-7717;0;0;0;0;0;0
21000;9220;48000;921315;3428;0;0;0;0;0;0
21050;9172;-96000;920492;-16459;0;0;0;0;0;0
21100;9204;64000;920473;-367;0;0;0;0;0;0
21150;9304;200000;922459;39707;0;0;0;0;0;0
21200;9218;-172000;922327;-2635;0;0;0;0;0;0
21250;9262;88000;923102;15492;0;0;0;0;0;0
21300;9232;-60000;923121;395;0;0;0;0;0;0
21350;9250;36000;923497;7516;0;0;0;0;0;0
21400;9196;-108000;922718;-15588;0;0;0;0;0;0
21450;9288;184000;923934;24330;0;0;0;0;0;0
21500;9280;-16000;924747;16264;0;0;0;0;0;0
21550;9256;-48000;924918;3410;0;0;0;0;0;0
21600;9276;40000;925454;10729;0;0;0;0;0;0
21650;9256;-40000;925483;582;0;0;0;0;0;0
21700;9226;-60000;924907;-11533;0;0;0;0;0;0
21750;9238;24000;924685;-4428;0;0;0;0;0;0
21800;9222;-32000;924188;-9941;0;0;0;0;0;0
21850;9318;192000;925711;30447;0;0;9318;0;0;0
21900;9280;-76000;926169;9158;0;0;0;0;0;0
21950;9256;-48000;926055;-2273;0;0;0;0;0;0
22000;9296;80000;926764;14180;0;0;0;0;0;0
22050;9282;-28000;927051;5744;0;0;0;0;0;0
22100;9204;-156000;925721;-26604;0;0;0;0;0;0
22150;9238;68000;925337;-7684;0;0;0;0;0;0
22200;9254;32000;925349;254;0;0;0;0;0;0
22250;9234;-40000;924960;-7797;0;0;0;0;0;0
22300;9242;16000;924808;-3039;0;0;0;0;0;0
22350;9286;88000;925566;15170;0;0;0;0;0;0
22400;9270;-32000;925853;5736;0;0;0;0;0;0
22450;9178;-184000;924242;-32211;0;0;0;0;0;0
22500;9166;-24000;922714;-30570;0;0;0;0;0;0
22550;9292;252000;924011;25945;0;0;0;0;0;0
22600;9234;-116000;923889;-2445;0;0;0;0;0;0
22650;9222;-24000;923551;-6756;0;0;0;0;0;0
22700;9204;-36000;922921;-12604;0;0;0;0;0;0
22750;9184;-40000;922017;-18084;0;0;0;0;0;0
22800;9200;32000;921613;-8066;0;0;0;0;0;0
22850;4128;-10144000;819851;-2035254;0;0;0;0;0;0
22900;9178;10100000;839441;391797;0;0;0;0;0;0
22950;9218;80000;855912;329437;0;0;0;0;0;0
23000;9240;44000;869530;272350;0;0;0;0;0;0
23050;9254;28000;880704;223480;0;0;0;0;0;0
23100;9206;-96000;888683;159584;0;0;0;0;0;0
23150;9266;120000;896266;151668;0;0;0;0;0;0
23200;9238;-56000;901773;110135;0;0;0;0;0;0
23250;9264;52000;906699;98508;0;0;0;0;0;0
23300;9210;-108000;909559;57205;0;0;0;0;0;0
23350;9240;60000;912447;57764;0;0;0;0;0;0
23400;9184;-112000;913638;23813;0;0;0;0;0;0
23450;9158;-52000;914070;8648;0;0;0;0;0;0
23500;9184;52000;914936;17320;0;0;0;0;0;0
23550;9302;236000;917989;61055;0;0;0;0;0;0
23600;9184;-236000;918071;1645;0;0;0;0;0;0
23650;9212;56000;918697;12516;0;0;0;0;0;0
23700;9188;-48000;918717;412;0;0;0;0;0;0
23750;9204;32000;919054;6730;0;0;0;0;0;0
23800;9254;100000;920323;25385;0;0;0;0;0;0
23850;9162;-184000;919499;-16492;0;0;0;0;0;0
23900;9160;-4000;918799;-13994;0;0;0;0;0;0
23950;9184;48000;918719;-1596;0;0;0;0;0;0
24000;9200;32000;918975;5123;0;0;0;0;0;0
24050;9176;-48000;918700;-5502;0;0;0;0;0;0
24100;9228;104000;919520;16398;0;0;0;0;0;0
24150;9158;-140000;918776;-14881;0;0;0;0;0;0
24200;9140;-36000;917821;-19104;0;0;0;0;0;0
24250;9188;96000;918017;3916;0;0;0;0;0;0
24300;9166;-44000;917733;-5666;0;0;0;0;0;0
24350;9150;-32000;917187;-10934;0;0;0;0;0;0
24400;9164;28000;917029;-3146;0;0;0;0;0;0
24450;9120;-88000;916024;-20117;0;0;0;0;0;0
24500;9084;-72000;914499;-30494;0;0;0;0;0;0
24550;9088;8000;913359;-22795;0;0;0;0;0;0
24600;8966;-244000;910007;-67037;0;0;0;0;0;0
24650;8902;-128000;906046;-79229;0;0;0;0;0;0
24700;8928;52000;903397;-52982;0;0;0;0;0;0
24750;9148;440000;905677;45613;0;0;0;0;0;0
24800;9268;240000;909902;84490;0;0;0;0;0;0
24850;9196;-144000;911841;38793;0;0;0;0;0;0
24900;9166;-60000;912793;19033;0;0;0;0;0;0
24950;9204;76000;914315;30428;0;0;0;0;0;0
25000;9160;-88000;914652;6742;0;0;0;0;0;0
25050;9116;-88000;914041;-12207;0;0;0;0;0;0
25100;9104;-24000;913313;-14564;0;0;0;0;0;0
25150;9086;-36000;912370;-18852;0;0;0;0;0;0
25200;9074;-24000;911376;-19883;0;0;0;0;0;0
25250;9100;52000;911101;-5506;0;0;0;0;0;0
25300;9078;-44000;910441;-13205;0;0;0;0;0;0
25350;9096;36000;910273;-3363;0;0;0;0;0;0
25400;9056;-80000;909338;-18691;0;0;0;0;0;0
25450;9028;-56000;908030;-26152;0;0;0;0;0;0
25500;9028;0;906984;-20922;0;0;0;0;0;0
25550;9008;-40000;905747;-24738;0;0;0;0;0;0
25600;9070;124000;905998;5010;0;0;0;0;0;0
25650;9048;-44000;905758;-4791;0;0;0;0;0;0
25700;9036;-24000;905327;-8633;0;0;0;0;0;0
25750;9162;252000;907501;43492;0;0;0;0;0;0
25800;8990;-344000;905801;-34006;0;0;0;0;0;0
25850;8974;-32000;904121;-33604;0;0;0;0;0;0
25900;8896;-156000;901217;-58084;0;0;0;0;0;0
25950;8852;-88000;898013;-64066;0;0;0;0;0;0
26000;8884;64000;896091;-38453;0;0;0;0;0;0
26050;8942;116000;895713;-7562;0;0;0;0;0;0
26100;9146;408000;899490;75549;0;0;0;0;0;0
26150;9202;112000;903632;82840;0;0;0;0;0;0
26200;9122;-160000;905346;34271;0;0;0;0;0;0
26250;9062;-120000;905516;3418;0;0;0;0;0;0
26300;9042;-40000;905253;-5266;0;0;0;0;0;0
26350;9066;48000;905523;5387;0;0;0;0;0;0
26400;9010;-112000;904618;-18090;0;0;0;0;0;0
26450;9092;164000;905534;18328;0;0;0;0;0;0
26500;9036;-112000;905148;-7738;0;0;0;0;0;0
26550;8968;-136000;903478;-33391;0;0;0;0;0;0
26600;9004;72000;902862;-12312;0;0;0;0;0;0
26650;9096;184000;904210;26951;0;0;0;0;0;0
26700;9010;-172000;903568;-12840;0;0;0;0;0;0
26750;9116;212000;905174;32129;0;0;0;0;0;0
26800;9032;-168000;904779;-7898;0;0;0;0;0;0
26850;9062;60000;905064;5682;0;0;0;0;0;0
26900;8996;-132000;903971;-21854;0;0;0;0;0;0
26950;8900;-192000;901177;-55883;0;0;0;0;0;0
27000;8906;12000;899061;-42307;0;0;0;0;0;0
27050;8948;84000;898209;-17045;0;0;0;0;0;0
27100;8894;-108000;896447;-35236;0;0;0;0;0;0
27150;8900;12000;895158;-25789;0;0;0;0;0;0
27200;8892;-16000;893966;-23832;0;0;0;0;0;0
27250;8952;120000;894213;4936;0;0;0;0;0;0
27300;8970;36000;894770;11148;0;0;0;0;0;0
27350;8952;-36000;894856;1719;0;0;0;0;0;0
27400;9048;192000;896845;39773;0;0;0;0;0;0
27450;8962;-172000;896716;-2580;0;0;0;0;0;0
27500;8844;-236000;894253;-49264;0;0;0;0;0;0
27550;8762;-164000;890642;-72211;0;0;0;0;0;0
27600;8814;104000;888794;-36969;0;0;0;0;0;0
27650;8856;84000;888155;-12775;0;0;0;0;0;0
27700;9002;292000;890564;48180;0;0;0;0;0;0
27750;9034;64000;893131;51344;0;0;0;0;0;0
27800;9024;-20000;894985;37074;0;0;0;0;0;0
27850;8882;-284000;893628;-27141;0;0;0;0;0;0
27900;8760;-244000;890102;-70512;0;0;0;0;0;0
27950;8822;124000;888522;-31609;0;0;0;0;0;0
28000;8942;240000;889658;22713;0;0;0;0;0;0
28050;8900;-84000;889726;1369;0;0;0;0;0;0
28100;8912;24000;890021;5896;0;0;0;0;0;0
28150;8930;36000;890617;11916;0;0;0;0;0;0
28200;8806;-248000;888613;-40066;0;0;0;0;0;0
28250;8856;100000;888011;-12053;0;0;0;0;0;0
28300;8880;48000;888009;-43;0;0;0;0;0;0
28350;8858;-44000;887567;-8834;0;0;0;0;0;0
28400;8878;40000;887613;932;0;0;0;0;0;0
28450;8862;-32000;887331;-5654;0;0;0;0;0;0
28500;8930;136000;888465;22678;0;0;0;0;0;0
28550;8898;-64000;888732;5342;0;0;0;0;0;0
28600;8892;-12000;888825;1873;0;0;0;0;0;0
28650;8850;-84000;888060;-15301;0;0;0;0;0;0
28700;8900;100000;888448;7758;0;0;0;0;0;0
28750;8930;60000;889359;18207;0;0;0;0;0;0
28800;8736;-388000;886207;-63035;0;0;0;0;0;0
28850;8668;-136000;882325;-77627;0;0;0;0;0;0
28900;8762;188000;881100;-24502;0;0;0;0;0;0
28950;8862;200000;882120;20398;0;0;0;0;0;0
29000;8958;192000;884856;54719;0;0;0;0;0;0
29050;8856;-204000;885005;2975;0;0;0;0;0;0
29100;8834;-44000;884684;-6420;0;0;0;0;0;0
29150;8760;-148000;882947;-34736;0;0;0;0;0;0
29200;8818;116000;882718;-4588;0;0;0;0;0;0
29250;8858;80000;883334;12328;0;0;0;0;0;0
29300;8858;0;883827;9863;0;0;0;0;0;0
29350;8854;-8000;884142;6291;0;0;0;0;0;0
29400;8814;-80000;883594;-10967;0;0;0;0;0;0
29450;8770;-88000;882275;-26375;0;0;0;0;0;0
29500;8770;0;881220;-21100;0;0;0;0;0;0
29550;8720;-100000;879376;-36879;0;0;0;0;0;0
29600;8806;172000;879621;4896;0;0;0;0;0;0
29650;8862;112000;880937;26316;0;0;0;0;0;0
29700;8700;-324000;878749;-43746;0;0;0;0;0;0
29750;8720;40000;877399;-26996;0;0;0;0;0;0
29800;8690;-60000;875720;-33598;0;0;0;0;0;0
29850;8694;8000;874456;-25277;0;0;0;0;0;0
29900;8734;80000;874245;-4223;0;0;0;0;0;0
29950;8702;-64000;873436;-16178;0;0;0;0;0;0
30000;8760;116000;873949;10258;0;0;0;0;0;0
30050;8718;-84000;873519;-8594;0;0;0;0;0;0
30100;8676;-84000;872335;-23676;0;0;0;0;0;0
30150;8682;12000;871508;-16541;0;0;0;0;0;0
30200;8638;-88000;869966;-30832;0;0;0;0;0;0
30250;8660;44000;869173;-15865;0;0;0;0;0;0
30300;8704;88000;869419;4908;0;0;0;0;0;0
30350;8694;-20000;869415;-74;0;0;0;0;0;0
30400;8714;40000;869812;7941;0;0;0;0;0;0
30450;8648;-132000;868810;-20047;0;0;0;0;0;0
30500;8678;60000;868608;-4039;0;0;0;0;0;0
30550;8652;-52000;867926;-13631;0;0;0;0;0;0
30600;8656;8000;867461;-9305;0;0;0;0;0;0
30650;8668;24000;867329;-2643;0;0;0;0;0;0
30700;8796;256000;869783;49086;0;0;0;0;0;0
30750;8860;128000;873026;64867;0;0;0;0;0;0
30800;8718;-284000;872781;-4906;0;0;0;0;0;0
30850;8712;-12000;872465;-6324;0;0;0;0;0;0
30900;8690;-44000;871772;-13859;0;0;0;0;0;0
30950;8688;-4000;871178;-11887;0;0;0;0;0;0
31000;8674;-28000;870422;-15109;0;0;0;0;0;0
31050;8644;-60000;869218;-24088;0;0;0;0;0;0
31100;8682;76000;869014;-4070;0;0;0;0;0;0
31150;8538;-288000;865971;-60857;0;0;0;0;0;0
31200;8562;48000;864017;-39086;0;0;0;0;0;0
31250;8574;24000;862694;-26469;0;0;0;0;0;0
31300;8582;16000;861795;-17975;0;0;0;0;0;0
31350;8586;8000;861156;-12779;0;0;0;0;0;0
31400;8566;-40000;860245;-18223;0;0;0;0;0;0
31450;8562;-8000;859436;-16180;0;0;0;0;0;0
31500;8562;0;858789;-12943;0;0;0;0;0;0
31550;8550;-24000;858031;-15154;0;0;0;0;0;0
31600;8462;-176000;855665;-47324;0;0;0;0;0;0
31650;8414;-96000;852812;-57059;0;0;0;0;0;0
31700;8470;112000;851649;-23246;0;0;0;0;0;0
31750;8542;144000;852160;10203;0;0;0;0;0;0
31800;8506;-72000;851848;-6238;0;0;0;0;0;0
31850;8616;220000;853798;39010;0;0;0;0;0;0
31900;8680;128000;856638;56807;0;0;0;0;0;0
31950;8616;-128000;857631;19846;0;0;0;0;0;0
32000;8574;-84000;857585;-924;0;0;0;0;0;0
32050;8548;-52000;857028;-11139;0;0;0;0;0;0
32100;8534;-28000;856302;-14510;0;0;0;0;0;0
32150;8578;88000;856602;5992;0;0;0;0;0;0
32200;8608;60000;857441;16793;0;0;0;0;0;0
32250;8564;-88000;857233;-4166;0;0;0;0;0;0
32300;8578;28000;857346;2268;0;0;0;0;0;0
32350;8510;-136000;856077;-25387;0;0;0;0;0;0
32400;8536;52000;855582;-9908;0;0;0;0;0;0
32450;8520;-32000;854865;-14326;0;0;0;0;0;0
32500;8512;-16000;854132;-14662;0;0;0;0;0;0
32550;8542;60000;854146;271;0;0;0;0;0;0
32600;8470;-144000;852717;-28584;0;0;0;0;0;0
32650;8436;-68000;850893;-36467;0;0;0;0;0;0
32700;8484;96000;850395;-9973;0;0;0;0;0;0
32750;8432;-104000;848956;-28779;0;0;0;0;0;0
32800;8420;-24000;847565;-27822;0;0;0;0;0;0
32850;8400;-40000;846052;-30258;0;0;0;0;0;0
32900;8392;-16000;844681;-27406;0;0;0;0;0;0
32950;8430;76000;844345;-6727;0;0;0;0;0;0
33000;8402;-56000;843516;-16580;0;0;0;0;0;0
33050;8382;-40000;842453;-21264;0;0;0;0;0;0
33100;8390;16000;841762;-13813;0;0;0;0;0;0
33150;8362;-56000;840650;-22250;0;0;0;0;0;0
33200;8364;4000;839800;-17000;0;0;0;0;0;0
33250;8352;-24000;838880;-18398;0;0;0;0;0;0
33300;8378;52000;838664;-4320;0;0;0;0;0;0
33350;8450;144000;839931;25344;0;0;0;0;0;0
33400;8452;4000;840985;21076;0;0;0;0;0;0
33450;8442;-20000;841628;12861;0;0;0;0;0;0
33500;8476;68000;842822;23889;0;0;0;0;0;0
33550;8544;136000;845138;46311;0;0;0;0;0;0
33600;8428;-232000;844670;-9352;0;0;0;0;0;0
33650;8606;356000;847856;63719;0;0;0;0;0;0
33700;8476;-260000;847805;-1025;0;0;0;0;0;0
33750;8458;-36000;847404;-8020;0;0;0;0;0;0
33800;8572;228000;849363;39184;0;0;0;0;0;0
33850;8456;-232000;848611;-15053;0;0;0;0;0;0
33900;8382;-148000;846528;-41643;0;0;0;0;0;0
33950;8398;32000;845183;-26914;0;0;0;0;0;0
34000;8388;-20000;843906;-25531;0;0;0;0;0;0
34050;8298;-180000;841085;-56424;0;0;0;0;0;0
34100;8308;20000;839028;-41141;0;0;0;0;0;0
34150;8330;44000;837822;-24111;0;0;0;0;0;0
34200;8330;0;836858;-19289;0;0;0;0;0;0
34250;8294;-72000;835366;-29832;0;0;0;0;0;0
34300;8272;-44000;833733;-32666;0;0;0;0;0;0
34350;8280;16000;832586;-22932;0;0;0;0;0;0
34400;8276;-8000;831589;-19945;0;0;0;0;0;0
34450;8272;-8000;830711;-17557;0;0;0;0;0;0
34500;8398;252000;832529;36355;0;0;0;0;0;0
34550;8260;-276000;831223;-26117;0;0;0;0;0;0
34600;8340;160000;831779;11107;0;0;0;0;0;0
34650;8384;88000;833103;26486;0;0;0;0;0;0
34700;8322;-124000;832922;-3611;0;0;0;0;0;0
34750;8234;-176000;831018;-38090;0;0;0;0;0;0
34800;8220;-28000;829214;-36072;0;0;0;0;0;0
34850;8274;108000;828851;-7258;0;0;0;0;0;0
34900;8266;-16000;828401;-9006;0;0;0;0;0;0
34950;8264;-4000;828001;-8004;0;0;0;0;0;0
35000;8242;-44000;827241;-15203;0;0;0;0;0;0
35050;8154;-176000;824873;-47363;0;0;0;0;0;0
35100;8228;148000;824458;-8291;0;0;0;0;0;0
35150;8254;52000;824646;3768;0;0;0;0;0;0
35200;8270;32000;825117;9414;0;0;0;0;0;0
35250;8292;44000;825934;16332;0;0;0;0;0;0
35300;8330;76000;827347;28266;0;0;0;0;0;0
35350;8358;56000;829038;33813;0;0;0;0;0;0
35400;8304;-108000;829310;5449;0;0;0;0;0;0
35450;8300;-8000;829448;2760;0;0;0;0;0;0
35500;8244;-112000;828438;-20191;0;0;0;0;0;0
35550;8300;112000;828751;6246;0;0;0;0;0;0
35600;8350;100000;830001;24996;0;0;0;0;0;0
35650;8298;-104000;829960;-803;0;0;0;0;0;0
35700;8266;-64000;829288;-13441;0;0;0;0;0;0
35750;8220;-92000;827831;-29154;0;0;0;0;0;0
35800;8206;-28000;826385;-28922;0;0;0;0;0;0
35850;8214;16000;825388;-19938;0;0;0;0;0;0
35900;8218;8000;824670;-14352;0;0;0;0;0;0
35950;8258;80000;824896;4520;0;0;0;0;0;0
36000;8176;-164000;823437;-29184;0;0;0;0;0;0
36050;8186;20000;822470;-19348;0;0;0;0;0;0
36100;8176;-20000;821496;-19479;0;0;0;0;0;0
36150;8048;-256000;818156;-66782;0;0;0;0;0;0
36200;8146;196000;817445;-14226;0;0;0;0;0;0
36250;8098;-96000;815916;-30581;0;0;0;0;0;0
36300;8142;88000;815573;-6864;0;0;0;0;0;0
36350;8196;108000;816378;16108;0;0;0;0;0;0
36400;7986;-420000;812823;-71113;0;0;0;0;0;0
36450;8112;252000;812498;-6491;0;0;0;0;0;0
36500;8086;-52000;811718;-15593;0;0;0;0;0;0
36550;8120;68000;811775;1126;0;0;0;0;0;0
36600;8034;-172000;810100;-33499;0;0;0;0;0;0
36650;8188;308000;811840;34801;0;0;0;0;0;0
36700;8148;-80000;812432;11841;0;0;0;0;0;0
36750;8164;32000;813226;15872;0;0;0;0;0;0
36800;8068;-192000;811940;-25702;0;0;0;0;0;0
36850;7910;-316000;807752;-83762;0;0;0;0;0;0
36900;7926;32000;804722;-60609;0;0;0;0;0;0
36950;8098;344000;805737;20313;0;0;0;0;0;0
37000;8168;140000;807950;44250;0;0;0;0;0;0
37050;8042;-252000;807200;-15000;0;0;0;0;0;0
37100;8044;4000;806640;-11200;0;0;0;0;0;0
37150;7968;-152000;804672;-39360;0;0;0;0;0;0
37200;7982;28000;803378;-25888;0;0;0;0;0;0
37250;8090;216000;804502;22489;0;0;0;0;0;0
37300;7932;-316000;802242;-45208;0;0;0;0;0;0
37350;7970;76000;801193;-20967;0;0;0;0;0;0
37400;8088;236000;802715;30427;0;0;0;0;0;0
37450;8074;-28000;803652;18741;0;0;0;0;0;0
37500;8018;-112000;803281;-7407;0;0;0;0;0;0
37550;8112;188000;804865;31675;0;0;0;0;0;0
37600;8042;-140000;804732;-2660;0;0;0;0;0;0
37650;8002;-80000;803826;-18128;0;0;0;0;0;0
37700;8028;52000;803621;-4103;0;0;0;0;0;0
37750;8040;24000;803696;1518;0;0;0;0;0;0
37800;8076;72000;804477;15614;0;0;0;0;0;0
37850;7988;-176000;803342;-22709;0;0;0;0;0;0
37900;7994;12000;802553;-15767;0;0;0;0;0;0
37950;7954;-80000;801123;-28613;0;0;0;0;0;0
38000;7920;-68000;799298;-36491;0;0;0;0;0;0
38050;7962;84000;798679;-12393;0;0;0;0;0;0
38100;7978;32000;798503;-3514;0;0;0;0;0;0
38150;7952;-52000;797842;-13211;0;0;0;0;0;0
38200;8044;184000;799154;26230;0;0;0;0;0;0
38250;7822;-444000;795763;-67815;0;0;0;0;0;0
38300;7954;264000;795690;-1452;0;0;0;0;0;0
38350;7932;-44000;795192;-9962;0;0;0;0;0;0
38400;7950;36000;795154;-770;0;0;0;0;0;0
38450;7998;96000;796083;18585;0;0;0;0;0;0
38500;7906;-184000;794986;-21933;0;0;0;0;0;0
38550;7872;-68000;793429;-31146;0;0;0;0;0;0
38600;7840;-64000;791543;-37717;0;0;0;0;0;0
38650;7960;240000;792435;17826;0;0;0;0;0;0
38700;7992;64000;793788;27062;0;0;0;0;0;0
38750;7958;-68000;794190;8049;0;0;0;0;0;0
38800;7912;-92000;793592;-11961;0;0;0;0;0;0
38850;7792;-240000;790714;-57568;0;0;0;0;0;0
38900;7830;76000;789171;-30854;0;0;0;0;0;0
38950;7928;196000;789897;14516;0;0;0;0;0;0
39000;7950;44000;790917;20413;0;0;0;0;0;0
39050;7952;4000;791774;17130;0;0;0;0;0;0
39100;7886;-132000;791139;-12695;0;0;0;0;0;0
39150;7758;-256000;788071;-61356;0;0;0;0;0;0
39200;7784;52000;786137;-38686;0;0;0;0;0;0
39250;7864;160000;786190;1052;0;0;0;0;0;0
39300;7966;204000;788272;41642;0;0;0;0;0;0
39350;7882;-168000;788257;-287;0;0;0;0;0;0
39400;7794;-176000;786486;-35430;0;0;0;0;0;0
39450;7798;8000;785149;-26743;0;0;0;0;0;0
39500;7898;200000;786079;18605;0;0;0;0;0;0
39550;7946;96000;787783;34084;0;0;0;0;0;0
39600;7898;-96000;788187;8067;0;0;0;0;0;0
39650;7916;36000;788869;13653;0;0;0;0;0;0
39700;7858;-116000;788255;-12277;0;0;0;0;0;0
39750;7908;100000;788764;10179;0;0;0;0;0;0
39800;7884;-48000;788691;-1457;0;0;0;0;0;0
39850;7752;-264000;785993;-53966;0;0;0;0;0;0
39900;7900;296000;786795;16027;0;0;0;0;0;0
39950;7864;-72000;786716;-1578;0;0;0;0;0;0
40000;7824;-80000;785852;-17263;0;0;0;0;0;0
40050;7828;8000;785242;-12210;0;0;0;0;0;0
40100;7788;-80000;783954;-25768;0;0;0;0;0;0
40150;7834;92000;783843;-2215;0;0;0;0;0;0
40200;7822;-24000;783514;-6571;0;0;0;0;0;0
40250;7834;24000;783491;-457;0;0;0;0;0;0
40300;7834;0;783473;-366;0;0;0;0;0;0
40350;7824;-20000;783258;-4293;0;0;0;0;0;0
40400;7862;76000;783847;11766;0;0;0;0;0;0
40450;7832;-60000;783717;-2587;0;0;0;0;0;0
40500;7856;48000;784094;7530;0;0;0;0;0;0
40550;7780;-152000;782875;-24376;0;0;0;0;0;0
40600;7740;-80000;781100;-35501;0;0;0;0;0;0
40650;7800;120000;780880;-4400;0;0;0;0;0;0
40700;7794;-12000;780584;-5920;0;0;0;0;0;0
40750;7814;40000;780747;3264;0;0;0;0;0;0
40800;7858;88000;781758;20211;0;0;0;0;0;0
40850;7640;-436000;778206;-71031;0;0;0;0;0;0
40900;7578;-124000;774125;-81625;0;0;0;0;0;0
40950;7640;124000;772100;-40500;0;0;0;0;0;0
41000;7804;328000;773760;33200;0;0;0;0;0;0
41050;7800;-8000;775008;24960;0;0;0;0;0;0
41100;7742;-116000;774846;-3232;0;0;0;0;0;0
41150;7714;-56000;774157;-13785;0;0;0;0;0;0
41200;7702;-24000;773366;-15828;0;0;0;0;0;0
41250;7766;128000;774013;12938;0;0;0;0;0;0
41300;7736;-60000;773930;-1650;0;0;0;0;0;0
41350;7764;56000;774424;9880;0;0;0;0;0;0
41400;7742;-44000;774379;-896;0;0;0;0;0;0
41450;7756;28000;774623;4883;0;0;0;0;0;0
41500;7766;20000;775019;7906;0;0;0;0;0;0
41550;7716;-100000;774335;-13675;0;0;0;0;0;0
41600;7694;-44000;773348;-19740;0;0;0;0;0;0
41650;7726;64000;773198;-2992;0;0;0;0;0;0
41700;7668;-116000;771919;-25594;0;0;0;0;0;0
41750;7556;-224000;768655;-65274;0;0;0;0;0;0
41800;7554;-4000;766004;-53020;0;0;0;0;0;0
41850;7540;-28000;763603;-48016;0;0;0;0;0;0
41900;7612;144000;763123;-9612;0;0;0;0;0;0
41950;7612;0;762738;-7690;0;0;0;0;0;0
42000;7492;-240000;760030;-54152;0;0;0;0;0;0
42050;7532;80000;758664;-27321;0;0;0;0;0;0
42100;7728;392000;761491;56543;0;0;0;0;0;0
42150;7648;-160000;762153;13234;0;0;0;0;0;0
42200;7402;-492000;757763;-87813;0;0;0;0;0;0
42250;7414;24000;754490;-65450;0;0;0;0;0;0
42300;7752;676000;758632;82840;0;0;0;0;0;0
42350;7732;-40000;761546;58271;0;0;0;0;0;0
42400;7630;-204000;761837;5817;0;0;0;0;0;0
42450;7700;140000;763469;32654;0;0;0;0;0;0
42500;7636;-128000;763495;523;0;0;0;0;0;0
42550;7584;-104000;762476;-20382;0;0;0;0;0;0
42600;7568;-32000;761341;-22705;0;0;0;0;0;0
42650;7602;68000;761113;-4564;0;0;0;0;0;0
42700;7542;-120000;759730;-27651;0;0;0;0;0;0
42750;7588;92000;759544;-3721;0;0;0;0;0;0
42800;7540;-96000;758435;-22177;0;0;0;0;0;0
42850;7568;56000;758108;-6542;0;0;0;0;0;0
42900;7562;-12000;757727;-7633;0;0;0;0;0;0
42950;7528;-68000;756741;-19707;0;0;0;0;0;0
43000;7436;-184000;754113;-52565;0;0;0;0;0;0
43050;7464;56000;752570;-30853;0;0;0;0;0;0
43100;7514;100000;752336;-4682;0;0;0;0;0;0
43150;7602;176000;753909;31455;0;0;0;0;0;0
43200;7546;-112000;754047;2764;0;0;0;0;0;0
43250;7602;112000;755278;24611;0;0;0;0;0;0
43300;7572;-60000;755662;7688;0;0;0;0;0;0
43350;7526;-92000;755050;-12249;0;0;0;0;0;0
43400;7568;84000;755400;7001;0;0;0;0;0;0
43450;7570;4000;755720;6400;0;0;0;0;0;0
43500;7586;32000;756296;11521;0;0;0;0;0;0
43550;7572;-28000;756477;3616;0;0;0;0;0;0
43600;7472;-200000;754621;-37106;0;0;0;0;0;0
43650;7472;0;753137;-29686;0;0;0;0;0;0
43700;7574;204000;753990;17052;0;0;0;0;0;0
43750;7528;-92000;753752;-4759;0;0;0;0;0;0
43800;7546;36000;753921;3393;0;0;0;0;0;0
43850;7546;0;754057;2715;0;0;0;0;0;0
43900;7562;32000;754486;8571;0;0;0;0;0;0
43950;7540;-44000;754389;-1942;0;0;0;0;0;0
44000;7524;-32000;753991;-7954;0;0;0;0;0;0
44050;7538;28000;753953;-764;0;0;0;0;0;0
44100;7530;-16000;753762;-3811;0;0;0;0;0;0
44150;7504;-52000;753090;-13448;0;0;0;0;0;0
44200;7410;-188000;750672;-48359;0;0;0;0;0;0
44250;7562;304000;751777;22113;0;0;0;0;0;0
44300;7408;-308000;749582;-43910;0;0;0;0;0;0
44350;7546;276000;750586;20072;0;0;0;0;0;0
44400;7444;-204000;749348;-24742;0;0;0;0;0;0
44450;7416;-56000;747799;-30994;0;0;0;0;0;0
44500;7456;80000;747359;-8795;0;0;0;0;0;0
44550;7414;-84000;746167;-23836;0;0;0;0;0;0
44600;7434;40000;745614;-11068;0;0;0;0;0;0
44650;7456;44000;745611;-55;0;0;0;0;0;0
44700;7418;-76000;744849;-15244;0;0;0;0;0;0
44750;7432;28000;744519;-6596;0;0;0;0;0;0
44800;7432;0;744255;-5276;0;0;0;0;0;0
44850;7392;-80000;743244;-20221;0;0;0;0;0;0
44900;7438;92000;743355;2224;0;0;0;0;0;0
44950;7394;-88000;742564;-15821;0;0;0;0;0;0
45000;7264;-260000;739331;-64657;0;0;0;0;0;0
45050;7222;-84000;735905;-68525;0;0;0;0;0;0
45100;7172;-100000;732164;-74820;0;0;0;0;0;0
45150;7204;64000;729811;-47057;0;0;0;0;0;0
45200;7402;396000;731889;41555;0;0;0;0;0;0
45250;7468;132000;734871;59644;0;0;0;0;0;0
45300;7414;-108000;736177;26115;0;0;0;0;0;0
45350;7516;204000;739262;61692;0;0;0;0;0;0
45400;7486;-60000;741129;37354;0;0;0;0;0;0
45450;7384;-204000;740583;-10917;0;0;0;0;0;0
45500;7332;-104000;739107;-29534;0;0;0;0;0;0
45550;7326;-12000;737805;-26027;0;0;0;0;0;0
45600;7326;0;736764;-20821;0;0;0;0;0;0
45650;7356;60000;736531;-4657;0;0;0;0;0;0
45700;7326;-60000;735745;-15726;0;0;0;0;0;0
45750;7312;-28000;734836;-18181;0;0;0;0;0;0
45800;7256;-112000;732989;-36944;0;0;0;0;0;0
45850;7282;52000;732031;-19155;0;0;0;0;0;0
45900;7304;44000;731705;-6524;0;0;0;0;0;0
45950;7310;12000;731564;-2819;0;0;0;0;0;0
46000;7276;-68000;730771;-15855;0;0;0;0;0;0
46050;7254;-44000;729697;-21484;0;0;0;0;0;0
46100;7370;232000;731158;29212;0;0;0;0;0;0
46150;7326;-88000;731446;5770;0;0;0;0;0;0
46200;7284;-84000;730837;-12185;0;0;0;0;0;0
46250;7318;68000;731029;3853;0;0;0;0;0;0
46300;7224;-188000;729304;-34518;0;0;0;0;0;0
46350;7250;52000;728443;-17214;0;0;0;0;0;0
46400;7102;-296000;724794;-72972;0;0;0;0;0;0
46450;7340;476000;726635;36823;0;0;0;0;0;0
46500;7310;-60000;727508;17458;0;0;0;0;0;0
46550;7268;-84000;727367;-2833;0;0;0;0;0;0
46600;7134;-268000;724573;-55867;0;0;0;0;0;0
46650;7078;-112000;721219;-67094;0;0;0;0;0;0
46700;7238;320000;721735;10325;0;0;0;0;0;0
46750;7248;20000;722348;12261;0;0;0;0;0;0
46800;7238;-20000;722638;5809;0;0;0;0;0;0
46850;7232;-12000;722751;2246;0;0;0;0;0;0
46900;7240;16000;723001;4997;0;0;0;0;0;0
46950;7264;48000;723680;13598;0;0;0;0;0;0
47000;7256;-16000;724064;7679;0;0;0;0;0;0
47050;7156;-200000;722371;-33857;0;0;0;0;0;0
47100;7196;80000;721817;-11086;0;0;0;0;0;0
47150;7166;-60000;720774;-20869;0;0;0;0;0;0
47200;7216;100000;720939;3305;0;0;0;0;0;0
47250;7186;-60000;720471;-9355;0;0;0;0;0;0
47300;7112;-148000;718617;-37085;0;0;0;0;0;0
47350;7144;64000;717774;-16868;0;0;0;0;0;0
47400;7112;-64000;716459;-26294;0;0;0;0;0;0
47450;7070;-84000;714567;-37835;0;0;0;0;0;0
47500;7042;-56000;712494;-41469;0;0;0;0;0;0
47550;7012;-60000;710235;-45175;0;0;0;0;0;0
47600;7098;172000;710148;-1739;0;0;0;0;0;0
47650;7168;140000;711478;26608;0;0;0;0;0;0
47700;7200;64000;713183;34087;0;0;0;0;0;0
47750;7018;-364000;710906;-45531;0;0;0;0;0;0
47800;6992;-52000;708565;-46824;0;0;0;0;0;0
47850;7126;268000;709372;16141;0;0;0;0;0;0
47900;7132;12000;710138;15313;0;0;0;0;0;0
47950;7120;-24000;710510;7449;0;0;0;0;0;0
48000;6908;-424000;706568;-78840;0;0;0;0;0;0
48050;7086;356000;706974;8128;0;0;0;0;0;0
48100;7158;144000;708740;35302;0;0;0;0;0;0
48150;7102;-112000;709032;5842;0;0;0;0;0;0
48200;7168;132000;710585;31073;0;0;0;0;0;0
48250;7076;-184000;709988;-11941;0;0;0;0;0;0
48300;6966;-220000;707311;-53553;0;0;0;0;0;0
48350;7100;268000;707848;10758;0;0;0;0;0;0
48400;7226;252000;710799;59006;0;0;0;0;0;0
48450;7106;-240000;710759;-795;0;0;0;0;0;0
48500;7052;-108000;709647;-22236;0;0;0;0;0;0
48550;6988;-128000;707478;-43389;0;0;0;0;0;0
48600;7078;180000;707542;1289;0;0;0;0;0;0
48650;7120;84000;708434;17831;0;0;0;0;0;0
48700;7154;68000;709827;27865;0;0;0;0;0;0
48750;7164;20000;711142;26292;0;0;0;0;0;0
48800;7084;-160000;710593;-10967;0;0;0;0;0;0
48850;7050;-68000;709475;-22373;0;0;0;0;0;0
48900;7052;4000;708620;-17099;0;0;0;0;0;0
48950;7074;44000;708376;-4879;0;0;0;0;0;0
49000;7092;36000;708541;3297;0;0;0;0;0;0
49050;7120;56000;709233;13838;0;0;0;0;0;0
49100;7106;-28000;709506;5470;0;0;0;0;0;0
49150;7134;56000;710285;15576;0;0;0;0;0;0
49200;6884;-500000;705908;-87539;0;0;0;0;0;0
49250;7026;284000;705246;-13231;0;0;0;0;0;0
49300;7120;188000;706597;27015;0;0;0;0;0;0
49350;7058;-124000;706438;-3188;0;0;0;0;0;0
49400;7006;-104000;705270;-23351;0;0;0;0;0;0
49450;6992;-28000;704056;-24280;0;0;0;0;0;0
49500;6886;-212000;700965;-61824;0;0;0;0;0;0
49550;6958;144000;699932;-20659;0;0;0;0;0;0
49600;7100;284000;701945;40272;0;0;0;0;0;0
49650;7032;-136000;702196;5018;0;0;0;0;0;0
49700;7008;-48000;701917;-5586;0;0;0;0;0;0
49750;7040;64000;702334;8332;0;0;0;0;0;0
49800;7012;-56000;702107;-4535;0;0;0;0;0;0
49850;6896;-232000;699606;-50027;0;0;0;0;0;0
49900;6818;-156000;696044;-71223;0;0;0;0;0;0
49950;6832;28000;693476;-51378;0;0;0;0;0;0
50000;6896;128000;692700;-15502;0;0;0;0;0;0
50050;7088;384000;695920;64398;0;0;0;0;0;0
50100;6940;-296000;695536;-7682;0;0;0;0;0;0
50150;6986;92000;696149;12255;0;0;0;0;0;0
50200;6986;0;696639;9804;0;0;0;0;0;0
50250;6914;-144000;695591;-20957;0;0;0;0;0;0
50300;6984;140000;696153;11234;0;0;0;0;0;0
50350;6896;-176000;694842;-26212;0;0;0;0;0;0
50400;6916;40000;694194;-12970;0;0;0;0;0;0
50450;6894;-44000;693235;-19176;0;0;0;0;0;0
50500;6922;56000;693028;-4141;0;0;0;0;0;0
50550;6872;-100000;691863;-23313;0;0;0;0;0;0
50600;6942;140000;692330;9350;0;0;0;0;0;0
50650;6884;-116000;691544;-15720;0;0;0;0;0;0
50700;6890;12000;691035;-10176;0;0;0;0;0;0
50750;6892;4000;690668;-7341;0;0;0;0;0;0
50800;6826;-132000;689055;-32272;0;0;0;0;0;0
50850;6846;40000;688164;-17818;0;0;0;0;0;0
50900;6950;208000;689531;27346;0;0;0;0;0;0
50950;6838;-224000;688385;-22924;0;0;0;0;0;0
51000;6898;120000;688668;5661;0;0;0;0;0;0
51050;6886;-24000;688654;-271;0;0;0;0;0;0
51100;6844;-84000;687803;-17017;0;0;0;0;0;0
51150;6746;-196000;685163;-52813;0;0;0;0;0;0
51200;6768;44000;683490;-33451;0;0;0;0;0;0
51250;6728;-80000;681352;-42761;0;0;0;0;0;0
51300;6780;104000;680682;-13408;0;0;0;0;0;0
51350;6824;88000;681025;6873;0;0;0;0;0;0
51400;6806;-36000;680940;-1701;0;0;0;0;0;0
51450;6860;108000;681952;20238;0;0;0;0;0;0
51500;6878;36000;683122;23391;0;0;0;0;0;0
51550;6854;-48000;683577;9113;0;0;0;0;0;0
51600;6896;84000;684782;24090;0;0;0;0;0;0
51650;6876;-40000;685346;11272;0;0;0;0;0;0
51700;6914;76000;686556;24218;0;0;0;0;0;0
51750;6870;-88000;686645;1774;0;0;0;0;0;0
51800;6814;-112000;685596;-20980;0;0;0;0;0;0
51850;6810;-8000;684677;-18385;0;0;0;0;0;0
51900;6858;96000;684902;4492;0;0;0;0;0;0
51950;6806;-104000;684041;-17206;0;0;0;0;0;0
52000;6860;108000;684433;7835;0;0;0;0;0;0
52050;6838;-44000;684306;-2532;0;0;0;0;0;0
52100;6894;112000;685325;20375;0;0;0;0;0;0
52150;6818;-152000;684620;-14101;0;0;0;0;0;0
52200;6794;-48000;683576;-20880;0;0;0;0;0;0
52250;6792;-4000;682701;-17504;0;0;0;0;0;0
52300;6766;-52000;681481;-24403;0;0;0;0;0;0
52350;6758;-16000;680345;-22723;0;0;0;0;0;0
52400;6740;-36000;679076;-25378;0;0;0;0;0;0
52450;6740;0;678061;-20303;0;0;0;0;0;0
52500;6680;-120000;676048;-40242;0;0;0;0;0;0
52550;6682;4000;674479;-31394;0;0;0;0;0;0
52600;6812;260000;675823;26885;0;0;0;0;0;0
52650;6850;76000;677658;36708;0;0;0;0;0;0
52700;6718;-264000;676487;-23434;0;0;0;0;0;0
52750;6692;-52000;675029;-29146;0;0;0;0;0;0
52800;6778;172000;675583;11082;0;0;0;0;0;0
52850;6818;80000;676827;24866;0;0;0;0;0;0
52900;6708;-220000;675621;-24107;0;0;0;0;0;0
52950;6764;112000;675777;3114;0;0;0;0;0;0
53000;6620;-288000;673022;-55108;0;0;0;0;0;0
53050;6722;204000;672857;-3287;0;0;0;0;0;0
53100;6732;20000;672926;1370;0;0;0;0;0;0
53150;6694;-76000;672221;-14104;0;0;0;0;0;0
53200;6788;188000;673537;26317;0;0;0;0;0;0
53250;6732;-112000;673469;-1347;0;0;0;0;0;0
53300;6720;-24000;673175;-5877;0;0;0;0;0;0
53350;6662;-116000;671780;-27901;0;0;0;0;0;0
53400;6664;4000;670704;-21521;0;0;0;0;0;0
53450;6692;56000;670403;-6017;0;0;0;0;0;0
53500;6714;44000;670603;3986;0;0;0;0;0;0
53550;6708;-12000;670642;789;0;0;0;0;0;0
53600;6604;-208000;668594;-40969;0;0;0;0;0;0
53650;6518;-172000;665235;-67175;0;0;0;0;0;0
53700;6512;-12000;662428;-56140;0;0;0;0;0;0
53750;6568;112000;661302;-22512;0;0;0;0;0;0
53800;6628;120000;661602;5990;0;0;0;0;0;0
53850;6662;68000;662522;18393;0;0;0;0;0;0
53900;6674;24000;663497;19514;0;0;0;0;0;0
53950;6686;24000;664518;20411;0;0;0;0;0;0
54000;6702;32000;665654;22729;0;0;0;0;0;0
54050;6646;-112000;665443;-4217;0;0;0;0;0;0
54100;6688;84000;666115;13427;0;0;0;0;0;0
54150;6586;-204000;664612;-30059;0;0;0;0;0;0
54200;6648;124000;664649;753;0;0;0;0;0;0
54250;6630;-36000;664320;-6598;0;0;0;0;0;0
54300;6662;64000;664696;7521;0;0;0;0;0;0
54350;6562;-200000;662997;-33982;0;0;0;0;0;0
54400;6568;12000;661757;-24786;0;0;0;0;0;0
54450;6598;60000;661366;-7829;0;0;0;0;0;0
54500;6538;-120000;659853;-30263;0;0;0;0;0;0
54550;6584;92000;659562;-5811;0;0;0;0;0;0
54600;6544;-80000;658530;-20648;0;0;0;0;0;0
54650;6500;-88000;656824;-34119;0;0;0;0;0;0
54700;6472;-56000;654899;-38495;0;0;0;0;0;0
54750;6488;32000;653679;-24396;0;0;0;0;0;0
54800;6554;132000;654023;6883;0;0;0;0;0;0
54850;6588;68000;654979;19106;0;0;0;0;0;0
54900;6548;-80000;654943;-715;0;0;0;0;0;0
54950;6604;112000;656034;21828;0;0;0;0;0;0
55000;6674;140000;658307;45463;0;0;0;0;0;0
55050;6632;-84000;659286;19570;0;0;0;0;0;0
55100;6554;-156000;658509;-15544;0;0;0;0;0;0
55150;6544;-20000;657687;-16436;0;0;0;0;0;0
55200;6592;96000;657990;6052;0;0;0;0;0;0
55250;6504;-176000;656472;-30358;0;0;0;0;0;0
55300;6578;148000;656737;5313;0;0;0;0;0;0
55350;6502;-152000;655430;-26149;0;0;0;0;0;0
55400;6462;-80000;653584;-36920;0;0;0;0;0;0
55450;6534;144000;653547;-735;0;0;0;0;0;0
55500;6516;-36000;653158;-7788;0;0;0;0;0;0
55550;6494;-44000;652406;-15031;0;0;0;0;0;0
55600;6514;40000;652205;-4024;0;0;0;0;0;0
55650;6472;-84000;651204;-20020;0;0;0;0;0;0
55700;6466;-12000;650283;-18416;0;0;0;0;0;0
55750;6460;-12000;649427;-17133;0;0;0;0;0;0
55800;6508;96000;649701;5494;0;0;0;0;0;0
55850;6466;-84000;649081;-12405;0;0;0;0;0;0
55900;6490;48000;649065;-324;0;0;0;0;0;0
55950;6550;120000;650252;23741;0;0;0;0;0;0
56000;6480;-140000;649801;-9007;0;0;0;0;0;0
56050;6346;-268000;646761;-60806;0;0;0;0;0;0
56100;6460;228000;646609;-3045;0;0;0;0;0;0
56150;6488;56000;647047;8765;0;0;0;0;0;0
56200;6424;-128000;646118;-18589;0;0;0;0;0;0
56250;6428;8000;645454;-13271;0;0;0;0;0;0
56300;6276;-304000;641883;-71417;0;0;0;0;0;0
56350;6266;-20000;638827;-61134;0;0;0;0;0;0
56400;6352;172000;638101;-14507;0;0;0;0;0;0
56450;6444;184000;639361;25194;0;0;0;0;0;0
56500;6508;128000;641649;45756;0;0;0;0;0;0
56550;6402;-212000;641359;-5795;0;0;0;0;0;0
56600;6438;72000;641847;9764;0;0;0;0;0;0
56650;6430;-16000;642078;4611;0;0;0;0;0;0
56700;6466;72000;642982;18089;0;0;0;0;0;0
56750;6388;-156000;642146;-16729;0;0;0;0;0;0
56800;6322;-132000;640157;-39783;0;0;0;0;0;0
56850;6486;328000;641845;33773;0;0;0;0;0;0
56900;6416;-140000;641796;-981;0;0;0;0;0;0
56950;6438;44000;642197;8015;0;0;0;0;0;0
57000;6430;-16000;642358;3212;0;0;0;0;0;0
57050;6370;-120000;641286;-21431;0;0;0;0;0;0
57100;6482;224000;642669;27656;0;0;0;0;0;0
57150;6396;-172000;642055;-12275;0;0;0;0;0;0
57200;6452;112000;642684;12580;0;0;0;0;0;0
57250;6396;-112000;642067;-12336;0;0;0;0;0;0
57300;6434;76000;642334;5331;0;0;0;0;0;0
57350;6290;-288000;639667;-53335;0;0;0;0;0;0
57400;6374;168000;639214;-9068;0;0;0;0;0;0
57450;6360;-28000;638571;-12854;0;0;0;0;0;0
57500;6356;-8000;637977;-11884;0;0;0;0;0;0
57550;6288;-136000;636141;-36707;0;0;0;0;0;0
57600;6348;120000;635873;-5365;0;0;0;0;0;0
57650;6288;-120000;634458;-28293;0;0;0;0;0;0
57700;6290;4000;633367;-21834;0;0;0;0;0;0
57750;6330;80000;633293;-1467;0;0;0;0;0;0
57800;6262;-136000;631875;-28374;0;0;0;0;0;0
57850;6238;-48000;630260;-32299;0;0;0;0;0;0
57900;6298;120000;630168;-1839;0;0;0;0;0;0
57950;6354;112000;631214;20929;0;0;0;0;0;0
58000;6412;116000;633211;39942;0;0;0;0;0;0
58050;6298;-228000;632529;-13646;0;0;0;0;0;0
58100;6304;12000;632103;-8517;0;0;0;0;0;0
58150;6332;56000;632323;4387;0;0;0;0;0;0
58200;6316;-32000;632178;-2891;0;0;0;0;0;0
58250;6332;32000;632383;4088;0;0;0;0;0;0
58300;6302;-60000;631946;-8730;0;0;0;0;0;0
58350;6244;-116000;630437;-30184;0;0;0;0;0;0
58400;6268;48000;629709;-14547;0;0;0;0;0;0
58450;6258;-20000;628928;-15638;0;0;0;0;0;0
58500;6210;-96000;627342;-31710;0;0;0;0;0;0
58550;6284;148000;627554;4231;0;0;0;0;0;0
58600;6238;-92000;626803;-15015;0;0;0;0;0;0
58650;6212;-52000;625682;-22412;0;0;0;0;0;0
58700;6234;44000;625226;-9129;0;0;0;0;0;0
58750;6208;-52000;624341;-17703;0;0;0;0;0;0
58800;6288;160000;625233;17837;0;0;0;0;0;0
58850;6254;-68000;625266;670;0;0;0;0;0;0
58900;6186;-136000;623933;-26664;0;0;0;0;0;0
58950;6234;96000;623826;-2132;0;0;0;0;0;0
59000;6182;-104000;622701;-22505;0;0;0;0;0;0
59050;6250;136000;623161;9196;0;0;0;0;0;0
59100;6170;-160000;621929;-24644;0;0;0;0;0;0
59150;6024;-292000;618023;-78114;0;0;0;0;0;0
59200;6094;140000;616298;-34492;0;0;0;0;0;0
59250;6206;224000;617159;17207;0;0;0;0;0;0
59300;6230;48000;618327;23365;0;0;0;0;0;0
59350;6230;0;619262;18692;0;0;0;0;0;0
59400;6222;-16000;619849;11754;0;0;0;0;0;0
59450;6154;-136000;618959;-17797;0;0;0;0;0;0
59500;6132;-44000;617808;-23038;0;0;0;0;0;0
59550;6188;112000;618006;3970;0;0;0;0;0;0
59600;6230;84000;619005;19976;0;0;0;0;0;0
59650;6162;-136000;618444;-11219;0;0;0;0;0;0
59700;6086;-152000;616475;-39375;0;0;0;0;0;0
59750;6146;120000;616100;-7500;0;0;0;0;0;0
59800;6186;80000;616600;10000;0;0;0;0;0;0
59850;6180;-12000;616880;5600;0;0;0;0;0;0
59900;6152;-56000;616544;-6721;0;0;0;0;0;0
59950;6156;8000;616355;-3776;0;0;0;0;0;0
60000;6186;60000;616804;8979;0;0;0;0;0;0
60050;6094;-184000;615323;-29617;0;0;0;0;0;0
60100;6100;12000;614259;-21293;0;0;0;0;0;0
60150;6104;8000;613487;-15435;0;0;0;0;0;0
60200;6136;64000;613510;452;0;0;0;0;0;0
60250;6082;-108000;612448;-21238;0;0;0;0;0;0
60300;6068;-28000;611318;-22591;0;0;0;0;0;0
60350;6128;120000;611614;5928;0;0;0;0;0;0
60400;6184;112000;612972;27142;0;0;0;0;0;0
60450;6112;-144000;612617;-7086;0;0;0;0;0;0
60500;6068;-88000;611454;-23270;0;0;0;0;0;0
60550;5982;-172000;608803;-53016;0;0;0;0;0;0
60600;5988;12000;606802;-40012;0;0;0;0;0;0
60650;6002;28000;605482;-26410;0;0;0;0;0;0
60700;6038;72000;605146;-6728;0;0;0;0;0;0
60750;6078;80000;605676;10618;0;0;0;0;0;0
60800;6124;92000;607021;26895;0;0;0;0;0;0
60850;6138;28000;608377;27115;0;0;0;0;0;0
60900;6062;-152000;607942;-8708;0;0;0;0;0;0
60950;6044;-36000;607233;-14166;0;0;0;0;0;0
61000;6072;56000;607227;-133;0;0;0;0;0;0
61050;6104;64000;607861;12693;0;0;0;0;0;0
61100;6044;-120000;607169;-13845;0;0;0;0;0;0
61150;6058;28000;606895;-5477;0;0;0;0;0;0
61200;6130;144000;608116;24419;0;0;0;0;0;0
61250;6052;-156000;607533;-11665;0;0;0;0;0;0
61300;6060;16000;607226;-6132;0;0;0;0;0;0
61350;6040;-40000;606581;-12905;0;0;0;0;0;0
61400;6020;-40000;605665;-18324;0;0;0;0;0;0
61450;5972;-96000;603972;-33859;0;0;0;0;0;0
61500;5982;20000;602817;-23088;0;0;0;0;0;0
61550;5982;0;601894;-18470;0;0;0;0;0;0
61600;5972;-20000;600955;-18776;0;0;0;0;0;0
61650;6018;92000;601124;3379;0;0;0;0;0;0
61700;5968;-100000;600259;-17297;0;0;0;0;0;0
61750;6030;124000;600807;10963;0;0;0;0;0;0
61800;6088;116000;602406;31971;0;0;0;0;0;0
61850;5968;-240000;601285;-22424;0;0;0;0;0;0
61900;5932;-72000;599668;-32339;0;0;0;0;0;0
61950;5978;92000;599294;-7472;0;0;0;0;0;0
62000;5936;-84000;598155;-22777;0;0;0;0;0;0
62050;5934;-4000;597204;-19021;0;0;0;0;0;0
62100;5960;52000;596963;-4817;0;0;0;0;0;0
62150;6022;124000;598011;20946;0;0;0;0;0;0
62200;6024;4000;598889;17557;0;0;0;0;0;0
62250;5928;-192000;597671;-24354;0;0;0;0;0;0
62300;5812;-232000;594377;-65884;0;0;0;0;0;0
62350;5822;20000;591941;-48707;0;0;0;0;0;0
62400;5812;-20000;589793;-42965;0;0;0;0;0;0
62450;5986;348000;591554;35228;0;0;0;0;0;0
62500;6048;124000;594204;52982;0;0;0;0;0;0
62550;5912;-272000;593603;-12015;0;0;0;0;0;0
62600;5990;156000;594682;21589;0;0;0;0;0;0
62650;5960;-60000;594946;5271;0;0;0;0;0;0
62700;6022;124000;596397;29017;0;0;0;0;0;0
62750;6016;-12000;597437;20813;0;0;0;0;0;0
62800;5892;-248000;595790;-32949;0;0;0;0;0;0
62850;6008;232000;596792;20041;0;0;0;0;0;0
62900;5830;-356000;594033;-55168;0;0;0;0;0;0
62950;5730;-200000;589827;-84134;0;0;0;0;0;0
63000;5992;524000;591701;37493;0;0;0;0;0;0
63050;5946;-92000;592281;11594;0;0;0;0;0;0
63100;5948;4000;592785;10075;0;0;0;0;0;0
63150;5752;-392000;589268;-70340;0;0;0;0;0;0
63200;5900;296000;589414;2929;0;0;0;0;0;0
63250;5874;-52000;589011;-8058;0;0;0;0;0;0
63300;5838;-72000;587969;-20846;0;0;0;0;0;0
63350;5826;-24000;586895;-21477;0;0;0;0;0;0
63400;5852;52000;586556;-6781;0;0;0;0;0;0
63450;5802;-100000;585285;-25425;0;0;0;0;0;0
63500;5840;76000;585028;-5141;0;0;0;0;0;0
63550;5738;-204000;582782;-44912;0;0;0;0;0;0
63600;5746;16000;581146;-32729;0;0;0;0;0;0
63650;5804;116000;580997;-2983;0;0;0;0;0;0
63700;5802;-4000;580837;-3187;0;0;0;0;0;0
63750;5842;80000;581510;13450;0;0;0;0;0;0
63800;5698;-288000;579168;-46840;0;0;0;0;0;0
63850;5680;-36000;576934;-44672;0;0;0;0;0;0
63900;5836;312000;578267;26663;0;0;0;0;0;0
63950;5874;76000;580094;36530;0;0;0;0;0;0
64000;5776;-196000;579595;-9976;0;0;0;0;0;0
64050;5790;28000;579476;-2381;0;0;0;0;0;0
64100;5694;-192000;577461;-40305;0;0;0;0;0;0
64150;5672;-44000;575409;-41044;0;0;0;0;0;0
64200;5756;168000;575447;765;0;0;0;0;0;0
64250;5828;144000;576918;29412;0;0;0;0;0;0
64300;5802;-52000;577574;13130;0;0;0;0;0;0
64350;5828;52000;578619;20903;0;0;0;0;0;0
64400;5740;-176000;577695;-18477;0;0;0;0;0;0
64450;5734;-12000;576836;-17182;0;0;0;0;0;0
64500;5766;64000;576789;-945;0;0;0;0;0;0
64550;5798;64000;577391;12044;0;0;0;0;0;0
64600;5726;-144000;576433;-19165;0;0;0;0;0;0
64650;5786;120000;576866;8668;0;0;0;0;0;0
64700;5780;-12000;577093;4534;0;0;0;0;0;0
64750;5674;-212000;575154;-38772;0;0;0;0;0;0
64800;5710;72000;574324;-16618;0;0;0;0;0;0
64850;5748;76000;574419;1905;0;0;0;0;0;0
64900;5690;-116000;573335;-21676;0;0;0;0;0;0
64950;5704;28000;572748;-11740;0;0;0;0;0;0
65000;5722;36000;572638;-2192;0;0;0;0;0;0
65050;5650;-144000;571111;-30554;0;0;0;0;0;0
65100;5666;32000;570209;-18043;0;0;0;0;0;0
65150;5602;-128000;568207;-40034;0;0;0;0;0;0
65200;5570;-64000;565966;-44827;0;0;0;0;0;0
65250;5672;204000;566212;4938;0;0;0;0;0;0
65300;5668;-8000;566330;2351;0;0;0;0;0;0
65350;5614;-108000;565344;-19720;0;0;0;0;0;0
65400;5600;-28000;564275;-21376;0;0;0;0;0;0
65450;5722;244000;565860;31699;0;0;0;0;0;0
65500;5718;-8000;567048;23760;0;0;0;0;0;0
65550;5704;-28000;567718;13407;0;0;0;0;0;0
65600;5702;-4000;568215;9926;0;0;0;0;0;0
65650;5752;100000;569612;27941;0;0;0;0;0;0
65700;5748;-8000;570649;20753;0;0;0;0;0;0
65750;5682;-132000;570160;-9798;0;0;0;0;0;0
65800;5696;28000;570048;-2238;0;0;0;0;0;0
65850;5610;-172000;568238;-36190;0;0;0;0;0;0
65900;5598;-24000;566550;-33753;0;0;0;0;0;0
65950;5394;-408000;561120;-108602;0;0;0;0;0;0
66000;5632;476000;561536;8318;0;0;0;0;0;0
66050;5632;0;561869;6654;0;0;0;0;0;0
66100;5684;104000;563175;26124;0;0;0;0;0;0
66150;5530;-308000;561140;-40701;0;0;0;0;0;0
66200;5676;292000;562432;25839;0;0;0;0;0;0
66250;5604;-144000;562026;-8129;0;0;0;0;0;0
66300;5576;-56000;561141;-17703;0;0;0;0;0;0
66350;5436;-280000;557632;-70162;0;0;0;0;0;0
66400;5490;108000;555906;-34529;0;0;0;0;0;0
66450;5654;328000;557805;37977;0;0;0;0;0;0
66500;5598;-112000;558204;7980;0;0;0;0;0;0
66550;5576;-44000;558083;-2415;0;0;0;0;0;0
66600;5396;-360000;554386;-73933;0;0;0;0;0;0
66650;5460;128000;552709;-33546;0;0;0;0;0;0
66700;5578;236000;553727;20363;0;0;0;0;0;0
66750;5588;20000;554742;20291;0;0;0;0;0;0
66800;5550;-76000;554793;1032;0;0;0;0;0;0
66850;5558;16000;554995;4026;0;0;0;0;0;0
66900;5432;-252000;552636;-47179;0;0;0;0;0;0
66950;5492;120000;551949;-13743;0;0;0;0;0;0
67000;5584;184000;553239;25806;0;0;0;0;0;0
67050;5524;-120000;553071;-3355;0;0;0;0;0;0
67100;5534;20000;553137;1315;0;0;0;0;0;0
67150;5382;-304000;550150;-59748;0;0;0;0;0;0
67200;5406;48000;548240;-38198;0;0;0;0;0;0
67250;5504;196000;548672;8642;0;0;0;0;0;0
67300;5542;76000;549777;22113;0;0;0;0;0;0
67350;5432;-220000;548462;-26310;0;0;0;0;0;0
67400;5304;-256000;544850;-72248;0;0;0;0;0;0
67450;5276;-56000;541400;-68998;0;0;0;0;0;0
67500;5304;56000;539200;-43998;0;0;0;0;0;0
67550;5346;84000;538280;-18398;0;0;0;0;0;0
67600;5518;344000;540984;54081;0;0;0;0;0;0
67650;5542;48000;543627;52864;0;0;0;0;0;0
67700;5520;-44000;545302;33492;0;0;0;0;0;0
67750;5540;40000;547041;34793;0;0;0;0;0;0
67800;5452;-176000;546673;-7365;0;0;0;0;0;0
67850;5568;232000;548698;40508;0;0;0;0;0;0
67900;5476;-184000;548479;-4394;0;0;0;0;0;0
67950;5450;-52000;547783;-13915;0;0;0;0;0;0
68000;5446;-8000;547146;-12732;0;0;0;0;0;0
68050;5478;64000;547277;2614;0;0;0;0;0;0
68100;5356;-244000;544942;-46708;0;0;0;0;0;0
68150;5424;136000;544433;-10167;0;0;0;0;0;0
68200;5512;176000;545787;27066;0;0;0;0;0;0
68250;5468;-88000;545989;4054;0;0;0;0;0;0
68300;5466;-4000;546111;2442;0;0;0;0;0;0
68350;5360;-212000;544089;-40446;0;0;0;0;0;0
68400;5452;184000;544311;4443;0;0;0;0;0;0
68450;5448;-8000;544409;1955;0;0;0;0;0;0
68500;5402;-92000;543567;-16836;0;0;0;0;0;0
68550;5438;72000;543614;931;0;0;0;0;0;0
68600;5382;-112000;542531;-21655;0;0;0;0;0;0
68650;5426;88000;542545;275;0;0;0;0;0;0
68700;5438;24000;542796;5021;0;0;0;0;0;0
68750;5340;-196000;541037;-35184;0;0;0;0;0;0
68800;5316;-48000;539149;-37747;0;0;0;0;0;0
68850;5302;-28000;537359;-35797;0;0;0;0;0;0
68900;5368;132000;537248;-2238;0;0;0;0;0;0
68950;5408;80000;537958;14210;0;0;0;0;0;0
69000;5352;-112000;537406;-11032;0;0;0;0;0;0
69050;5334;-36000;536605;-16025;0;0;0;0;0;0
69100;5386;104000;537004;7979;0;0;0;0;0;0
69150;5362;-48000;536843;-3217;0;0;0;0;0;0
69200;5384;44000;537155;6227;0;0;0;0;0;0
69250;5290;-188000;535524;-32618;0;0;0;0;0;0
69300;5290;0;534219;-26095;0;0;0;0;0;0
69350;5290;0;533175;-20876;0;0;0;0;0;0
69400;5308;36000;532700;-9501;0;0;0;0;0;0
69450;5294;-28000;532040;-13200;0;0;0;0;0;0
69500;5378;168000;533192;23039;0;0;0;0;0;0
69550;5348;-60000;533514;6432;0;0;0;0;0;0
69600;5352;8000;533851;6745;0;0;0;0;0;0
69650;5320;-64000;533481;-7403;0;0;0;0;0;0
69700;5306;-28000;532905;-11523;0;0;0;0;0;0
69750;5318;24000;532684;-4418;0;0;0;0;0;0
69800;5234;-168000;530827;-37135;0;0;0;0;0;0
69850;5322;176000;531102;5492;0;0;0;0;0;0
69900;5284;-76000;530561;-10807;0;0;0;0;0;0
69950;5316;64000;530769;4155;0;0;0;0;0;0
70000;5316;0;530935;3324;0;0;0;0;0;0
70050;5268;-96000;530108;-16541;0;0;0;0;0;0
70100;5290;44000;529887;-4433;0;0;0;0;0;0
70150;5298;16000;529869;-346;0;0;0;0;0;0
70200;5268;-60000;529255;-12277;0;0;0;0;0;0
70250;5226;-84000;527924;-26621;0;0;0;0;0;0
70300;5266;80000;527659;-5297;0;0;0;0;0;0
70350;5264;-4000;527408;-5038;0;0;0;0;0;0
70400;5246;-36000;526846;-11230;0;0;0;0;0;0
70450;5198;-96000;525437;-28185;0;0;0;0;0;0
70500;5150;-96000;523349;-41747;0;0;0;0;0;0
70550;5202;104000;522720;-12598;0;0;0;0;0;0
70600;5304;204000;524256;30722;0;0;0;0;0;0
70650;5262;-84000;524645;7777;0;0;0;0;0;0
70700;5136;-252000;522436;-44178;0;0;0;0;0;0
70750;5292;312000;523789;27058;0;0;0;0;0;0
70800;5240;-104000;523831;846;0;0;0;0;0;0
70850;5234;-12000;523745;-1724;0;0;0;0;0;0
70900;5284;100000;524676;18621;0;0;0;0;0;0
70950;5254;-60000;524821;2897;0;0;0;0;0;0
71000;5226;-56000;524376;-8882;0;0;0;0;0;0
71050;5180;-92000;523101;-25506;0;0;0;0;0;0
71100;5188;16000;522241;-17205;0;0;0;0;0;0
71150;5176;-24000;521313;-18563;0;0;0;0;0;0
71200;5206;60000;521170;-2851;0;0;0;0;0;0
71250;5190;-32000;520736;-8681;0;0;0;0;0;0
71300;5174;-32000;520069;-13345;0;0;0;0;0;0
71350;5166;-16000;519375;-13876;0;0;0;0;0;0
71400;5166;0;518820;-11101;0;0;0;0;0;0
71450;5166;0;518376;-8881;0;0;0;0;0;0
71500;5242;152000;519541;23296;0;0;0;0;0;0
71550;5178;-128000;519193;-6964;0;0;0;0;0;0
71600;5188;20000;519114;-1570;0;0;0;0;0;0
71650;5152;-72000;518331;-15656;0;0;0;0;0;0
71700;5182;60000;518305;-525;0;0;0;0;0;0
71750;5156;-52000;517764;-10820;0;0;0;0;0;0
71800;5152;-8000;517251;-10256;0;0;0;0;0;0
71850;5114;-76000;516081;-23405;0;0;0;0;0;0
71900;5108;-12000;515025;-21124;0;0;0;0;0;0
71950;5170;124000;515420;7900;0;0;0;0;0;0
72000;5168;-4000;515696;5521;0;0;0;0;0;0
72050;5118;-100000;514917;-15583;0;0;0;0;0;0
72100;5128;20000;514493;-8467;0;0;0;0;0;0
72150;5076;-104000;513115;-27573;0;0;0;0;0;0
72200;5102;52000;512532;-11659;0;0;0;0;0;0
72250;5116;28000;512345;-3727;0;0;0;0;0;0
72300;5096;-40000;511796;-10981;0;0;0;0;0;0
72350;5174;156000;512917;22415;0;0;0;0;0;0
72400;5122;-104000;512774;-2868;0;0;0;0;0;0
72450;5116;-12000;512539;-4694;0;0;0;0;0;0
72500;5118;4000;512391;-2956;0;0;0;0;0;0
72550;5108;-20000;512073;-6364;0;0;0;0;0;0
72600;5140;64000;512458;7708;0;0;0;0;0;0
72650;5026;-228000;510487;-39434;0;0;0;0;0;0
72700;5036;20000;509109;-27547;0;0;0;0;0;0
72750;5122;172000;509727;12362;0;0;0;0;0;0
72800;5086;-72000;509502;-4510;0;0;0;0;0;0
72850;5120;68000;510002;9992;0;0;0;0;0;0
72900;5102;-36000;510041;794;0;0;0;0;0;0
72950;5086;-32000;509753;-5765;0;0;0;0;0;0
73000;5078;-16000;509362;-7812;0;0;0;0;0;0
73050;4986;-184000;507210;-43050;0;0;0;0;0;0
73100;5028;84000;506328;-17640;0;0;0;0;0;0
73150;5014;-28000;505342;-19712;0;0;0;0;0;0
73200;5016;4000;504594;-14970;0;0;0;0;0;0
73250;4954;-124000;502755;-36775;0;0;0;0;0;0
73300;4990;72000;502004;-15021;0;0;0;0;0;0
73350;5032;84000;502243;4784;0;0;0;0;0;0
73400;5042;20000;502635;7827;0;0;0;0;0;0
73450;5056;28000;503228;11861;0;0;0;0;0;0
73500;5024;-64000;503062;-3311;0;0;0;0;0;0
73550;4964;-120000;501730;-26648;0;0;0;0;0;0
73600;4934;-60000;500064;-33319;0;0;0;0;0;0
73650;5000;132000;500051;-255;0;0;0;0;0;0
73700;4978;-44000;499601;-9004;0;0;0;0;0;0
73750;4988;20000;499441;-3203;0;0;0;0;0;0
73800;4946;-84000;498473;-19362;0;0;0;0;0;0
73850;4962;32000;498018;-9090;0;0;0;0;0;0
73900;4946;-32000;497334;-13672;0;0;0;0;0;0
73950;4922;-48000;496308;-20538;0;0;0;0;0;0
74000;5024;204000;497526;24370;0;0;0;0;0;0
74050;4972;-104000;497461;-1305;0;0;0;0;0;0
74100;4898;-148000;495929;-30644;0;0;0;0;0;0
74150;4942;88000;495583;-6915;0;0;0;0;0;0
74200;4924;-36000;494946;-12731;0;0;0;0;0;0
74250;4936;24000;494677;-5386;0;0;0;0;0;0
74300;4938;4000;494502;-3508;0;0;0;0;0;0
74350;4902;-72000;493641;-17207;0;0;0;0;0;0
74400;4868;-68000;492273;-27365;0;0;0;0;0;0
74450;4924;112000;492298;508;0;0;0;0;0;0
74500;4958;68000;492999;14006;0;0;0;0;0;0
74550;4962;8000;493639;12805;0;0;0;0;0;0
74600;4940;-44000;493711;1444;0;0;0;0;0;0
74650;4796;-288000;490889;-56444;0;0;0;0;0;0
74700;4814;36000;488991;-37956;0;0;0;0;0;0
74750;4832;36000;487833;-23165;0;0;0;0;0;0
74800;4928;192000;488826;19868;0;0;0;0;0;0
74850;4868;-120000;488421;-8105;0;0;0;0;0;0
74900;4918;100000;489097;13516;0;0;0;0;0;0
74950;4872;-92000;488717;-7587;0;0;0;0;0;0
75000;4818;-108000;487334;-27670;0;0;0;0;0;0
75050;4862;88000;487107;-4536;0;0;0;0;0;0
75100;4894;64000;487566;9171;0;0;0;0;0;0
75150;4840;-108000;486853;-14263;0;0;0;0;0;0
75200;4882;84000;487122;5390;0;0;0;0;0;0
75250;4862;-40000;486938;-3688;0;0;0;0;0;0
75300;4866;8000;486870;-1351;0;0;0;0;0;0
75350;4844;-44000;486376;-9881;0;0;0;0;0;0
75400;4924;160000;487581;24096;0;0;0;0;0;0
75450;4930;12000;488665;21677;0;0;0;0;0;0
75500;4866;-128000;488252;-8259;0;0;0;0;0;0
75550;4858;-16000;487761;-9807;0;0;0;0;0;0
75600;4672;-372000;483649;-82246;0;0;0;0;0;0
75650;4730;116000;481519;-42597;0;0;0;0;0;0
75700;4770;80000;480615;-18077;0;0;0;0;0;0
75750;4808;76000;480652;738;0;0;0;0;0;0
75800;4800;-16000;480522;-2609;0;0;0;0;0;0
75850;4810;20000;480617;1912;0;0;0;0;0;0
75900;4808;-4000;480654;730;0;0;0;0;0;0
75950;4770;-76000;479923;-14616;0;0;0;0;0;0
76000;4784;28000;479619;-6093;0;0;0;0;0;0
76050;4798;28000;479655;726;0;0;0;0;0;0
76100;4736;-124000;478444;-24220;0;0;0;0;0;0
76150;4672;-128000;476195;-44976;0;0;0;0;0;0
76200;4788;232000;476716;10420;0;0;0;0;0;0
76250;4758;-60000;476533;-3664;0;0;0;0;0;0
76300;4802;88000;477266;14669;0;0;0;0;0;0
76350;4716;-172000;476133;-22665;0;0;0;0;0;0
76400;4732;32000;475546;-11732;0;0;0;0;0;0
76450;4772;80000;475877;6614;0;0;0;0;0;0
76500;4760;-24000;475902;491;0;0;0;0;0;0
76550;4706;-108000;474841;-21207;0;0;0;0;0;0
76600;4656;-100000;472993;-36966;0;0;0;0;0;0
76650;4674;36000;471874;-22372;0;0;0;0;0;0
76700;4730;112000;472100;4502;0;0;0;0;0;0
76750;4732;4000;472320;4401;0;0;0;0;0;0
76800;4738;12000;472616;5922;0;0;0;0;0;0
76850;4694;-88000;471973;-12863;0;0;0;0;0;0
76900;4694;0;471458;-10290;0;0;0;0;0;0
76950;4736;84000;471886;8567;0;0;0;0;0;0
77000;4758;44000;472669;15654;0;0;0;0;0;0
77050;4718;-80000;472495;-3477;0;0;0;0;0;0
77100;4630;-176000;470596;-37981;0;0;0;0;0;0
77150;4618;-24000;468837;-35185;0;0;0;0;0;0
77200;4668;100000;468430;-8148;0;0;0;0;0;0
77250;4674;12000;468224;-4118;0;0;0;0;0;0
77300;4638;-72000;467339;-17694;0;0;0;0;0;0
77350;4772;268000;469311;39444;0;0;0;0;0;0
77400;4682;-180000;469089;-4444;0;0;0;0;0;0
77450;4694;24000;469151;1244;0;0;0;0;0;0
77500;4680;-28000;468921;-4604;0;0;0;0;0;0
77550;4730;100000;469737;16316;0;0;0;0;0;0
77600;4708;-44000;469949;4253;0;0;0;0;0;0
77650;4646;-124000;468880;-21397;0;0;0;0;0;0
77700;4676;60000;468624;-5118;0;0;0;0;0;0
77750;4626;-100000;467419;-24095;0;0;0;0;0;0
77800;4722;192000;468375;19124;0;0;0;0;0;0
77850;4712;-20000;468940;11300;0;0;0;0;0;0
77900;4650;-124000;468152;-15761;0;0;0;0;0;0
77950;4636;-28000;467242;-18208;0;0;0;0;0;0
78000;4634;-4000;466473;-15366;0;0;0;0;0;0
78050;4634;0;465859;-12293;0;0;0;0;0;0
78100;4644;20000;465567;-5835;0;0;0;0;0;0
78150;4604;-80000;464534;-20668;0;0;0;0;0;0
78200;4604;0;463707;-16534;0;0;0;0;0;0
78250;4568;-72000;462325;-27627;0;0;0;0;0;0
78300;4506;-124000;459980;-46902;0;0;0;0;0;0
78350;4570;128000;459384;-11922;0;0;0;0;0;0
78400;4600;60000;459507;2463;0;0;0;0;0;0
78450;4648;96000;460566;21170;0;0;0;0;0;0
78500;4610;-76000;460653;1736;0;0;0;0;0;0
78550;4594;-32000;460402;-5011;0;0;0;0;0;0
78600;4572;-44000;459762;-12809;0;0;0;0;0;0
78650;4528;-88000;458369;-27847;0;0;0;0;0;0
78700;4588;120000;458456;1723;0;0;0;0;0;0
78750;4500;-176000;456764;-33822;0;0;0;0;0;0
78800;4426;-148000;453932;-56658;0;0;0;0;0;0
78850;4492;132000;452985;-18926;0;0;0;0;0;0
78900;4604;224000;454468;29659;0;0;0;0;0;0
78950;4516;-176000;453895;-11473;0;0;0;0;0;0
79000;4492;-48000;452956;-18778;0;0;0;0;0;0
79050;4516;48000;452685;-5423;0;0;0;0;0;0
79100;4498;-36000;452108;-11538;0;0;0;0;0;0
79150;4548;100000;452646;10770;0;0;0;0;0;0
79200;4594;92000;453997;27016;0;0;0;0;0;0
79250;4524;-140000;453677;-6388;0;0;0;0;0;0
79300;4524;0;453422;-5110;0;0;0;0;0;0
79350;4508;-32000;452898;-10488;0;0;0;0;0;0
79400;4582;148000;453958;21210;0;0;0;0;0;0
79450;4446;-272000;452086;-37433;0;0;0;0;0;0
79500;4374;-144000;449149;-58746;0;0;0;0;0;0
79550;4346;-56000;446239;-58196;0;0;0;0;0;0
79600;4440;188000;445791;-8957;0;0;0;0;0;0
79650;4524;168000;447113;26435;0;0;0;0;0;0
79700;4534;20000;448371;25147;0;0;0;0;0;0
79750;4464;-140000;447976;-7882;0;0;0;0;0;0
79800;4462;-4000;447621;-7105;0;0;0;0;0;0
79850;4480;36000;447697;1516;0;0;0;0;0;0
79900;4438;-84000;446918;-15588;0;0;0;0;0;0
79950;4494;112000;447414;9930;0;0;0;0;0;0
80000;4458;-72000;447091;-6456;0;0;0;0;0;0
80050;4404;-108000;445753;-26765;0;0;0;0;0;0
80100;4428;48000;445162;-11812;0;0;0;0;0;0
80150;4498;140000;446090;18551;0;0;0;0;0;0
80200;4474;-48000;446352;5240;0;0;0;0;0;0
80250;4430;-88000;445682;-13408;0;0;0;0;0;0
80300;4468;76000;445905;4474;0;0;0;0;0;0
80350;4380;-176000;444324;-31621;0;0;0;0;0;0
80400;4462;164000;444699;7503;0;0;0;0;0;0
80450;4454;-16000;444839;2803;0;0;0;0;0;0
80500;4438;-32000;444632;-4158;0;0;0;0;0;0
80550;4412;-52000;443945;-13727;0;0;0;0;0;0
80600;4428;32000;443716;-4581;0;0;0;0;0;0
80650;4404;-48000;443053;-13265;0;0;0;0;0;0
80700;4376;-56000;441962;-21812;0;0;0;0;0;0
80750;4380;8000;441170;-15850;0;0;0;0;0;0
80800;4450;140000;441936;15320;0;0;0;0;0;0
80850;4482;64000;443189;25057;0;0;0;0;0;0
80900;4404;-156000;442631;-11155;0;0;0;0;0;0
80950;4382;-44000;441745;-17724;0;0;0;0;0;0
81000;4374;-16000;440876;-17379;0;0;0;0;0;0
81050;4368;-12000;440061;-16304;0;0;0;0;0;0
81100;4322;-92000;438489;-31442;0;0;0;0;0;0
81150;4284;-76000;436471;-40354;0;0;0;0;0;0
81200;4356;144000;436297;-3483;0;0;0;0;0;0
81250;4350;-12000;436037;-5187;0;0;0;0;0;0
81300;4372;44000;436270;4650;0;0;0;0;0;0
81350;4354;-36000;436096;-3479;0;0;0;0;0;0
81400;4416;124000;437197;22017;0;0;0;0;0;0
81450;4342;-148000;436597;-11986;0;0;0;0;0;0
81500;4338;-8000;436038;-11189;0;0;0;0;0;0
81550;4318;-40000;435190;-16951;0;0;0;0;0;0
81600;4246;-144000;433072;-42361;0;0;0;0;0;0
81650;4284;76000;432138;-18689;0;0;0;0;0;0
81700;4218;-132000;430070;-41352;0;0;0;0;0;0
81750;4180;-76000;427656;-48281;0;0;0;0;0;0
81800;4150;-60000;425125;-50625;0;0;0;0;0;0
81850;4166;32000;423420;-34100;0;0;0;0;0;0
81900;4152;-28000;421776;-32880;0;0;0;0;0;0
81950;4112;-80000;419661;-42304;0;0;0;0;0;0
82000;4132;40000;418369;-25843;0;0;0;0;0;0
82050;4106;-52000;416815;-31074;0;0;0;0;0;0
82100;4144;76000;416332;-9659;0;0;0;0;0;0
82150;4184;80000;416746;8272;0;0;0;0;0;0
82200;4314;260000;419676;58618;0;0;0;0;0;0
82250;4362;96000;422981;66094;0;0;0;0;0;0
82300;4268;-188000;423745;15275;0;0;0;0;0;0
82350;4262;-12000;424236;9820;0;0;0;0;0;0
82400;4328;132000;425949;34256;0;0;0;0;0;0
82450;4364;72000;428039;41805;0;0;0;0;0;0
82500;4256;-216000;427551;-9756;0;0;0;0;0;0
82550;4282;52000;427681;2596;0;0;0;0;0;0
82600;4236;-92000;426865;-16324;0;0;0;0;0;0
82650;4278;84000;427052;3741;0;0;0;0;0;0
82700;4172;-212000;425081;-39407;0;0;0;0;0;0
82750;4178;12000;423625;-29126;0;0;0;0;0;0
82800;4220;84000;423300;-6501;0;0;0;0;0;0
82850;4262;84000;423880;11600;0;0;0;0;0;0
82900;4108;-308000;421264;-52320;0;0;0;0;0;0
82950;4066;-84000;418331;-58656;0;0;0;0;0;0
83000;4052;-28000;415705;-52525;0;0;0;0;0;0
83050;4030;-44000;413164;-50820;0;0;0;0;0;0
83100;4060;60000;411731;-28656;0;0;0;0;0;0
83150;4182;244000;413025;25875;0;0;0;0;0;0
83200;4246;128000;415340;46301;0;0;0;0;0;0
83250;4206;-80000;416392;21040;0;0;0;0;0;0
83300;4158;-96000;416274;-2368;0;0;0;0;0;0
83350;4184;52000;416699;8506;0;0;0;0;0;0
83400;4210;52000;417559;17205;0;0;0;0;0;0
83450;4180;-60000;417647;1764;0;0;0;0;0;0
83500;4146;-68000;417038;-12189;0;0;0;0;0;0
83550;4178;64000;417190;3049;0;0;0;0;0;0
83600;4082;-192000;415392;-35961;0;0;0;0;0;0
83650;4098;32000;414274;-22369;0;0;0;0;0;0
83700;4142;88000;414259;-295;0;0;0;0;0;0
83750;4180;76000;415007;14964;0;0;0;0;0;0
83800;4100;-160000;414006;-20028;0;0;0;0;0;0
83850;4080;-40000;412805;-24023;0;0;0;0;0;0
83900;4078;-4000;411804;-20019;0;0;0;0;0;0
83950;4010;-136000;409643;-43215;0;0;0;0;0;0
84000;4104;188000;409794;3028;0;0;0;0;0;0
84050;4158;108000;410995;24022;0;0;0;0;0;0
84100;4110;-96000;410996;19;0;0;0;0;0;0
84150;4076;-68000;410317;-13586;0;0;0;0;0;0
84200;4140;128000;411054;14731;0;0;0;0;0;0
84250;4072;-136000;410283;-15415;0;0;0;0;0;0
84300;4106;68000;410346;1269;0;0;0;0;0;0
84350;4094;-24000;410157;-3785;0;0;0;0;0;0
84400;4004;-180000;408206;-39028;0;0;0;0;0;0
84450;4074;140000;408045;-3223;0;0;0;0;0;0
84500;4082;16000;408076;622;0;0;0;0;0;0
84550;4132;100000;409101;20498;0;0;0;0;0;0
84600;4090;-84000;409080;-402;0;0;0;0;0;0
84650;4050;-80000;408264;-16322;0;0;0;0;0;0
84700;4114;128000;408891;12542;0;0;0;0;0;0
84750;4066;-96000;408433;-9166;0;0;0;0;0;0
84800;4064;-4000;408027;-8133;0;0;0;0;0;0
84850;3988;-152000;406181;-36906;0;0;0;0;0;0
84900;4020;64000;405345;-16725;0;0;0;0;0;0
84950;4008;-24000;404436;-18180;0;0;0;0;0;0
85000;3940;-136000;402349;-41744;0;0;0;0;0;0
85050;3940;0;400679;-33395;0;0;0;0;0;0
85100;4090;300000;402343;33284;0;0;0;0;0;0
85150;3996;-188000;401795;-10973;0;0;0;0;0;0
85200;4052;112000;402476;13622;0;0;0;0;0;0
85250;4010;-84000;402181;-5903;0;0;0;0;0;0
85300;4016;12000;402064;-2322;0;0;0;0;0;0
85350;3964;-104000;400932;-22658;0;0;0;0;0;0
85400;3934;-60000;399425;-30126;0;0;0;0;0;0
85450;3840;-188000;396340;-61701;0;0;0;0;0;0
85500;3784;-112000;392752;-71761;0;0;0;0;0;0
85550;3804;40000;390282;-49409;0;0;0;0;0;0
85600;3888;168000;389985;-5927;0;0;0;0;0;0
85650;4048;320000;392948;59258;0;0;0;0;0;0
85700;4074;52000;395839;57807;0;0;0;0;0;0
85750;4086;24000;398391;51045;0;0;0;0;0;0
85800;3954;-264000;397793;-11963;0;0;0;0;0;0
85850;3984;60000;397914;2429;0;0;0;0;0;0
85900;4032;96000;398971;21143;0;0;0;0;0;0
85950;3976;-112000;398697;-5485;0;0;0;0;0;0
86000;3982;12000;398598;-1988;0;0;0;0;0;0
86050;4016;68000;399198;12009;0;0;0;0;0;0
86100;3906;-220000;397478;-34393;0;0;0;0;0;0
86150;3950;88000;396983;-9914;0;0;0;0;0;0
86200;3932;-36000;396226;-15131;0;0;0;0;0;0
86250;3900;-64000;394981;-24905;0;0;0;0;0;0
86300;3946;92000;394905;-1524;0;0;0;0;0;0
86350;3878;-136000;393484;-28419;0;0;0;0;0;0
86400;3898;40000;392747;-14735;0;0;0;0;0;0
86450;3892;-12000;392038;-14188;0;0;0;0;0;0
86500;3922;60000;392070;649;0;0;0;0;0;0
86550;3902;-40000;391696;-7480;0;0;0;0;0;0
86600;3906;8000;391477;-4384;0;0;0;0;0;0
86650;3872;-68000;390621;-17107;0;0;0;0;0;0
86700;3780;-184000;388097;-50486;0;0;0;0;0;0
86750;3788;16000;386238;-37189;0;0;0;0;0;0
86800;3796;16000;384910;-26551;0;0;0;0;0;0
86850;3864;136000;385208;5959;0;0;0;0;0;0
86900;3722;-284000;382607;-52033;0;0;0;0;0;0
86950;3734;24000;380765;-36826;0;0;0;0;0;0
87000;3796;124000;380532;-4661;0;0;0;0;0;0
87050;3856;120000;381546;20271;0;0;0;0;0;0
87100;3874;36000;382717;23417;0;0;0;0;0;0
87150;3774;-200000;381653;-21267;0;0;0;0;0;0
87200;3850;152000;382323;13387;0;0;0;0;0;0
87250;3914;128000;384138;36310;0;0;0;0;0;0
87300;3872;-84000;384750;12248;0;0;0;0;0;0
87350;3866;-12000;385120;7398;0;0;0;0;0;0
87400;3826;-80000;384616;-10082;0;0;0;0;0;0
87450;3906;160000;385813;23935;0;0;0;0;0;0
87500;3780;-252000;384250;-31252;0;0;0;0;0;0
87550;3824;88000;383880;-7402;0;0;0;0;0;0
87600;3834;20000;383784;-1921;0;0;0;0;0;0
87650;3784;-100000;382707;-21537;0;0;0;0;0;0
87700;3760;-48000;381366;-26830;0;0;0;0;0;0
87750;3734;-52000;379773;-31864;0;0;0;0;0;0
87800;3736;4000;378538;-24691;0;0;0;0;0;0
87850;3770;68000;378231;-6153;0;0;0;0;0;0
87900;3802;64000;378624;7878;0;0;0;0;0;0
87950;3810;16000;379100;9502;0;0;0;0;0;0
88000;3768;-84000;378640;-9198;0;0;0;0;0;0
88050;3766;-4000;378232;-8159;0;0;0;0;0;0
88100;3692;-148000;376425;-36127;0;0;0;0;0;0
88150;3726;68000;375660;-15301;0;0;0;0;0;0
88200;3794;136000;376408;14959;0;0;0;0;0;0
88250;3794;0;377007;11967;0;0;0;0;0;0
88300;3552;-484000;372645;-87227;0;0;0;0;0;0
88350;3702;300000;372156;-9781;0;0;0;0;0;0
88400;3724;44000;372205;975;0;0;0;0;0;0
88450;3750;52000;372764;11180;0;0;0;0;0;0
88500;3752;4000;373251;9744;0;0;0;0;0;0
88550;3722;-60000;373041;-4205;0;0;0;0;0;0
88600;3776;108000;373953;18236;0;0;0;0;0;0
88650;3702;-148000;373202;-15011;0;0;0;0;0;0
88700;3738;72000;373322;2391;0;0;0;0;0;0
88750;3692;-92000;372497;-16487;0;0;0;0;0;0
88800;3754;124000;373078;11610;0;0;0;0;0;0
88850;3580;-348000;370062;-60312;0;0;0;0;0;0
88900;3524;-112000;366530;-70649;0;0;0;0;0;0
88950;3494;-60000;363104;-68520;0;0;0;0;0;0
89000;3572;156000;361923;-23616;0;0;0;0;0;0
89050;3686;228000;363258;26708;0;0;0;0;0;0
89100;3776;180000;366127;57366;0;0;0;0;0;0
89150;3656;-240000;366021;-2107;0;0;0;0;0;0
89200;3738;164000;367577;31114;0;0;0;0;0;0
89250;3690;-96000;367862;5691;0;0;0;0;0;0
89300;3744;108000;369169;26153;0;0;0;0;0;0
89350;3650;-188000;368335;-16678;0;0;0;0;0;0
89400;3690;80000;368468;2658;0;0;0;0;0;0
89450;3678;-24000;368335;-2674;0;0;0;0;0;0
89500;3660;-36000;367868;-9339;0;0;0;0;0;0
89550;3606;-108000;366414;-29071;0;0;0;0;0;0
89600;3576;-60000;364651;-35257;0;0;0;0;0;0
89650;3606;60000;363841;-16206;0;0;0;0;0;0
89700;3548;-116000;362033;-36165;0;0;0;0;0;0
89750;3662;228000;362866;16668;0;0;0;0;0;0
89800;3616;-92000;362613;-5065;0;0;0;0;0;0
89850;3646;60000;363010;7948;0;0;0;0;0;0
89900;3658;24000;363568;11158;0;0;0;0;0;0
89950;3612;-92000;363095;-9473;0;0;0;0;0;0
90000;3644;64000;363356;5221;0;0;0;0;0;0
90050;3594;-100000;362565;-15823;0;0;0;0;0;0
90100;3568;-52000;361412;-23059;0;0;0;0;0;0
90150;3616;96000;361449;753;0;0;0;0;0;0
90200;3614;-4000;361439;-197;0;0;0;0;0;0
90250;3586;-56000;360872;-11358;0;0;0;0;0;0
90300;3602;32000;360737;-2687;0;0;0;0;0;0
90350;3612;20000;360830;1851;0;0;0;0;0;0
90400;3512;-200000;358904;-38519;0;0;0;0;0;0
90450;3476;-72000;356643;-45215;0;0;0;0;0;0
90500;3606;260000;357434;15828;0;0;0;0;0;0
90550;3592;-28000;357788;7062;0;0;0;0;0;0
90600;3588;-8000;357990;4050;0;0;0;0;0;0
90650;3580;-16000;357992;40;0;0;0;0;0;0
90700;3420;-320000;354794;-63968;0;0;0;0;0;0
90750;3536;232000;354555;-4774;0;0;0;0;0;0
90800;3534;-4000;354324;-4620;0;0;0;0;0;0
90850;3534;0;354139;-3696;0;0;0;0;0;0
90900;3524;-20000;353791;-6957;0;0;0;0;0;0
90950;3564;80000;354313;10435;0;0;0;0;0;0
91000;3536;-56000;354170;-2852;0;0;0;0;0;0
91050;3540;8000;354136;-682;0;0;0;0;0;0
91100;3538;-4000;354069;-1345;0;0;0;0;0;0
91150;3490;-96000;353055;-20276;0;0;0;0;0;0
91200;3560;140000;353644;11779;0;0;0;0;0;0
91250;3468;-184000;352275;-27377;0;0;0;0;0;0
91300;3412;-112000;350060;-44301;0;0;0;0;0;0
91350;3358;-108000;347208;-57041;0;0;0;0;0;0
91400;3382;48000;345407;-36033;0;0;0;0;0;0
91450;3490;216000;346125;14374;0;0;0;0;0;0
91500;3528;76000;347460;26699;0;0;0;0;0;0
91550;3540;24000;348768;26159;0;0;0;0;0;0
91600;3418;-244000;347375;-27873;0;0;0;0;0;0
91650;3416;-4000;346220;-23098;0;0;0;0;0;0
91700;3332;-168000;343616;-52079;0;0;0;0;0;0
91750;3350;36000;341893;-34463;0;0;0;0;0;0
91800;3496;292000;343434;30830;0;0;0;0;0;0
91850;3486;-20000;344467;20664;0;0;0;0;0;0
91900;3466;-40000;344894;8531;0;0;0;0;0;0
91950;3504;76000;345995;22025;0;0;0;0;0;0
92000;3476;-56000;346316;6420;0;0;0;0;0;0
92050;3322;-308000;343493;-56464;0;0;0;0;0;0
92100;3304;-36000;340874;-52371;0;0;0;0;0;0
92150;3346;84000;339619;-25097;0;0;0;0;0;0
92200;3460;228000;340896;25522;0;0;0;0;0;0
92250;3506;92000;342836;38818;0;0;0;0;0;0
92300;3492;-28000;344109;25454;0;0;0;0;0;0
92350;3436;-112000;344007;-2037;0;0;0;0;0;0
92400;3398;-76000;343166;-16829;0;0;0;0;0;0
92450;3438;80000;343293;2537;0;0;0;0;0;0
92500;3400;-76000;342634;-13171;0;0;0;0;0;0
92550;3354;-92000;341187;-28937;0;0;0;0;0;0
92600;3404;100000;341030;-3149;0;0;0;0;0;0
92650;3414;20000;341104;1480;0;0;0;0;0;0
92700;3348;-132000;339843;-25215;0;0;0;0;0;0
92750;3440;184000;340674;16627;0;0;0;0;0;0
92800;3378;-124000;340100;-11498;0;0;0;0;0;0
92850;3252;-252000;337120;-59598;0;0;0;0;0;0
92900;3268;32000;335056;-41279;0;0;0;0;0;0
92950;3288;40000;333805;-25023;0;0;0;0;0;0
93000;3402;228000;335084;25582;0;0;0;0;0;0
93050;3372;-60000;335507;8465;0;0;0;0;0;0
93100;3454;164000;337486;39572;0;0;0;0;0;0
93150;3194;-520000;333868;-72342;0;0;0;0;0;0
93200;3304;220000;333175;-13874;0;0;0;0;0;0
93250;3320;32000;332940;-4699;0;0;0;0;0;0
93300;3362;84000;333592;13041;0;0;0;0;0;0
93350;3368;12000;334233;12833;0;0;0;0;0;0
93400;3386;36000;335107;17466;0;0;0;0;0;0
93450;3314;-144000;334365;-14827;0;0;0;0;0;0
93500;3332;36000;334132;-4662;0;0;0;0;0;0
93550;3336;8000;334026;-2129;0;0;0;0;0;0
93600;3312;-48000;333461;-11304;0;0;0;0;0;0
93650;0;-662400;266769;-133384;0;0;0;0;0;0
